-- phpMyAdmin SQL Dump
-- version 2.11.11.3
-- http://www.phpmyadmin.net
--
-- Host: localhost
-- Generation Time: Nov 07, 2016 at 10:08 AM
-- Server version: 5.5.47
-- PHP Version: 5.6.22

SET SQL_MODE="NO_AUTO_VALUE_ON_ZERO";


/*!40101 SET @OLD_CHARACTER_SET_CLIENT=@@CHARACTER_SET_CLIENT */;
/*!40101 SET @OLD_CHARACTER_SET_RESULTS=@@CHARACTER_SET_RESULTS */;
/*!40101 SET @OLD_COLLATION_CONNECTION=@@COLLATION_CONNECTION */;
/*!40101 SET NAMES utf8 */;

--
-- Database: `landlord_new_db`
--

-- --------------------------------------------------------

--
-- Table structure for table `achievements`
--

CREATE TABLE IF NOT EXISTS `achievements` (
  `id` bigint(20) NOT NULL AUTO_INCREMENT,
  `id_responsible` bigint(10) NOT NULL COMMENT 'Ответственный сотрудник',
  `nomination` varchar(30) COLLATE utf8_unicode_ci NOT NULL COMMENT 'Номинация',
  `founder` varchar(30) COLLATE utf8_unicode_ci NOT NULL COMMENT 'Учредитель',
  `description` text CHARACTER SET utf8 COMMENT 'Описание',
  `date_from` timestamp NULL DEFAULT NULL COMMENT 'Дата начала события',
  `date_to` timestamp NULL DEFAULT NULL COMMENT 'Дата окончания события',
  `is_resulted` tinyint(1) NOT NULL COMMENT 'Подведен ли итог?',
  `photo` varchar(255) COLLATE utf8_unicode_ci DEFAULT NULL COMMENT 'Изображение',
  `to_news` tinyint(1) NOT NULL COMMENT 'Публиковать на главной',
  `notify_all` tinyint(1) NOT NULL COMMENT 'Оповестить всех',
  `created_at` timestamp NULL DEFAULT NULL,
  `updated_at` timestamp NULL DEFAULT NULL,
  PRIMARY KEY (`id`),
  KEY `id_responsible` (`id_responsible`)
) ENGINE=InnoDB DEFAULT CHARSET=utf8 COLLATE=utf8_unicode_ci AUTO_INCREMENT=1 ;

--
-- Dumping data for table `achievements`
--


-- --------------------------------------------------------

--
-- Table structure for table `address`
--

CREATE TABLE IF NOT EXISTS `address` (
  `id` bigint(10) NOT NULL AUTO_INCREMENT,
  `id_administrative_district` bigint(10) DEFAULT NULL COMMENT 'Официальное название района',
  `street` varchar(50) NOT NULL COMMENT 'Улица',
  `street_promotion` varchar(50) DEFAULT NULL COMMENT 'Улица (для рекламы)',
  `house` varchar(25) NOT NULL COMMENT 'Номер дома',
  `house_promotion` varchar(25) DEFAULT NULL COMMENT 'Номер дома (нужно для рекламы)',
  `corps` varchar(25) DEFAULT NULL COMMENT 'Номер корпуса',
  `apartment` varchar(25) DEFAULT NULL COMMENT 'Номер квартиры',
  `longitude` double NOT NULL COMMENT 'Долгота',
  `latitude` double NOT NULL COMMENT 'Широта',
  `id_district` bigint(10) NOT NULL COMMENT 'Объект района',
  PRIMARY KEY (`id`),
  KEY `id_district` (`id_district`),
  KEY `id_administrative_district` (`id_administrative_district`)
) ENGINE=InnoDB  DEFAULT CHARSET=utf8 COMMENT='Адрес объекта недвижимости' AUTO_INCREMENT=374 ;

--
-- Dumping data for table `address`
--

INSERT INTO `address` (`id`, `id_administrative_district`, `street`, `street_promotion`, `house`, `house_promotion`, `corps`, `apartment`, `longitude`, `latitude`, `id_district`) VALUES
(31, 1, 'Ворошиловский6', NULL, '2', NULL, '', '14', 60.056635, 56.750048, 135),
(32, 4, '2-я Степная', NULL, '45', NULL, '65', NULL, 45.906256, 51.604284, 132),
(33, 7, 'Кавказская', NULL, '78', NULL, '98', NULL, 36.176208, 51.763199, 135),
(34, 5, 'Большая Садовая', NULL, '10', NULL, '', '19', 69.451782, 56.111559, 132),
(35, 5, 'Улица', NULL, '10', NULL, '', '19', 39.168999, 51.741254, 150),
(36, 1, 'Улица', NULL, '7', NULL, '', '19', 50, 40, 132),
(37, 2, 'Улица', NULL, '19', NULL, '', '19', 50, 40, 132),
(38, 7, 'рпк', NULL, '19', NULL, '', NULL, 60.056635, 56.750048, 132),
(39, 3, 'Ворошиловский', NULL, '2', NULL, '', NULL, 60.056635, 56.750048, 132),
(40, 5, 'Мичурина', NULL, '16', NULL, '', '60', 46.008816, 51.530604, 137),
(41, 8, 'Соколова', NULL, '80', NULL, '', '5', 36.633324, 50.599708, 16),
(42, 1, 'Фывфыв', NULL, '12', NULL, '21', '12', 50, 40, 132),
(43, 1, 'Зорге', NULL, '1', NULL, '1', '10', 65.31327, 55.433588, 132),
(44, 1, 'Зеленая', NULL, '1', NULL, '1', '10', 41, 57, 132),
(45, 1, 'Зеленая', NULL, '1', NULL, '1', '1', 41.003457, 57.772867, 132),
(46, 1, 'Зеленая', NULL, '1', NULL, '1', NULL, 41.056635, 57.750048, 132),
(47, 1, 'Зеленая', NULL, '1', NULL, '1', NULL, 41.003457, 57.772867, 132),
(48, 1, 'Зеленая', NULL, '1', NULL, '1', NULL, 41.003457, 57.772867, 132),
(49, 1, 'Зеленая', NULL, '1', NULL, '1', NULL, 41.003457, 57.772867, 132),
(50, 1, 'Зеленая', NULL, '1', NULL, '1', NULL, 41.003457, 57.772867, 132),
(51, 1, 'Беляева', NULL, '7', NULL, '1', '5', 44.994295, 53.226972, 107),
(52, 1, 'Волкова', NULL, '5', NULL, '', '6', 39.710395, 47.28315, 96),
(53, 1, 'Зеленая', NULL, '1', NULL, '1', '1', 50, 40, 132),
(54, 1, 'Зеленая', NULL, '1', NULL, '1', '1', 39.797837, 47.257366, 132),
(55, 1, 'Зеленая', NULL, '1', NULL, '1', '1', 39.718705, 47.222531, 132),
(62, 1, 'Wsdadas', NULL, '12', NULL, 'a', '2', 54, 45, 1),
(63, 1, 'Wsdadas', NULL, '12', NULL, 'a', '2', 54, 45, 1),
(64, 1, 'Wsdadas', NULL, '12', NULL, 'a', '2', 54, 45, 1),
(65, 1, 'Wsdadas', NULL, '12', NULL, 'a', '2', 54, 45, 1),
(66, 1, 'Wsdadas', NULL, '12', NULL, 'a', '2', 54, 45, 1),
(67, 1, 'Wsdadas', NULL, '12', NULL, 'a', '2', 54, 45, 1),
(68, 1, 'Wsdadas', NULL, '12', NULL, 'a', '2', 54, 45, 1),
(69, 1, 'Wsdadas', NULL, '12', NULL, 'a', '2', 54, 45, 1),
(70, 1, 'Wsdadas', NULL, '12', NULL, 'a', '2', 54, 45, 1),
(71, 1, 'Wsdadas', NULL, '12', NULL, 'a', '2', 54, 45, 1),
(72, 1, 'Wsdadas', NULL, '12', NULL, 'a', '2', 54, 45, 1),
(73, 1, 'Wsdadas', NULL, '12', NULL, 'a', '2', 54, 45, 1),
(74, 1, 'Wsdadas', NULL, '12', NULL, 'a', '2', 54, 45, 1),
(75, 1, 'Wsdadas', NULL, '12', NULL, 'a', '2', 54, 45, 1),
(76, 1, 'Wsdadas', NULL, '12', NULL, 'a', '2', 54, 45, 1),
(77, 1, 'Wsdadas', NULL, '12', NULL, 'a', '2', 54, 45, 1),
(78, 1, 'Wsdadas', NULL, '12', NULL, 'a', '2', 54, 45, 1),
(79, 1, 'Wsdadas', NULL, '12', NULL, 'a', '2', 54, 45, 1),
(80, 1, 'Wsdadas', NULL, '12', NULL, 'a', '2', 54, 45, 1),
(85, 1, 'Wsdadas', NULL, '12', NULL, 'a', '2', 54, 45, 1),
(88, 1, 'Wdasasd', NULL, '12', NULL, '12', '', 55, 45, 4),
(89, 1, 'Wdasasd', NULL, '12', NULL, '12', '', 55, 45, 1),
(90, 1, 'Wdasasd', NULL, '12', NULL, '12', '', 55, 45, 1),
(91, 1, 'Wdasasd', NULL, '12', NULL, '12', '', 55, 45, 1),
(92, 1, 'Wdasasd', NULL, '12', NULL, '12', '', 55, 45, 1),
(93, 1, 'Wdasasd', NULL, '12', NULL, '12', '', 55, 45, 6),
(94, 1, 'Wdasasd', NULL, '12', NULL, '12', '', 55, 45, 6),
(95, 3, 'Wdasasd', NULL, '12', NULL, '12', '', 55, 45, 6),
(96, 3, 'Wdasasd', NULL, '12', NULL, '12', '', 55, 45, 6),
(97, 1, '', NULL, '', NULL, '', '', 55, 45, 1),
(98, 1, '', NULL, '', NULL, '', '', 55, 45, 1),
(99, 1, '', NULL, '', NULL, '', '', 55, 45, 1),
(100, 1, '', NULL, '', NULL, '', '', 55, 45, 1),
(101, 1, '', NULL, '', NULL, '', '', 55, 45, 1),
(102, 1, '', NULL, '', NULL, '', '', 55, 45, 1),
(103, 1, '', NULL, '', NULL, '', '', 55, 45, 1),
(104, 1, '', NULL, '', NULL, '', '', 55, 45, 1),
(105, 1, '', NULL, '', NULL, '', '', 55, 45, 1),
(106, 1, '', NULL, '', NULL, '', '', 55, 45, 1),
(107, 1, '', NULL, '', NULL, '', '', 55, 45, 1),
(108, 1, '', NULL, '', NULL, '', '', 55, 45, 1),
(109, 1, '', NULL, '', NULL, '', '', 55, 45, 1),
(110, 1, '', NULL, '', NULL, '', '', 55, 45, 1),
(111, 1, '', NULL, '', NULL, '', '', 55, 45, 1),
(112, 1, '', NULL, '', NULL, '', '', 55, 45, 1),
(113, 1, '', NULL, '', NULL, '', '', 55, 45, 1),
(114, 1, '', NULL, '', NULL, '', '', 55, 45, 1),
(115, 1, '', NULL, '', NULL, '', '', 55, 45, 1),
(116, 1, '', NULL, '', NULL, '', '', 55, 45, 1),
(117, 3, 'Wsdadas', NULL, '12', NULL, 'a', '2', 54, 45, 1),
(118, 3, 'Wsdadas', NULL, '12', NULL, 'a', '2', 54, 45, 1),
(119, 3, 'Wsdadas', NULL, '12', NULL, 'a', '2', 54, 45, 1),
(120, 1, '', NULL, '', NULL, '', '', 55, 45, 1),
(121, 1, '', NULL, '', NULL, '', '', 55, 45, 1),
(122, 1, '', NULL, '', NULL, '', '', 55, 45, 1),
(123, 1, '', NULL, '', NULL, '', '', 55, 45, 1),
(124, 1, '', NULL, '', NULL, '', '', 55, 45, 1),
(125, 1, '', NULL, '', NULL, '', '', 55, 45, 1),
(126, 1, '', NULL, '', NULL, '', '', 55, 45, 1),
(127, 1, '', NULL, '', NULL, '', '', 55, 45, 1),
(128, 1, '', NULL, '', NULL, '', '', 55, 45, 1),
(129, 1, '', NULL, '', NULL, '', '', 55, 45, 1),
(130, 1, '', NULL, '', NULL, '', '', 55, 45, 1),
(131, 1, '', NULL, '', NULL, '', '', 55, 45, 1),
(132, 1, '', NULL, '', NULL, '', '', 55, 45, 1),
(133, 1, '', NULL, '', NULL, '', '', 55, 45, 1),
(134, 1, '', NULL, '', NULL, '', '', 55, 45, 1),
(135, 1, '', NULL, '', NULL, '', '', 55, 45, 1),
(136, 1, '', NULL, '', NULL, '', '', 55, 45, 1),
(137, 1, '', NULL, '', NULL, '', '', 55, 45, 1),
(138, 1, '', NULL, '', NULL, '', '', 55, 45, 1),
(139, 1, '', NULL, '', NULL, '', '', 55, 45, 1),
(140, 1, '', NULL, '', NULL, '', '', 55, 45, 1),
(141, 1, '', NULL, '', NULL, '', '', 55, 45, 1),
(142, 1, '', NULL, '', NULL, '', '', 55, 45, 1),
(143, 1, '', NULL, '', NULL, '', '', 55, 45, 1),
(144, 1, '', NULL, '', NULL, '', '', 55, 45, 1),
(145, 1, '', NULL, '', NULL, '', '', 55, 45, 1),
(146, 1, '', NULL, '', NULL, '', '', 55, 45, 1),
(147, 1, '', NULL, '', NULL, '', '', 55, 45, 1),
(148, 1, '', NULL, '', NULL, '', '', 55, 45, 1),
(149, 1, '', NULL, '', NULL, '', '', 55, 45, 1),
(150, 1, '', NULL, '', NULL, '', '', 55, 45, 1),
(151, 1, '', NULL, '', NULL, '', '', 55, 45, 1),
(152, 1, '', NULL, '', NULL, '', '', 55, 45, 1),
(153, 1, '', NULL, '', NULL, '', '', 55, 45, 1),
(154, 1, '', NULL, '', NULL, '', '', 55, 45, 1),
(155, 1, '', NULL, '', NULL, '', '', 55, 45, 1),
(156, 1, '', NULL, '', NULL, '', '', 55, 45, 1),
(157, 1, '', NULL, '', NULL, '', '', 55, 45, 1),
(158, 1, '', NULL, '', NULL, '', '', 55, 45, 1),
(159, 1, '', NULL, '', NULL, '', '', 55, 45, 1),
(160, 1, '', NULL, '', NULL, '', '', 55, 45, 1),
(161, 1, '', NULL, '', NULL, '', '', 55, 45, 1),
(162, 1, '', NULL, '', NULL, '', '', 55, 45, 1),
(163, 1, '', NULL, '', NULL, '', '', 55, 45, 1),
(164, 1, '', NULL, '', NULL, '', '', 55, 45, 1),
(165, 1, '', NULL, '', NULL, '', '', 55, 45, 1),
(166, 1, '', NULL, '', NULL, '', '', 55, 45, 1),
(167, 1, '', NULL, '', NULL, '', '', 55, 45, 1),
(168, 1, '', NULL, '', NULL, '', '', 55, 45, 1),
(169, 1, '', NULL, '', NULL, '', '', 55, 45, 1),
(170, 1, '', NULL, '', NULL, '', '', 55, 45, 1),
(171, 1, '', NULL, '', NULL, '', '', 55, 45, 1),
(172, 1, '', NULL, '', NULL, '', '', 55, 45, 1),
(173, 3, 'Wsdadas', NULL, '12', NULL, 'a', '2', 54, 45, 1),
(174, 3, 'Wsdadas', NULL, '12', NULL, 'a', '2', 54, 45, 1),
(175, 3, 'Wsdadas', NULL, '12', NULL, 'a', '2', 54, 45, 1),
(176, 3, 'Wsdadas', NULL, '12', NULL, 'a', '2', 54, 45, 1),
(177, 1, 'Sadassd', NULL, '', NULL, '', '', 55, 45, 1),
(178, 1, 'Sadassd', NULL, '', NULL, '', '', 55, 45, 1),
(179, 1, 'Sadad', NULL, '1', NULL, '1', '1', 55, 45, 1),
(180, 1, 'Sadad', NULL, '1', NULL, '1', '1', 55, 45, 1),
(181, 3, 'Wsdadas', NULL, '12', NULL, 'a', '2', 54, 45, 1),
(182, 3, 'Wsdadas', NULL, '12', NULL, 'a', '2', 54, 45, 1),
(183, 3, 'Wsdadas', NULL, '12', NULL, 'a', '2', 54, 45, 1),
(184, 3, 'Wsdadas', NULL, '12', NULL, 'a', '2', 54, 45, 1),
(185, 3, 'Wsdadas', NULL, '12', NULL, 'a', '2', 54, 45, 1),
(186, 3, 'Wsdadas', NULL, '12', NULL, 'a', '2', 54, 45, 1),
(187, 3, 'Wsdadas', NULL, '12', NULL, 'a', '2', 54, 45, 1),
(188, 3, 'Wsdadas', NULL, '12', NULL, 'a', '2', 54, 45, 1),
(189, 1, 'Sadasdasd', NULL, '21', NULL, '12', '12', 55, 45, 1),
(190, 1, 'Sadasdasd', NULL, '21', NULL, '12', '12', 55, 45, 1),
(191, 1, 'Sadasdasd', NULL, '21', NULL, '12', '12', 55, 45, 1),
(192, 1, 'Sadasdasd', NULL, '21', NULL, '12', '12', 55, 45, 1),
(193, 1, 'Sadasdasd', NULL, '21', NULL, '12', '12', 55, 45, 1),
(194, 1, 'Sadasdasd', NULL, '21', NULL, '12', '12', 55, 45, 1),
(195, 1, 'Sadasdasd', NULL, '21', NULL, '12', '12', 55, 45, 1),
(196, 1, 'Sadasdasd', NULL, '21', NULL, '12', '12', 55, 45, 1),
(197, 1, 'Sadasdasd', NULL, '21', NULL, '12', '12', 55, 45, 1),
(198, 1, 'Sadasdasd', NULL, '21', NULL, '12', '12', 55, 45, 1),
(199, 1, 'Sadasdasd', NULL, '21', NULL, '12', '12', 55, 45, 1),
(200, 1, 'Sadasdasd', NULL, '21', NULL, '12', '12', 55, 45, 1),
(201, 1, 'Sadasdasd', NULL, '21', NULL, '12', '12', 55, 45, 1),
(202, 1, 'Sadasdasd', NULL, '21', NULL, '12', '12', 55, 45, 1),
(203, 1, 'Sadasdasd', NULL, '21', NULL, '12', '12', 55, 45, 1),
(204, 1, 'Asdasdas', NULL, '12', NULL, '12', '12', 55, 45, 1),
(205, 1, 'Asdasdas', NULL, '12', NULL, '12', '12', 55, 45, 1),
(206, 1, 'Asdasdas', NULL, '12', NULL, '12', '12', 55, 45, 1),
(207, 1, 'Asdasdas', NULL, '12', NULL, '12', '12', 55, 45, 1),
(208, 1, 'Asdasdas', NULL, '12', NULL, '12', '12', 55, 45, 1),
(209, NULL, 'Мичурина', NULL, '16', NULL, '', '20', 50, 40, 181),
(210, 1, 'Saddas', NULL, '12', NULL, '12', '12', 55, 45, 1),
(211, 1, 'Asdasda', NULL, '1', NULL, '1', '1', 55, 45, 1),
(212, 1, 'Asdasda', NULL, '1', NULL, '1', '1', 55, 45, 1),
(213, 1, 'Asdasda', NULL, '1', NULL, '1', '1', 55, 45, 1),
(214, 1, 'Asdasda', NULL, '1', NULL, '1', '1', 55, 45, 1),
(215, 1, 'Asdasda', NULL, '1', NULL, '1', '1', 55, 45, 1),
(216, 1, 'Asdasda', NULL, '1', NULL, '1', '1', 55, 45, 1),
(217, 1, 'Asdasda', NULL, '1', NULL, '1', '1', 55, 45, 1),
(218, 1, 'Asdasda', NULL, '1', NULL, '1', '1', 55, 45, 1),
(219, 1, 'Asdasda', NULL, '1', NULL, '1', '1', 55, 45, 1),
(220, 1, 'Jffffgggggggg', NULL, '1', NULL, '1', '1', 55, 45, 1),
(221, 1, 'Jffffgggggggg', NULL, '1', NULL, '1', '1', 55, 45, 1),
(222, 3, 'Wsdadas', NULL, '12', NULL, 'a', '2', 54, 45, 1),
(223, 3, 'Wsdadas', NULL, '12', NULL, 'a', '2', 54, 45, 1),
(224, 3, 'Wsdadas', NULL, '12', NULL, 'a', '2', 54, 45, 1),
(225, 3, 'Wsdadas', NULL, '12', NULL, 'a', '2', 54, 45, 1),
(226, 3, 'Wsdadas', NULL, '12', NULL, 'a', '2', 54, 45, 1),
(227, 3, 'Wsdadas', NULL, '12', NULL, 'a', '2', 54, 45, 1),
(228, 1, 'Jffffgggggggg', NULL, '1', NULL, '1', '1', 55, 45, 1),
(229, 1, 'Jffffgggggggg', NULL, '1', NULL, '11', '1', 55, 45, 1),
(230, 1, 'Jffffgggggggg', NULL, '11', NULL, '11', '11', 55, 45, 1),
(231, 3, 'Wsdadas', NULL, '12', NULL, 'a', '2', 54, 45, 1),
(232, 3, 'Wsdadas', NULL, '12', NULL, 'a', '2', 54, 45, 1),
(233, 3, 'Wsdadas', NULL, '12', NULL, 'a', '2', 54, 45, 1),
(234, 3, 'Wsdadas', NULL, '12', NULL, 'a', '2', 54, 45, 1),
(235, 3, 'Wsdadas', NULL, '12', NULL, 'a', '2', 54, 45, 1),
(236, 1, 'Jffffgggggggg', NULL, '11', NULL, '11', '11', 55, 45, 1),
(237, 1, 'Jffffgggggggg', NULL, '11', NULL, '11', '11', 55, 45, 1),
(238, 1, 'Streeet', NULL, '144', NULL, '12', '14', 55, 45, 1),
(239, 1, 'Asdasdasd', NULL, '1', NULL, '1', '1', 55, 45, 1),
(240, 1, 'Asdadas', NULL, '1', NULL, '1', '1', 55, 45, 1),
(241, 1, 'Dadadasdasdasd', NULL, '1', NULL, '1', '1', 55, 45, 1),
(242, 3, 'Wsdadas', NULL, '12', NULL, 'a', '2', 54, 45, 1),
(243, 1, '', NULL, '', NULL, '', '', 55, 45, 1),
(244, 1, 'Ssadassadas', NULL, '1', NULL, '1', '1', 55, 45, 1),
(245, 1, 'Ssadassadas', NULL, '1', NULL, '1', '1', 55, 45, 1),
(246, 1, 'Ssadassadas', NULL, '1', NULL, '1', '1', 55, 45, 1),
(247, 1, 'Ssadassadas', NULL, '1', NULL, '1', '1', 55, 45, 1),
(248, 1, 'Ssadassadas', NULL, '1', NULL, '1', '1', 55, 45, 1),
(249, 1, 'Ssadassadas', NULL, '1', NULL, '1', '1', 55, 45, 1),
(250, 1, 'Ssadassadas', NULL, '1', NULL, '1', '1', 55, 45, 1),
(251, 1, 'Ssadassadas', NULL, '1', NULL, '1', '1', 55, 45, 1),
(252, 3, 'Wsdadas', NULL, '12', NULL, 'a', '2', 54, 45, 1),
(253, 3, 'Wsdadas', NULL, '12', NULL, 'a', '2', 54, 45, 1),
(254, 4, 'Черевичкина', NULL, '19', NULL, '', '12', 50, 40, 159),
(255, 3, 'Wsdadas', NULL, '12', NULL, 'a', '2', 54, 45, 1),
(256, 3, 'Wsdadas', NULL, '12', NULL, 'a', '2', 54, 45, 1),
(257, 1, 'Оне', NULL, '543', NULL, '', '354', 50, 40, 132),
(258, 3, 'Wsdadas', NULL, '12', NULL, 'a', '2', 54, 45, 1),
(259, 3, 'Wsdadas', NULL, '12', NULL, 'a', '2', 54, 45, 1),
(260, 3, 'Wsdadas', NULL, '12', NULL, 'a', '2', 54, 45, 1),
(261, 3, 'Wsdadas', NULL, '12', NULL, 'a', '2', 54, 45, 1),
(262, 3, 'Wsdadas', NULL, '12', NULL, 'a', '2', 54, 45, 1),
(263, 3, 'Wsdadas', NULL, '12', NULL, 'a', '2', 54, 45, 1),
(264, 3, 'Wsdadas', NULL, '12', NULL, 'a', '2', 54, 45, 1),
(265, 3, 'Wsdadas', NULL, '12', NULL, 'a', '2', 54, 45, 1),
(266, 3, 'Wsdadas', NULL, '12', NULL, 'a', '2', 54, 45, 1),
(267, 3, 'Wsdadas', NULL, '12', NULL, 'a', '2', 54, 45, 1),
(268, 3, 'Wsdadas', NULL, '12', NULL, 'a', '2', 54, 45, 1),
(269, 3, 'Wsdadas', NULL, '12', NULL, 'a', '2', 54, 45, 1),
(270, 3, 'Wsdadas', NULL, '12', NULL, 'a', '2', 54, 45, 1),
(271, 3, 'Wsdadas', NULL, '12', NULL, 'a', '2', 54, 45, 1),
(272, 3, 'Wsdadas', NULL, '12', NULL, 'a', '2', 54, 45, 1),
(273, 1, 'Gggggggggg', NULL, '1', NULL, '1', '1', 55, 45, 1),
(274, 3, 'Wsdadas', NULL, '12', NULL, 'a', '2', 54, 45, 1),
(275, 3, 'Wsdadas', NULL, '12', NULL, 'a', '2', 54, 45, 1),
(276, 3, 'Wsdadas', NULL, '12', NULL, 'a', '2', 54, 45, 1),
(277, 3, 'Wsdadas', NULL, '12', NULL, 'a', '2', 54, 45, 1),
(278, 3, 'Wsdadas', NULL, '12', NULL, 'a', '2', 54, 45, 1),
(279, 3, 'Wsdadas', NULL, '12', NULL, 'a', '2', 54, 45, 1),
(280, 3, 'Wsdadas', NULL, '12', NULL, 'a', '2', 54, 45, 1),
(281, 3, 'Wsdadas', NULL, '12', NULL, 'a', '2', 54, 45, 1),
(282, 3, 'Wsdadas', NULL, '12', NULL, 'a', '2', 54, 45, 1),
(283, 3, 'Wsdadas', NULL, '12', NULL, 'a', '2', 54, 45, 1),
(284, 3, 'Wsdadas', NULL, '12', NULL, 'a', '2', 54, 45, 1),
(285, 3, 'Wsdadas', NULL, '12', NULL, 'a', '2', 54, 45, 1),
(286, 3, 'Wsdadas', NULL, '12', NULL, 'a', '2', 54, 45, 1),
(287, 3, 'Wsdadas', NULL, '12', NULL, 'a', '2', 54, 45, 1),
(288, 3, 'Wsdadas', NULL, '12', NULL, 'a', '2', 54, 45, 1),
(289, 3, 'Wsdadas', NULL, '12', NULL, 'a', '2', 54, 45, 1),
(290, 3, 'Wsdadas', NULL, '12', NULL, 'a', '2', 54, 45, 1),
(291, 3, 'Wsdadas', NULL, '12', NULL, 'a', '2', 54, 45, 1),
(292, 3, 'Wsdadas', NULL, '12', NULL, 'a', '2', 54, 45, 1),
(293, 3, 'Wsdadas', NULL, '12', NULL, 'a', '2', 54, 45, 1),
(294, 3, 'Wsdadas', NULL, '12', NULL, 'a', '2', 54, 45, 1),
(295, 3, 'Wsdadas', NULL, '12', NULL, 'a', '2', 54, 45, 1),
(296, 3, 'Wsdadas', NULL, '12', NULL, 'a', '2', 54, 45, 1),
(297, 3, 'Wsdadas', NULL, '12', NULL, 'a', '2', 54, 45, 1),
(298, 3, 'Wsdadas', NULL, '12', NULL, 'a', '2', 54, 45, 1),
(299, 3, 'Wsdadas', NULL, '12', NULL, 'a', '2', 54, 45, 1),
(300, 3, 'Wsdadas', NULL, '12', NULL, 'a', '2', 54, 45, 1),
(301, 3, 'Wsdadas', NULL, '12', NULL, 'a', '2', 54, 45, 1),
(302, 3, 'Wsdadas', NULL, '12', NULL, 'a', '2', 54, 45, 1),
(303, 1, 'Улица Таганрогская', NULL, '19', NULL, '', '14', 50, 40, 132),
(304, 3, 'Wsdadas', NULL, '12', NULL, 'a', '2', 54, 45, 1),
(305, 3, 'Wsdadas', NULL, '12', NULL, 'a', '2', 54, 45, 1),
(306, 3, 'Wsdadas', NULL, '12', NULL, 'a', '2', 54, 45, 1),
(307, 1, 'Fffffffffff', NULL, '1', NULL, '1', '1', 1, 1, 1),
(308, 1, 'Зеленая', NULL, '1', NULL, '1', NULL, 50, 40, 132),
(309, 1, 'Зеленая', NULL, '1', NULL, '1', NULL, 50, 40, 132),
(310, 3, 'Wsdadas', NULL, '12', NULL, 'a', '2', 54, 45, 1),
(311, 3, 'Wsdadas', NULL, '12', NULL, 'a', '2', 54, 45, 1),
(312, 1, 'Fffffffffff', NULL, '1', NULL, '1', '1', 1, 1, 1),
(313, 1, 'Fffffffffff', NULL, '1', NULL, '1', '1', 1, 1, 1),
(314, 1, 'Fffffffffff', NULL, '1', NULL, '1', '1', 1, 1, 1),
(315, 1, 'Fffffffffff', NULL, '1', NULL, '1', '1', 1, 1, 1),
(316, 1, 'Fffffffffff', NULL, '1', NULL, '1', '1', 1, 1, 1),
(317, 3, 'Wsdadas', NULL, '12', NULL, 'a', '2', 54, 45, 1),
(318, 3, 'Wsdadas', NULL, '12', NULL, 'a', '2', 54, 45, 1),
(319, 3, 'Wsdadas', NULL, '12', NULL, 'a', '2', 54, 45, 1),
(320, 3, 'Wsdadas', NULL, '12', NULL, 'a', '2', 54, 45, 1),
(321, 3, 'Wsdadas', NULL, '12', NULL, 'a', '2', 54, 45, 1),
(322, 1, 'Ggggggg', NULL, '4', NULL, '1', NULL, 55, 45, 1),
(323, 1, 'Ggggggg', NULL, '4', NULL, '1', NULL, 55, 45, 1),
(324, 1, 'Ggggggg', NULL, '4', NULL, '1', NULL, 55, 45, 1),
(325, 1, 'Ggggggg', NULL, '4', NULL, '1', NULL, 55, 45, 1),
(326, 1, 'Ggggggg', NULL, '4', NULL, '1', NULL, 55, 45, 1),
(327, 1, 'Ggggggg', NULL, '4', NULL, '1', NULL, 55, 45, 1),
(328, 1, 'Ggggggg', NULL, '4', NULL, '1', NULL, 55, 45, 1),
(329, 1, 'Ggggggg', NULL, '4', NULL, '1', NULL, 55, 45, 1),
(330, 1, 'Ggggggg', NULL, '4', NULL, '1', NULL, 55, 45, 1),
(331, 1, 'Ggggggg', NULL, '4', NULL, '1', NULL, 55, 45, 1),
(332, 1, 'Ggggggg', NULL, '4', NULL, '1', NULL, 55, 45, 1),
(333, 1, 'Ggggggg', NULL, '4', NULL, '1', NULL, 55, 45, 1),
(334, 3, 'Wsdadas', NULL, '12', NULL, 'a', '2', 54, 45, 1),
(335, 3, 'Wsdadas', NULL, '12', NULL, 'a', '2', 54, 45, 1),
(336, 3, 'Wsdadas', NULL, '12', NULL, 'a', '2', 54, 45, 1),
(337, 1, 'Пукр', NULL, '196', NULL, '', NULL, 50, 40, 132),
(338, 3, 'Wsdadas', NULL, '12', NULL, 'a', '2', 54, 45, 1),
(339, 1, 'Ggggg', NULL, '5', NULL, '6', NULL, 55, 45, 1),
(340, 3, 'Wsdadas', NULL, '12', NULL, 'a', '2', 54, 45, 1),
(341, 1, 'Fffffffffff', NULL, '1', NULL, '1', '1', 1, 1, 1),
(342, 1, 'Fffffffffff', NULL, '1', NULL, '1', '1', 1, 1, 1),
(343, 1, 'Fffffffffff', NULL, '1', NULL, '1', '1', 1, 1, 1),
(344, 1, 'Fffffffffff', NULL, '1', NULL, '1', '1', 1, 1, 1),
(345, 3, 'Wsdadas', NULL, '12', NULL, 'a', '2', 54, 45, 1),
(346, 3, 'Wsdadas', NULL, '12', NULL, 'a', '2', 54, 45, 1),
(347, 3, 'Wsdadas', NULL, '12', NULL, 'a', '2', 54, 45, 1),
(348, 3, 'Wsdadas', NULL, '12', NULL, 'a', '2', 54, 45, 1),
(349, 3, 'Wsdadas', NULL, '12', NULL, 'a', '2', 54, 45, 1),
(350, 3, 'Wsdadas', NULL, '12', NULL, 'a', '2', 54, 45, 1),
(351, 3, 'Wsdadas', NULL, '12', NULL, 'a', '2', 54, 45, 1),
(352, 3, 'Wsdadas', NULL, '12', NULL, 'a', '2', 54, 45, 1),
(353, 3, 'Wsdadas', NULL, '12', NULL, 'a', '2', 54, 45, 1),
(354, 3, 'Wsdadas', NULL, '12', NULL, 'a', '2', 54, 45, 1),
(355, 3, 'Wsdadas', NULL, '12', NULL, 'a', '2', 54, 45, 1),
(356, 1, 'Dhdhdhdh', NULL, '5', NULL, '3', NULL, 55, 45, 1),
(357, 1, 'Dhdhdhdh', NULL, '5', NULL, '3', NULL, 55, 45, 1),
(358, 1, 'Dhdhdhdh', NULL, '5', NULL, '3', NULL, 55, 45, 1),
(359, 1, 'Dhdhdhdh', NULL, '5', NULL, '3', NULL, 55, 45, 1),
(360, 3, 'Wsdadas', NULL, '12', NULL, 'a', '2', 54, 45, 1),
(361, 3, 'Wsdadas', NULL, '12', NULL, 'a', '2', 54, 45, 1),
(362, 1, 'Dhdhdhdh', NULL, '5', NULL, '3', NULL, 55, 45, 1),
(363, 3, 'Wsdadas', NULL, '12', NULL, 'a', '2', 54, 45, 1),
(364, 3, 'Wsdadas', NULL, '12', NULL, 'a', '2', 54, 45, 1),
(365, 1, 'Gggggg', NULL, '5', NULL, '3', NULL, 55, 45, 1),
(366, 3, 'Wsdadas', NULL, '12', NULL, 'a', '2', 54, 45, 1),
(367, 1, '>>>3', NULL, '1', NULL, '11', NULL, 55, 45, 1),
(368, 1, '0>>0;0;0', NULL, '1', NULL, '1', NULL, 55, 45, 1),
(369, 1, '0>>0;0;0', NULL, '1', NULL, '1', NULL, 55, 45, 1),
(370, 1, '0>>0;0;0', NULL, '1', NULL, '1', NULL, 55, 45, 1),
(371, 1, 'Hdhdhhhd', NULL, '1', NULL, '1', '1', 55, 45, 1),
(372, 1, '', NULL, '', NULL, '', '', 55, 45, 1),
(373, 1, '', NULL, '', NULL, '', '', 55, 45, 1);

-- --------------------------------------------------------

--
-- Table structure for table `addresses`
--

CREATE TABLE IF NOT EXISTS `addresses` (
  `id` bigint(20) NOT NULL AUTO_INCREMENT,
  `country` varchar(50) DEFAULT NULL COMMENT 'Страна',
  `administrative_area` varchar(255) DEFAULT NULL COMMENT 'Область',
  `subadministrative_area` varchar(255) DEFAULT NULL COMMENT 'Округ / район',
  `locality` varchar(255) DEFAULT NULL COMMENT 'Название города',
  `dependent_locality` varchar(255) DEFAULT NULL COMMENT 'Район города / административная единица города (locality)',
  `thoroughfare` varchar(255) DEFAULT NULL COMMENT 'Улица',
  `premise` varchar(50) DEFAULT NULL COMMENT 'Номер дома / владения',
  `premise_promotion` varchar(50) DEFAULT NULL COMMENT 'Номер дома / владения для отдела рекламы',
  `district` varchar(255) DEFAULT NULL COMMENT 'Район города (если в dependent_locality) не район, а, например, микрорайон',
  `id_pivot_unofficial_district` bigint(20) DEFAULT NULL COMMENT 'Таблица пересения: неофициальный районы - неофициальные подрайоны',
  `latitude` double NOT NULL DEFAULT '0' COMMENT 'Широта',
  `longitude` double NOT NULL DEFAULT '0' COMMENT 'Долгота',
  `created_at` timestamp NULL DEFAULT NULL,
  `updated_at` timestamp NULL DEFAULT NULL,
  PRIMARY KEY (`id`)
) ENGINE=InnoDB  DEFAULT CHARSET=utf8 COMMENT='Таблица адресов' AUTO_INCREMENT=331 ;

--
-- Dumping data for table `addresses`
--

INSERT INTO `addresses` (`id`, `country`, `administrative_area`, `subadministrative_area`, `locality`, `dependent_locality`, `thoroughfare`, `premise`, `premise_promotion`, `district`, `id_pivot_unofficial_district`, `latitude`, `longitude`, `created_at`, `updated_at`) VALUES
(1, 'Россия', 'Ростовская область', NULL, 'Ростов-на-Дону', 'Ворошиловский', 'Ворошиловский6', '2/14', NULL, 'Александровка', NULL, 56.750048, 60.056635, NULL, NULL),
(2, 'Россия', 'Ростовская область', NULL, 'Новочеркасск', 'Ворошиловский', 'Улица', '7/19', NULL, 'Александровка', NULL, 40, 50, NULL, NULL),
(3, 'Россия', 'Ростовская область', NULL, 'Батайск', 'Ворошиловский', 'Фывфыв', '12/12', NULL, 'Александровка', NULL, 40, 50, NULL, NULL),
(4, 'Россия', 'Ростовская область', NULL, 'Таганрог', 'Ворошиловский', 'Зорге', '1/10', NULL, 'Александровка', NULL, 55.433588, 65.31327, NULL, NULL),
(5, 'Россия', 'Ростовская область', NULL, 'Азов', 'Ворошиловский', 'Зеленая', '1/10', NULL, 'Александровка', NULL, 57, 41, NULL, NULL),
(6, 'Россия', 'Ростовская область', NULL, 'Ростов-на-Дону', 'Ворошиловский', 'Зеленая', '1/1', NULL, 'Александровка', NULL, 57.772867, 41.003457, NULL, NULL),
(7, 'Россия', 'Ростовская область', NULL, 'Новочеркасск', 'Ворошиловский', 'Зеленая', '1', NULL, 'Александровка', NULL, 57.750048, 41.056635, NULL, NULL),
(8, 'Россия', 'Ростовская область', NULL, 'Батайск', 'Ворошиловский', 'Зеленая', '1', NULL, 'Александровка', NULL, 57.772867, 41.003457, NULL, NULL),
(9, 'Россия', 'Ростовская область', NULL, 'Таганрог', 'Ворошиловский', 'Зеленая', '1', NULL, 'Александровка', NULL, 57.772867, 41.003457, NULL, NULL),
(10, 'Россия', 'Ростовская область', NULL, 'Азов', 'Ворошиловский', 'Зеленая', '1', NULL, 'Александровка', NULL, 57.772867, 41.003457, NULL, NULL),
(11, 'Россия', 'Ростовская область', NULL, 'Ростов-на-Дону', 'Ворошиловский', 'Зеленая', '1', NULL, 'Александровка', NULL, 57.772867, 41.003457, NULL, NULL),
(12, 'Россия', 'Ростовская область', NULL, 'Новочеркасск', 'Ворошиловский', 'Беляева', '7/5', NULL, 'СЖМ', NULL, 53.226972, 44.994295, NULL, NULL),
(13, 'Россия', 'Ростовская область', NULL, 'Батайск', 'Ворошиловский', 'Волкова', '5/6', NULL, 'СЖМ', NULL, 47.28315, 39.710395, NULL, NULL),
(14, 'Россия', 'Ростовская область', NULL, 'Таганрог', 'Ворошиловский', 'Зеленая', '1/1', NULL, 'Александровка', NULL, 40, 50, NULL, NULL),
(15, 'Россия', 'Ростовская область', NULL, 'Азов', 'Ворошиловский', 'Зеленая', '1/1', NULL, 'Александровка', NULL, 47.257366, 39.797837, NULL, NULL),
(16, 'Россия', 'Ростовская область', NULL, 'Ростов-на-Дону', 'Ворошиловский', 'Зеленая', '1/1', NULL, 'Александровка', NULL, 47.222531, 39.718705, NULL, NULL),
(17, 'Россия', 'Ростовская область', NULL, 'Новочеркасск', 'Ворошиловский', 'Wsdadas', '12/2', NULL, 'Центр', NULL, 45, 54, NULL, NULL),
(18, 'Россия', 'Ростовская область', NULL, 'Батайск', 'Ворошиловский', 'Wsdadas', '12/2', NULL, 'Центр', NULL, 45, 54, NULL, NULL),
(19, 'Россия', 'Ростовская область', NULL, 'Таганрог', 'Ворошиловский', 'Wsdadas', '12/2', NULL, 'Центр', NULL, 45, 54, NULL, NULL),
(20, 'Россия', 'Ростовская область', NULL, 'Азов', 'Ворошиловский', 'Wsdadas', '12/2', NULL, 'Центр', NULL, 45, 54, NULL, NULL),
(21, 'Россия', 'Ростовская область', NULL, 'Ростов-на-Дону', 'Ворошиловский', 'Wsdadas', '12/2', NULL, 'Центр', NULL, 45, 54, NULL, NULL),
(22, 'Россия', 'Ростовская область', NULL, 'Новочеркасск', 'Ворошиловский', 'Wsdadas', '12/2', NULL, 'Центр', NULL, 45, 54, NULL, NULL),
(23, 'Россия', 'Ростовская область', NULL, 'Батайск', 'Ворошиловский', 'Wsdadas', '12/2', NULL, 'Центр', NULL, 45, 54, NULL, NULL),
(24, 'Россия', 'Ростовская область', NULL, 'Таганрог', 'Ворошиловский', 'Wsdadas', '12/2', NULL, 'Центр', NULL, 45, 54, NULL, NULL),
(25, 'Россия', 'Ростовская область', NULL, 'Азов', 'Ворошиловский', 'Wsdadas', '12/2', NULL, 'Центр', NULL, 45, 54, NULL, NULL),
(26, 'Россия', 'Ростовская область', NULL, 'Ростов-на-Дону', 'Ворошиловский', 'Wsdadas', '12/2', NULL, 'Центр', NULL, 45, 54, NULL, NULL),
(27, 'Россия', 'Ростовская область', NULL, 'Новочеркасск', 'Ворошиловский', 'Wsdadas', '12/2', NULL, 'Центр', NULL, 45, 54, NULL, NULL),
(28, 'Россия', 'Ростовская область', NULL, 'Батайск', 'Ворошиловский', 'Wsdadas', '12/2', NULL, 'Центр', NULL, 45, 54, NULL, NULL),
(29, 'Россия', 'Ростовская область', NULL, 'Таганрог', 'Ворошиловский', 'Wsdadas', '12/2', NULL, 'Центр', NULL, 45, 54, NULL, NULL),
(30, 'Россия', 'Ростовская область', NULL, 'Азов', 'Ворошиловский', 'Wsdadas', '12/2', NULL, 'Центр', NULL, 45, 54, NULL, NULL),
(31, 'Россия', 'Ростовская область', NULL, 'Ростов-на-Дону', 'Ворошиловский', 'Wsdadas', '12/2', NULL, 'Центр', NULL, 45, 54, NULL, NULL),
(32, 'Россия', 'Ростовская область', NULL, 'Новочеркасск', 'Ворошиловский', 'Wsdadas', '12/2', NULL, 'Центр', NULL, 45, 54, NULL, NULL),
(33, 'Россия', 'Ростовская область', NULL, 'Батайск', 'Ворошиловский', 'Wsdadas', '12/2', NULL, 'Центр', NULL, 45, 54, NULL, NULL),
(34, 'Россия', 'Ростовская область', NULL, 'Таганрог', 'Ворошиловский', 'Wsdadas', '12/2', NULL, 'Центр', NULL, 45, 54, NULL, NULL),
(35, 'Россия', 'Ростовская область', NULL, 'Азов', 'Ворошиловский', 'Wsdadas', '12/2', NULL, 'Центр', NULL, 45, 54, NULL, NULL),
(36, 'Россия', 'Ростовская область', NULL, 'Ростов-на-Дону', 'Ворошиловский', 'Wsdadas', '12/2', NULL, 'Центр', NULL, 45, 54, NULL, NULL),
(37, 'Россия', 'Ростовская область', NULL, 'Новочеркасск', 'Ворошиловский', 'Wdasasd', '12/', NULL, 'Центр', NULL, 45, 55, NULL, NULL),
(38, 'Россия', 'Ростовская область', NULL, 'Батайск', 'Ворошиловский', 'Wdasasd', '12/', NULL, 'Центр', NULL, 45, 55, NULL, NULL),
(39, 'Россия', 'Ростовская область', NULL, 'Таганрог', 'Ворошиловский', 'Wdasasd', '12/', NULL, 'Центр', NULL, 45, 55, NULL, NULL),
(40, 'Россия', 'Ростовская область', NULL, 'Азов', 'Ворошиловский', 'Wdasasd', '12/', NULL, 'Центр', NULL, 45, 55, NULL, NULL),
(41, 'Россия', 'Ростовская область', NULL, 'Ростов-на-Дону', 'Ворошиловский', 'Wdasasd', '12/', NULL, 'Центр', NULL, 45, 55, NULL, NULL),
(42, 'Россия', 'Ростовская область', NULL, 'Новочеркасск', 'Ворошиловский', 'Wdasasd', '12/', NULL, 'Центр', NULL, 45, 55, NULL, NULL),
(43, 'Россия', 'Ростовская область', NULL, 'Батайск', 'Ворошиловский', 'Wdasasd', '12/', NULL, 'Центр', NULL, 45, 55, NULL, NULL),
(44, 'Россия', 'Ростовская область', NULL, 'Таганрог', 'Ворошиловский', '', '/', NULL, 'Центр', NULL, 45, 55, NULL, NULL),
(45, 'Россия', 'Ростовская область', NULL, 'Азов', 'Ворошиловский', '', '/', NULL, 'Центр', NULL, 45, 55, NULL, NULL),
(46, 'Россия', 'Ростовская область', NULL, 'Ростов-на-Дону', 'Ворошиловский', '', '/', NULL, 'Центр', NULL, 45, 55, NULL, NULL),
(47, 'Россия', 'Ростовская область', NULL, 'Новочеркасск', 'Ворошиловский', '', '/', NULL, 'Центр', NULL, 45, 55, NULL, NULL),
(48, 'Россия', 'Ростовская область', NULL, 'Батайск', 'Ворошиловский', '', '/', NULL, 'Центр', NULL, 45, 55, NULL, NULL),
(49, 'Россия', 'Ростовская область', NULL, 'Таганрог', 'Ворошиловский', '', '/', NULL, 'Центр', NULL, 45, 55, NULL, NULL),
(50, 'Россия', 'Ростовская область', NULL, 'Азов', 'Ворошиловский', '', '/', NULL, 'Центр', NULL, 45, 55, NULL, NULL),
(51, 'Россия', 'Ростовская область', NULL, 'Ростов-на-Дону', 'Ворошиловский', '', '/', NULL, 'Центр', NULL, 45, 55, NULL, NULL),
(52, 'Россия', 'Ростовская область', NULL, 'Новочеркасск', 'Ворошиловский', '', '/', NULL, 'Центр', NULL, 45, 55, NULL, NULL),
(53, 'Россия', 'Ростовская область', NULL, 'Батайск', 'Ворошиловский', '', '/', NULL, 'Центр', NULL, 45, 55, NULL, NULL),
(54, 'Россия', 'Ростовская область', NULL, 'Таганрог', 'Ворошиловский', '', '/', NULL, 'Центр', NULL, 45, 55, NULL, NULL),
(55, 'Россия', 'Ростовская область', NULL, 'Азов', 'Ворошиловский', '', '/', NULL, 'Центр', NULL, 45, 55, NULL, NULL),
(56, 'Россия', 'Ростовская область', NULL, 'Ростов-на-Дону', 'Ворошиловский', '', '/', NULL, 'Центр', NULL, 45, 55, NULL, NULL),
(57, 'Россия', 'Ростовская область', NULL, 'Новочеркасск', 'Ворошиловский', '', '/', NULL, 'Центр', NULL, 45, 55, NULL, NULL),
(58, 'Россия', 'Ростовская область', NULL, 'Батайск', 'Ворошиловский', '', '/', NULL, 'Центр', NULL, 45, 55, NULL, NULL),
(59, 'Россия', 'Ростовская область', NULL, 'Таганрог', 'Ворошиловский', '', '/', NULL, 'Центр', NULL, 45, 55, NULL, NULL),
(60, 'Россия', 'Ростовская область', NULL, 'Азов', 'Ворошиловский', '', '/', NULL, 'Центр', NULL, 45, 55, NULL, NULL),
(61, 'Россия', 'Ростовская область', NULL, 'Ростов-на-Дону', 'Ворошиловский', '', '/', NULL, 'Центр', NULL, 45, 55, NULL, NULL),
(62, 'Россия', 'Ростовская область', NULL, 'Новочеркасск', 'Ворошиловский', '', '/', NULL, 'Центр', NULL, 45, 55, NULL, NULL),
(63, 'Россия', 'Ростовская область', NULL, 'Батайск', 'Ворошиловский', '', '/', NULL, 'Центр', NULL, 45, 55, NULL, NULL),
(64, 'Россия', 'Ростовская область', NULL, 'Таганрог', 'Ворошиловский', '', '/', NULL, 'Центр', NULL, 45, 55, NULL, NULL),
(65, 'Россия', 'Ростовская область', NULL, 'Азов', 'Ворошиловский', '', '/', NULL, 'Центр', NULL, 45, 55, NULL, NULL),
(66, 'Россия', 'Ростовская область', NULL, 'Ростов-на-Дону', 'Ворошиловский', '', '/', NULL, 'Центр', NULL, 45, 55, NULL, NULL),
(67, 'Россия', 'Ростовская область', NULL, 'Новочеркасск', 'Ворошиловский', '', '/', NULL, 'Центр', NULL, 45, 55, NULL, NULL),
(68, 'Россия', 'Ростовская область', NULL, 'Батайск', 'Ворошиловский', '', '/', NULL, 'Центр', NULL, 45, 55, NULL, NULL),
(69, 'Россия', 'Ростовская область', NULL, 'Таганрог', 'Ворошиловский', '', '/', NULL, 'Центр', NULL, 45, 55, NULL, NULL),
(70, 'Россия', 'Ростовская область', NULL, 'Азов', 'Ворошиловский', '', '/', NULL, 'Центр', NULL, 45, 55, NULL, NULL),
(71, 'Россия', 'Ростовская область', NULL, 'Ростов-на-Дону', 'Ворошиловский', '', '/', NULL, 'Центр', NULL, 45, 55, NULL, NULL),
(72, 'Россия', 'Ростовская область', NULL, 'Новочеркасск', 'Ворошиловский', '', '/', NULL, 'Центр', NULL, 45, 55, NULL, NULL),
(73, 'Россия', 'Ростовская область', NULL, 'Батайск', 'Ворошиловский', '', '/', NULL, 'Центр', NULL, 45, 55, NULL, NULL),
(74, 'Россия', 'Ростовская область', NULL, 'Таганрог', 'Ворошиловский', '', '/', NULL, 'Центр', NULL, 45, 55, NULL, NULL),
(75, 'Россия', 'Ростовская область', NULL, 'Азов', 'Ворошиловский', '', '/', NULL, 'Центр', NULL, 45, 55, NULL, NULL),
(76, 'Россия', 'Ростовская область', NULL, 'Ростов-на-Дону', 'Ворошиловский', '', '/', NULL, 'Центр', NULL, 45, 55, NULL, NULL),
(77, 'Россия', 'Ростовская область', NULL, 'Новочеркасск', 'Ворошиловский', '', '/', NULL, 'Центр', NULL, 45, 55, NULL, NULL),
(78, 'Россия', 'Ростовская область', NULL, 'Батайск', 'Ворошиловский', '', '/', NULL, 'Центр', NULL, 45, 55, NULL, NULL),
(79, 'Россия', 'Ростовская область', NULL, 'Таганрог', 'Ворошиловский', '', '/', NULL, 'Центр', NULL, 45, 55, NULL, NULL),
(80, 'Россия', 'Ростовская область', NULL, 'Азов', 'Ворошиловский', '', '/', NULL, 'Центр', NULL, 45, 55, NULL, NULL),
(81, 'Россия', 'Ростовская область', NULL, 'Ростов-на-Дону', 'Ворошиловский', '', '/', NULL, 'Центр', NULL, 45, 55, NULL, NULL),
(82, 'Россия', 'Ростовская область', NULL, 'Новочеркасск', 'Ворошиловский', '', '/', NULL, 'Центр', NULL, 45, 55, NULL, NULL),
(83, 'Россия', 'Ростовская область', NULL, 'Батайск', 'Ворошиловский', '', '/', NULL, 'Центр', NULL, 45, 55, NULL, NULL),
(84, 'Россия', 'Ростовская область', NULL, 'Таганрог', 'Ворошиловский', '', '/', NULL, 'Центр', NULL, 45, 55, NULL, NULL),
(85, 'Россия', 'Ростовская область', NULL, 'Азов', 'Ворошиловский', '', '/', NULL, 'Центр', NULL, 45, 55, NULL, NULL),
(86, 'Россия', 'Ростовская область', NULL, 'Ростов-на-Дону', 'Ворошиловский', '', '/', NULL, 'Центр', NULL, 45, 55, NULL, NULL),
(87, 'Россия', 'Ростовская область', NULL, 'Новочеркасск', 'Ворошиловский', '', '/', NULL, 'Центр', NULL, 45, 55, NULL, NULL),
(88, 'Россия', 'Ростовская область', NULL, 'Батайск', 'Ворошиловский', '', '/', NULL, 'Центр', NULL, 45, 55, NULL, NULL),
(89, 'Россия', 'Ростовская область', NULL, 'Таганрог', 'Ворошиловский', '', '/', NULL, 'Центр', NULL, 45, 55, NULL, NULL),
(90, 'Россия', 'Ростовская область', NULL, 'Азов', 'Ворошиловский', '', '/', NULL, 'Центр', NULL, 45, 55, NULL, NULL),
(91, 'Россия', 'Ростовская область', NULL, 'Ростов-на-Дону', 'Ворошиловский', '', '/', NULL, 'Центр', NULL, 45, 55, NULL, NULL),
(92, 'Россия', 'Ростовская область', NULL, 'Новочеркасск', 'Ворошиловский', '', '/', NULL, 'Центр', NULL, 45, 55, NULL, NULL),
(93, 'Россия', 'Ростовская область', NULL, 'Батайск', 'Ворошиловский', '', '/', NULL, 'Центр', NULL, 45, 55, NULL, NULL),
(94, 'Россия', 'Ростовская область', NULL, 'Таганрог', 'Ворошиловский', '', '/', NULL, 'Центр', NULL, 45, 55, NULL, NULL),
(95, 'Россия', 'Ростовская область', NULL, 'Азов', 'Ворошиловский', '', '/', NULL, 'Центр', NULL, 45, 55, NULL, NULL),
(96, 'Россия', 'Ростовская область', NULL, 'Ростов-на-Дону', 'Ворошиловский', '', '/', NULL, 'Центр', NULL, 45, 55, NULL, NULL),
(97, 'Россия', 'Ростовская область', NULL, 'Новочеркасск', 'Ворошиловский', '', '/', NULL, 'Центр', NULL, 45, 55, NULL, NULL),
(98, 'Россия', 'Ростовская область', NULL, 'Батайск', 'Ворошиловский', '', '/', NULL, 'Центр', NULL, 45, 55, NULL, NULL),
(99, 'Россия', 'Ростовская область', NULL, 'Таганрог', 'Ворошиловский', '', '/', NULL, 'Центр', NULL, 45, 55, NULL, NULL),
(100, 'Россия', 'Ростовская область', NULL, 'Азов', 'Ворошиловский', '', '/', NULL, 'Центр', NULL, 45, 55, NULL, NULL),
(101, 'Россия', 'Ростовская область', NULL, 'Ростов-на-Дону', 'Ворошиловский', '', '/', NULL, 'Центр', NULL, 45, 55, NULL, NULL),
(102, 'Россия', 'Ростовская область', NULL, 'Новочеркасск', 'Ворошиловский', '', '/', NULL, 'Центр', NULL, 45, 55, NULL, NULL),
(103, 'Россия', 'Ростовская область', NULL, 'Батайск', 'Ворошиловский', '', '/', NULL, 'Центр', NULL, 45, 55, NULL, NULL),
(104, 'Россия', 'Ростовская область', NULL, 'Таганрог', 'Ворошиловский', '', '/', NULL, 'Центр', NULL, 45, 55, NULL, NULL),
(105, 'Россия', 'Ростовская область', NULL, 'Азов', 'Ворошиловский', '', '/', NULL, 'Центр', NULL, 45, 55, NULL, NULL),
(106, 'Россия', 'Ростовская область', NULL, 'Ростов-на-Дону', 'Ворошиловский', '', '/', NULL, 'Центр', NULL, 45, 55, NULL, NULL),
(107, 'Россия', 'Ростовская область', NULL, 'Новочеркасск', 'Ворошиловский', '', '/', NULL, 'Центр', NULL, 45, 55, NULL, NULL),
(108, 'Россия', 'Ростовская область', NULL, 'Батайск', 'Ворошиловский', '', '/', NULL, 'Центр', NULL, 45, 55, NULL, NULL),
(109, 'Россия', 'Ростовская область', NULL, 'Таганрог', 'Ворошиловский', '', '/', NULL, 'Центр', NULL, 45, 55, NULL, NULL),
(110, 'Россия', 'Ростовская область', NULL, 'Азов', 'Ворошиловский', '', '/', NULL, 'Центр', NULL, 45, 55, NULL, NULL),
(111, 'Россия', 'Ростовская область', NULL, 'Ростов-на-Дону', 'Ворошиловский', '', '/', NULL, 'Центр', NULL, 45, 55, NULL, NULL),
(112, 'Россия', 'Ростовская область', NULL, 'Новочеркасск', 'Ворошиловский', '', '/', NULL, 'Центр', NULL, 45, 55, NULL, NULL),
(113, 'Россия', 'Ростовская область', NULL, 'Батайск', 'Ворошиловский', '', '/', NULL, 'Центр', NULL, 45, 55, NULL, NULL),
(114, 'Россия', 'Ростовская область', NULL, 'Таганрог', 'Ворошиловский', '', '/', NULL, 'Центр', NULL, 45, 55, NULL, NULL),
(115, 'Россия', 'Ростовская область', NULL, 'Азов', 'Ворошиловский', '', '/', NULL, 'Центр', NULL, 45, 55, NULL, NULL),
(116, 'Россия', 'Ростовская область', NULL, 'Ростов-на-Дону', 'Ворошиловский', '', '/', NULL, 'Центр', NULL, 45, 55, NULL, NULL),
(117, 'Россия', 'Ростовская область', NULL, 'Новочеркасск', 'Ворошиловский', 'Sadassd', '/', NULL, 'Центр', NULL, 45, 55, NULL, NULL),
(118, 'Россия', 'Ростовская область', NULL, 'Батайск', 'Ворошиловский', 'Sadassd', '/', NULL, 'Центр', NULL, 45, 55, NULL, NULL),
(119, 'Россия', 'Ростовская область', NULL, 'Таганрог', 'Ворошиловский', 'Sadad', '1/1', NULL, 'Центр', NULL, 45, 55, NULL, NULL),
(120, 'Россия', 'Ростовская область', NULL, 'Азов', 'Ворошиловский', 'Sadad', '1/1', NULL, 'Центр', NULL, 45, 55, NULL, NULL),
(121, 'Россия', 'Ростовская область', NULL, 'Ростов-на-Дону', 'Ворошиловский', 'Sadasdasd', '21/12', NULL, 'Центр', NULL, 45, 55, NULL, NULL),
(122, 'Россия', 'Ростовская область', NULL, 'Новочеркасск', 'Ворошиловский', 'Sadasdasd', '21/12', NULL, 'Центр', NULL, 45, 55, NULL, NULL),
(123, 'Россия', 'Ростовская область', NULL, 'Батайск', 'Ворошиловский', 'Sadasdasd', '21/12', NULL, 'Центр', NULL, 45, 55, NULL, NULL),
(124, 'Россия', 'Ростовская область', NULL, 'Таганрог', 'Ворошиловский', 'Sadasdasd', '21/12', NULL, 'Центр', NULL, 45, 55, NULL, NULL),
(125, 'Россия', 'Ростовская область', NULL, 'Азов', 'Ворошиловский', 'Sadasdasd', '21/12', NULL, 'Центр', NULL, 45, 55, NULL, NULL),
(126, 'Россия', 'Ростовская область', NULL, 'Ростов-на-Дону', 'Ворошиловский', 'Sadasdasd', '21/12', NULL, 'Центр', NULL, 45, 55, NULL, NULL),
(127, 'Россия', 'Ростовская область', NULL, 'Новочеркасск', 'Ворошиловский', 'Sadasdasd', '21/12', NULL, 'Центр', NULL, 45, 55, NULL, NULL),
(128, 'Россия', 'Ростовская область', NULL, 'Батайск', 'Ворошиловский', 'Sadasdasd', '21/12', NULL, 'Центр', NULL, 45, 55, NULL, NULL),
(129, 'Россия', 'Ростовская область', NULL, 'Таганрог', 'Ворошиловский', 'Sadasdasd', '21/12', NULL, 'Центр', NULL, 45, 55, NULL, NULL),
(130, 'Россия', 'Ростовская область', NULL, 'Азов', 'Ворошиловский', 'Sadasdasd', '21/12', NULL, 'Центр', NULL, 45, 55, NULL, NULL),
(131, 'Россия', 'Ростовская область', NULL, 'Ростов-на-Дону', 'Ворошиловский', 'Sadasdasd', '21/12', NULL, 'Центр', NULL, 45, 55, NULL, NULL),
(132, 'Россия', 'Ростовская область', NULL, 'Новочеркасск', 'Ворошиловский', 'Sadasdasd', '21/12', NULL, 'Центр', NULL, 45, 55, NULL, NULL),
(133, 'Россия', 'Ростовская область', NULL, 'Батайск', 'Ворошиловский', 'Sadasdasd', '21/12', NULL, 'Центр', NULL, 45, 55, NULL, NULL),
(134, 'Россия', 'Ростовская область', NULL, 'Таганрог', 'Ворошиловский', 'Sadasdasd', '21/12', NULL, 'Центр', NULL, 45, 55, NULL, NULL),
(135, 'Россия', 'Ростовская область', NULL, 'Азов', 'Ворошиловский', 'Sadasdasd', '21/12', NULL, 'Центр', NULL, 45, 55, NULL, NULL),
(136, 'Россия', 'Ростовская область', NULL, 'Ростов-на-Дону', 'Ворошиловский', 'Asdasdas', '12/12', NULL, 'Центр', NULL, 45, 55, NULL, NULL),
(137, 'Россия', 'Ростовская область', NULL, 'Новочеркасск', 'Ворошиловский', 'Asdasdas', '12/12', NULL, 'Центр', NULL, 45, 55, NULL, NULL),
(138, 'Россия', 'Ростовская область', NULL, 'Батайск', 'Ворошиловский', 'Asdasdas', '12/12', NULL, 'Центр', NULL, 45, 55, NULL, NULL),
(139, 'Россия', 'Ростовская область', NULL, 'Таганрог', 'Ворошиловский', 'Asdasdas', '12/12', NULL, 'Центр', NULL, 45, 55, NULL, NULL),
(140, 'Россия', 'Ростовская область', NULL, 'Азов', 'Ворошиловский', 'Asdasdas', '12/12', NULL, 'Центр', NULL, 45, 55, NULL, NULL),
(141, 'Россия', 'Ростовская область', NULL, 'Ростов-на-Дону', 'Ворошиловский', 'Saddas', '12/12', NULL, 'Центр', NULL, 45, 55, NULL, NULL),
(142, 'Россия', 'Ростовская область', NULL, 'Новочеркасск', 'Ворошиловский', 'Asdasda', '1/1', NULL, 'Центр', NULL, 45, 55, NULL, NULL),
(143, 'Россия', 'Ростовская область', NULL, 'Батайск', 'Ворошиловский', 'Asdasda', '1/1', NULL, 'Центр', NULL, 45, 55, NULL, NULL),
(144, 'Россия', 'Ростовская область', NULL, 'Таганрог', 'Ворошиловский', 'Asdasda', '1/1', NULL, 'Центр', NULL, 45, 55, NULL, NULL),
(145, 'Россия', 'Ростовская область', NULL, 'Азов', 'Ворошиловский', 'Asdasda', '1/1', NULL, 'Центр', NULL, 45, 55, NULL, NULL),
(146, 'Россия', 'Ростовская область', NULL, 'Ростов-на-Дону', 'Ворошиловский', 'Asdasda', '1/1', NULL, 'Центр', NULL, 45, 55, NULL, NULL),
(147, 'Россия', 'Ростовская область', NULL, 'Новочеркасск', 'Ворошиловский', 'Asdasda', '1/1', NULL, 'Центр', NULL, 45, 55, NULL, NULL),
(148, 'Россия', 'Ростовская область', NULL, 'Батайск', 'Ворошиловский', 'Asdasda', '1/1', NULL, 'Центр', NULL, 45, 55, NULL, NULL),
(149, 'Россия', 'Ростовская область', NULL, 'Таганрог', 'Ворошиловский', 'Asdasda', '1/1', NULL, 'Центр', NULL, 45, 55, NULL, NULL),
(150, 'Россия', 'Ростовская область', NULL, 'Азов', 'Ворошиловский', 'Asdasda', '1/1', NULL, 'Центр', NULL, 45, 55, NULL, NULL),
(151, 'Россия', 'Ростовская область', NULL, 'Ростов-на-Дону', 'Ворошиловский', 'Jffffgggggggg', '1/1', NULL, 'Центр', NULL, 45, 55, NULL, NULL),
(152, 'Россия', 'Ростовская область', NULL, 'Новочеркасск', 'Ворошиловский', 'Jffffgggggggg', '1/1', NULL, 'Центр', NULL, 45, 55, NULL, NULL),
(153, 'Россия', 'Ростовская область', NULL, 'Батайск', 'Ворошиловский', 'Jffffgggggggg', '1/1', NULL, 'Центр', NULL, 45, 55, NULL, NULL),
(154, 'Россия', 'Ростовская область', NULL, 'Таганрог', 'Ворошиловский', 'Jffffgggggggg', '1/1', NULL, 'Центр', NULL, 45, 55, NULL, NULL),
(155, 'Россия', 'Ростовская область', NULL, 'Азов', 'Ворошиловский', 'Jffffgggggggg', '11/11', NULL, 'Центр', NULL, 45, 55, NULL, NULL),
(156, 'Россия', 'Ростовская область', NULL, 'Ростов-на-Дону', 'Ворошиловский', 'Jffffgggggggg', '11/11', NULL, 'Центр', NULL, 45, 55, NULL, NULL),
(157, 'Россия', 'Ростовская область', NULL, 'Новочеркасск', 'Ворошиловский', 'Jffffgggggggg', '11/11', NULL, 'Центр', NULL, 45, 55, NULL, NULL),
(158, 'Россия', 'Ростовская область', NULL, 'Батайск', 'Ворошиловский', 'Streeet', '144/14', NULL, 'Центр', NULL, 45, 55, NULL, NULL),
(159, 'Россия', 'Ростовская область', NULL, 'Таганрог', 'Ворошиловский', 'Asdasdasd', '1/1', NULL, 'Центр', NULL, 45, 55, NULL, NULL),
(160, 'Россия', 'Ростовская область', NULL, 'Азов', 'Ворошиловский', 'Asdadas', '1/1', NULL, 'Центр', NULL, 45, 55, NULL, NULL),
(161, 'Россия', 'Ростовская область', NULL, 'Ростов-на-Дону', 'Ворошиловский', 'Dadadasdasdasd', '1/1', NULL, 'Центр', NULL, 45, 55, NULL, NULL),
(162, 'Россия', 'Ростовская область', NULL, 'Новочеркасск', 'Ворошиловский', '', '/', NULL, 'Центр', NULL, 45, 55, NULL, NULL),
(163, 'Россия', 'Ростовская область', NULL, 'Батайск', 'Ворошиловский', 'Ssadassadas', '1/1', NULL, 'Центр', NULL, 45, 55, NULL, NULL),
(164, 'Россия', 'Ростовская область', NULL, 'Таганрог', 'Ворошиловский', 'Ssadassadas', '1/1', NULL, 'Центр', NULL, 45, 55, NULL, NULL),
(165, 'Россия', 'Ростовская область', NULL, 'Азов', 'Ворошиловский', 'Ssadassadas', '1/1', NULL, 'Центр', NULL, 45, 55, NULL, NULL),
(166, 'Россия', 'Ростовская область', NULL, 'Ростов-на-Дону', 'Ворошиловский', 'Ssadassadas', '1/1', NULL, 'Центр', NULL, 45, 55, NULL, NULL),
(167, 'Россия', 'Ростовская область', NULL, 'Новочеркасск', 'Ворошиловский', 'Ssadassadas', '1/1', NULL, 'Центр', NULL, 45, 55, NULL, NULL),
(168, 'Россия', 'Ростовская область', NULL, 'Батайск', 'Ворошиловский', 'Ssadassadas', '1/1', NULL, 'Центр', NULL, 45, 55, NULL, NULL),
(169, 'Россия', 'Ростовская область', NULL, 'Таганрог', 'Ворошиловский', 'Ssadassadas', '1/1', NULL, 'Центр', NULL, 45, 55, NULL, NULL),
(170, 'Россия', 'Ростовская область', NULL, 'Азов', 'Ворошиловский', 'Ssadassadas', '1/1', NULL, 'Центр', NULL, 45, 55, NULL, NULL),
(171, 'Россия', 'Ростовская область', NULL, 'Ростов-на-Дону', 'Ворошиловский', 'Оне', '543/354', NULL, 'Александровка', NULL, 40, 50, NULL, NULL),
(172, 'Россия', 'Ростовская область', NULL, 'Новочеркасск', 'Ворошиловский', 'Gggggggggg', '1/1', NULL, 'Центр', NULL, 45, 55, NULL, NULL),
(173, 'Россия', 'Ростовская область', NULL, 'Батайск', 'Ворошиловский', 'Улица Таганрогская', '19/14', NULL, 'Александровка', NULL, 40, 50, NULL, NULL),
(174, 'Россия', 'Ростовская область', NULL, 'Таганрог', 'Ворошиловский', 'Fffffffffff', '1/1', NULL, 'Центр', NULL, 1, 1, NULL, NULL),
(175, 'Россия', 'Ростовская область', NULL, 'Азов', 'Ворошиловский', 'Зеленая', '1', NULL, 'Александровка', NULL, 40, 50, NULL, NULL),
(176, 'Россия', 'Ростовская область', NULL, 'Ростов-на-Дону', 'Ворошиловский', 'Зеленая', '1', NULL, 'Александровка', NULL, 40, 50, NULL, NULL),
(177, 'Россия', 'Ростовская область', NULL, 'Новочеркасск', 'Ворошиловский', 'Fffffffffff', '1/1', NULL, 'Центр', NULL, 1, 1, NULL, NULL),
(178, 'Россия', 'Ростовская область', NULL, 'Батайск', 'Ворошиловский', 'Fffffffffff', '1/1', NULL, 'Центр', NULL, 1, 1, NULL, NULL),
(179, 'Россия', 'Ростовская область', NULL, 'Таганрог', 'Ворошиловский', 'Fffffffffff', '1/1', NULL, 'Центр', NULL, 1, 1, NULL, NULL),
(180, 'Россия', 'Ростовская область', NULL, 'Азов', 'Ворошиловский', 'Fffffffffff', '1/1', NULL, 'Центр', NULL, 1, 1, NULL, NULL),
(181, 'Россия', 'Ростовская область', NULL, 'Ростов-на-Дону', 'Ворошиловский', 'Fffffffffff', '1/1', NULL, 'Центр', NULL, 1, 1, NULL, NULL),
(182, 'Россия', 'Ростовская область', NULL, 'Новочеркасск', 'Ворошиловский', 'Ggggggg', '4', NULL, 'Центр', NULL, 45, 55, NULL, NULL),
(183, 'Россия', 'Ростовская область', NULL, 'Батайск', 'Ворошиловский', 'Ggggggg', '4', NULL, 'Центр', NULL, 45, 55, NULL, NULL),
(184, 'Россия', 'Ростовская область', NULL, 'Таганрог', 'Ворошиловский', 'Ggggggg', '4', NULL, 'Центр', NULL, 45, 55, NULL, NULL),
(185, 'Россия', 'Ростовская область', NULL, 'Азов', 'Ворошиловский', 'Ggggggg', '4', NULL, 'Центр', NULL, 45, 55, NULL, NULL),
(186, 'Россия', 'Ростовская область', NULL, 'Ростов-на-Дону', 'Ворошиловский', 'Ggggggg', '4', NULL, 'Центр', NULL, 45, 55, NULL, NULL),
(187, 'Россия', 'Ростовская область', NULL, 'Новочеркасск', 'Ворошиловский', 'Ggggggg', '4', NULL, 'Центр', NULL, 45, 55, NULL, NULL),
(188, 'Россия', 'Ростовская область', NULL, 'Батайск', 'Ворошиловский', 'Ggggggg', '4', NULL, 'Центр', NULL, 45, 55, NULL, NULL),
(189, 'Россия', 'Ростовская область', NULL, 'Таганрог', 'Ворошиловский', 'Ggggggg', '4', NULL, 'Центр', NULL, 45, 55, NULL, NULL),
(190, 'Россия', 'Ростовская область', NULL, 'Азов', 'Ворошиловский', 'Ggggggg', '4', NULL, 'Центр', NULL, 45, 55, NULL, NULL),
(191, 'Россия', 'Ростовская область', NULL, 'Ростов-на-Дону', 'Ворошиловский', 'Ggggggg', '4', NULL, 'Центр', NULL, 45, 55, NULL, NULL),
(192, 'Россия', 'Ростовская область', NULL, 'Новочеркасск', 'Ворошиловский', 'Ggggggg', '4', NULL, 'Центр', NULL, 45, 55, NULL, NULL),
(193, 'Россия', 'Ростовская область', NULL, 'Батайск', 'Ворошиловский', 'Ggggggg', '4', NULL, 'Центр', NULL, 45, 55, NULL, NULL),
(194, 'Россия', 'Ростовская область', NULL, 'Таганрог', 'Ворошиловский', 'Пукр', '196', NULL, 'Александровка', NULL, 40, 50, NULL, NULL),
(195, 'Россия', 'Ростовская область', NULL, 'Азов', 'Ворошиловский', 'Ggggg', '5', NULL, 'Центр', NULL, 45, 55, NULL, NULL),
(196, 'Россия', 'Ростовская область', NULL, 'Ростов-на-Дону', 'Ворошиловский', 'Fffffffffff', '1/1', NULL, 'Центр', NULL, 1, 1, NULL, NULL),
(197, 'Россия', 'Ростовская область', NULL, 'Новочеркасск', 'Ворошиловский', 'Fffffffffff', '1/1', NULL, 'Центр', NULL, 1, 1, NULL, NULL),
(198, 'Россия', 'Ростовская область', NULL, 'Батайск', 'Ворошиловский', 'Fffffffffff', '1/1', NULL, 'Центр', NULL, 1, 1, NULL, NULL),
(199, 'Россия', 'Ростовская область', NULL, 'Таганрог', 'Ворошиловский', 'Fffffffffff', '1/1', NULL, 'Центр', NULL, 1, 1, NULL, NULL),
(200, 'Россия', 'Ростовская область', NULL, 'Азов', 'Ворошиловский', 'Dhdhdhdh', '5', NULL, 'Центр', NULL, 45, 55, NULL, NULL),
(201, 'Россия', 'Ростовская область', NULL, 'Ростов-на-Дону', 'Ворошиловский', 'Dhdhdhdh', '5', NULL, 'Центр', NULL, 45, 55, NULL, NULL),
(202, 'Россия', 'Ростовская область', NULL, 'Новочеркасск', 'Ворошиловский', 'Dhdhdhdh', '5', NULL, 'Центр', NULL, 45, 55, NULL, NULL),
(203, 'Россия', 'Ростовская область', NULL, 'Батайск', 'Ворошиловский', 'Dhdhdhdh', '5', NULL, 'Центр', NULL, 45, 55, NULL, NULL),
(204, 'Россия', 'Ростовская область', NULL, 'Таганрог', 'Ворошиловский', 'Dhdhdhdh', '5', NULL, 'Центр', NULL, 45, 55, NULL, NULL),
(205, 'Россия', 'Ростовская область', NULL, 'Азов', 'Ворошиловский', 'Gggggg', '5', NULL, 'Центр', NULL, 45, 55, NULL, NULL),
(206, 'Россия', 'Ростовская область', NULL, 'Ростов-на-Дону', 'Ворошиловский', '>>>3', '1', NULL, 'Центр', NULL, 45, 55, NULL, NULL),
(207, 'Россия', 'Ростовская область', NULL, 'Новочеркасск', 'Ворошиловский', '0>>0;0;0', '1', NULL, 'Центр', NULL, 45, 55, NULL, NULL),
(208, 'Россия', 'Ростовская область', NULL, 'Батайск', 'Ворошиловский', '0>>0;0;0', '1', NULL, 'Центр', NULL, 45, 55, NULL, NULL),
(209, 'Россия', 'Ростовская область', NULL, 'Таганрог', 'Ворошиловский', '0>>0;0;0', '1', NULL, 'Центр', NULL, 45, 55, NULL, NULL),
(210, 'Россия', 'Ростовская область', NULL, 'Азов', 'Ворошиловский', 'Hdhdhhhd', '1/1', NULL, 'Центр', NULL, 45, 55, NULL, NULL),
(211, 'Россия', 'Ростовская область', NULL, 'Ростов-на-Дону', 'Ворошиловский', '', '/', NULL, 'Центр', NULL, 45, 55, NULL, NULL),
(212, 'Россия', 'Ростовская область', NULL, 'Новочеркасск', 'Ворошиловский', '', '/', NULL, 'Центр', NULL, 45, 55, NULL, NULL),
(213, 'Россия', 'Ростовская область', NULL, 'Батайск', 'Железнодорожный', 'Улица', '19/19', NULL, 'Александровка', NULL, 40, 50, NULL, NULL),
(214, 'Россия', 'Ростовская область', NULL, 'Таганрог', 'Кировский', 'Ворошиловский', '2', NULL, 'Александровка', NULL, 56.750048, 60.056635, NULL, NULL),
(215, 'Россия', 'Ростовская область', NULL, 'Азов', 'Кировский', 'Wdasasd', '12/', NULL, 'Центр', NULL, 45, 55, NULL, NULL),
(216, 'Россия', 'Ростовская область', NULL, 'Ростов-на-Дону', 'Кировский', 'Wdasasd', '12/', NULL, 'Центр', NULL, 45, 55, NULL, NULL),
(217, 'Россия', 'Ростовская область', NULL, 'Новочеркасск', 'Кировский', 'Wsdadas', '12/2', NULL, 'Центр', NULL, 45, 54, NULL, NULL),
(218, 'Россия', 'Ростовская область', NULL, 'Батайск', 'Кировский', 'Wsdadas', '12/2', NULL, 'Центр', NULL, 45, 54, NULL, NULL),
(219, 'Россия', 'Ростовская область', NULL, 'Таганрог', 'Кировский', 'Wsdadas', '12/2', NULL, 'Центр', NULL, 45, 54, NULL, NULL),
(220, 'Россия', 'Ростовская область', NULL, 'Азов', 'Кировский', 'Wsdadas', '12/2', NULL, 'Центр', NULL, 45, 54, NULL, NULL),
(221, 'Россия', 'Ростовская область', NULL, 'Ростов-на-Дону', 'Кировский', 'Wsdadas', '12/2', NULL, 'Центр', NULL, 45, 54, NULL, NULL),
(222, 'Россия', 'Ростовская область', NULL, 'Новочеркасск', 'Кировский', 'Wsdadas', '12/2', NULL, 'Центр', NULL, 45, 54, NULL, NULL),
(223, 'Россия', 'Ростовская область', NULL, 'Батайск', 'Кировский', 'Wsdadas', '12/2', NULL, 'Центр', NULL, 45, 54, NULL, NULL),
(224, 'Россия', 'Ростовская область', NULL, 'Таганрог', 'Кировский', 'Wsdadas', '12/2', NULL, 'Центр', NULL, 45, 54, NULL, NULL),
(225, 'Россия', 'Ростовская область', NULL, 'Азов', 'Кировский', 'Wsdadas', '12/2', NULL, 'Центр', NULL, 45, 54, NULL, NULL),
(226, 'Россия', 'Ростовская область', NULL, 'Ростов-на-Дону', 'Кировский', 'Wsdadas', '12/2', NULL, 'Центр', NULL, 45, 54, NULL, NULL),
(227, 'Россия', 'Ростовская область', NULL, 'Новочеркасск', 'Кировский', 'Wsdadas', '12/2', NULL, 'Центр', NULL, 45, 54, NULL, NULL),
(228, 'Россия', 'Ростовская область', NULL, 'Батайск', 'Кировский', 'Wsdadas', '12/2', NULL, 'Центр', NULL, 45, 54, NULL, NULL),
(229, 'Россия', 'Ростовская область', NULL, 'Таганрог', 'Кировский', 'Wsdadas', '12/2', NULL, 'Центр', NULL, 45, 54, NULL, NULL),
(230, 'Россия', 'Ростовская область', NULL, 'Азов', 'Кировский', 'Wsdadas', '12/2', NULL, 'Центр', NULL, 45, 54, NULL, NULL),
(231, 'Россия', 'Ростовская область', NULL, 'Ростов-на-Дону', 'Кировский', 'Wsdadas', '12/2', NULL, 'Центр', NULL, 45, 54, NULL, NULL),
(232, 'Россия', 'Ростовская область', NULL, 'Новочеркасск', 'Кировский', 'Wsdadas', '12/2', NULL, 'Центр', NULL, 45, 54, NULL, NULL),
(233, 'Россия', 'Ростовская область', NULL, 'Батайск', 'Кировский', 'Wsdadas', '12/2', NULL, 'Центр', NULL, 45, 54, NULL, NULL),
(234, 'Россия', 'Ростовская область', NULL, 'Таганрог', 'Кировский', 'Wsdadas', '12/2', NULL, 'Центр', NULL, 45, 54, NULL, NULL),
(235, 'Россия', 'Ростовская область', NULL, 'Азов', 'Кировский', 'Wsdadas', '12/2', NULL, 'Центр', NULL, 45, 54, NULL, NULL),
(236, 'Россия', 'Ростовская область', NULL, 'Ростов-на-Дону', 'Кировский', 'Wsdadas', '12/2', NULL, 'Центр', NULL, 45, 54, NULL, NULL),
(237, 'Россия', 'Ростовская область', NULL, 'Новочеркасск', 'Кировский', 'Wsdadas', '12/2', NULL, 'Центр', NULL, 45, 54, NULL, NULL),
(238, 'Россия', 'Ростовская область', NULL, 'Батайск', 'Кировский', 'Wsdadas', '12/2', NULL, 'Центр', NULL, 45, 54, NULL, NULL),
(239, 'Россия', 'Ростовская область', NULL, 'Таганрог', 'Кировский', 'Wsdadas', '12/2', NULL, 'Центр', NULL, 45, 54, NULL, NULL),
(240, 'Россия', 'Ростовская область', NULL, 'Азов', 'Кировский', 'Wsdadas', '12/2', NULL, 'Центр', NULL, 45, 54, NULL, NULL),
(241, 'Россия', 'Ростовская область', NULL, 'Ростов-на-Дону', 'Кировский', 'Wsdadas', '12/2', NULL, 'Центр', NULL, 45, 54, NULL, NULL),
(242, 'Россия', 'Ростовская область', NULL, 'Новочеркасск', 'Кировский', 'Wsdadas', '12/2', NULL, 'Центр', NULL, 45, 54, NULL, NULL),
(243, 'Россия', 'Ростовская область', NULL, 'Батайск', 'Кировский', 'Wsdadas', '12/2', NULL, 'Центр', NULL, 45, 54, NULL, NULL),
(244, 'Россия', 'Ростовская область', NULL, 'Таганрог', 'Кировский', 'Wsdadas', '12/2', NULL, 'Центр', NULL, 45, 54, NULL, NULL),
(245, 'Россия', 'Ростовская область', NULL, 'Азов', 'Кировский', 'Wsdadas', '12/2', NULL, 'Центр', NULL, 45, 54, NULL, NULL),
(246, 'Россия', 'Ростовская область', NULL, 'Ростов-на-Дону', 'Кировский', 'Wsdadas', '12/2', NULL, 'Центр', NULL, 45, 54, NULL, NULL),
(247, 'Россия', 'Ростовская область', NULL, 'Новочеркасск', 'Кировский', 'Wsdadas', '12/2', NULL, 'Центр', NULL, 45, 54, NULL, NULL),
(248, 'Россия', 'Ростовская область', NULL, 'Батайск', 'Кировский', 'Wsdadas', '12/2', NULL, 'Центр', NULL, 45, 54, NULL, NULL),
(249, 'Россия', 'Ростовская область', NULL, 'Таганрог', 'Кировский', 'Wsdadas', '12/2', NULL, 'Центр', NULL, 45, 54, NULL, NULL),
(250, 'Россия', 'Ростовская область', NULL, 'Азов', 'Кировский', 'Wsdadas', '12/2', NULL, 'Центр', NULL, 45, 54, NULL, NULL),
(251, 'Россия', 'Ростовская область', NULL, 'Ростов-на-Дону', 'Кировский', 'Wsdadas', '12/2', NULL, 'Центр', NULL, 45, 54, NULL, NULL),
(252, 'Россия', 'Ростовская область', NULL, 'Новочеркасск', 'Кировский', 'Wsdadas', '12/2', NULL, 'Центр', NULL, 45, 54, NULL, NULL),
(253, 'Россия', 'Ростовская область', NULL, 'Батайск', 'Кировский', 'Wsdadas', '12/2', NULL, 'Центр', NULL, 45, 54, NULL, NULL),
(254, 'Россия', 'Ростовская область', NULL, 'Таганрог', 'Кировский', 'Wsdadas', '12/2', NULL, 'Центр', NULL, 45, 54, NULL, NULL),
(255, 'Россия', 'Ростовская область', NULL, 'Азов', 'Кировский', 'Wsdadas', '12/2', NULL, 'Центр', NULL, 45, 54, NULL, NULL),
(256, 'Россия', 'Ростовская область', NULL, 'Ростов-на-Дону', 'Кировский', 'Wsdadas', '12/2', NULL, 'Центр', NULL, 45, 54, NULL, NULL),
(257, 'Россия', 'Ростовская область', NULL, 'Новочеркасск', 'Кировский', 'Wsdadas', '12/2', NULL, 'Центр', NULL, 45, 54, NULL, NULL),
(258, 'Россия', 'Ростовская область', NULL, 'Батайск', 'Кировский', 'Wsdadas', '12/2', NULL, 'Центр', NULL, 45, 54, NULL, NULL),
(259, 'Россия', 'Ростовская область', NULL, 'Таганрог', 'Кировский', 'Wsdadas', '12/2', NULL, 'Центр', NULL, 45, 54, NULL, NULL),
(260, 'Россия', 'Ростовская область', NULL, 'Азов', 'Кировский', 'Wsdadas', '12/2', NULL, 'Центр', NULL, 45, 54, NULL, NULL),
(261, 'Россия', 'Ростовская область', NULL, 'Ростов-на-Дону', 'Кировский', 'Wsdadas', '12/2', NULL, 'Центр', NULL, 45, 54, NULL, NULL),
(262, 'Россия', 'Ростовская область', NULL, 'Новочеркасск', 'Кировский', 'Wsdadas', '12/2', NULL, 'Центр', NULL, 45, 54, NULL, NULL),
(263, 'Россия', 'Ростовская область', NULL, 'Батайск', 'Кировский', 'Wsdadas', '12/2', NULL, 'Центр', NULL, 45, 54, NULL, NULL),
(264, 'Россия', 'Ростовская область', NULL, 'Таганрог', 'Кировский', 'Wsdadas', '12/2', NULL, 'Центр', NULL, 45, 54, NULL, NULL),
(265, 'Россия', 'Ростовская область', NULL, 'Азов', 'Кировский', 'Wsdadas', '12/2', NULL, 'Центр', NULL, 45, 54, NULL, NULL),
(266, 'Россия', 'Ростовская область', NULL, 'Ростов-на-Дону', 'Кировский', 'Wsdadas', '12/2', NULL, 'Центр', NULL, 45, 54, NULL, NULL),
(267, 'Россия', 'Ростовская область', NULL, 'Новочеркасск', 'Кировский', 'Wsdadas', '12/2', NULL, 'Центр', NULL, 45, 54, NULL, NULL),
(268, 'Россия', 'Ростовская область', NULL, 'Батайск', 'Кировский', 'Wsdadas', '12/2', NULL, 'Центр', NULL, 45, 54, NULL, NULL),
(269, 'Россия', 'Ростовская область', NULL, 'Таганрог', 'Кировский', 'Wsdadas', '12/2', NULL, 'Центр', NULL, 45, 54, NULL, NULL),
(270, 'Россия', 'Ростовская область', NULL, 'Азов', 'Кировский', 'Wsdadas', '12/2', NULL, 'Центр', NULL, 45, 54, NULL, NULL),
(271, 'Россия', 'Ростовская область', NULL, 'Ростов-на-Дону', 'Кировский', 'Wsdadas', '12/2', NULL, 'Центр', NULL, 45, 54, NULL, NULL),
(272, 'Россия', 'Ростовская область', NULL, 'Новочеркасск', 'Кировский', 'Wsdadas', '12/2', NULL, 'Центр', NULL, 45, 54, NULL, NULL),
(273, 'Россия', 'Ростовская область', NULL, 'Батайск', 'Кировский', 'Wsdadas', '12/2', NULL, 'Центр', NULL, 45, 54, NULL, NULL),
(274, 'Россия', 'Ростовская область', NULL, 'Таганрог', 'Кировский', 'Wsdadas', '12/2', NULL, 'Центр', NULL, 45, 54, NULL, NULL),
(275, 'Россия', 'Ростовская область', NULL, 'Азов', 'Кировский', 'Wsdadas', '12/2', NULL, 'Центр', NULL, 45, 54, NULL, NULL);
INSERT INTO `addresses` (`id`, `country`, `administrative_area`, `subadministrative_area`, `locality`, `dependent_locality`, `thoroughfare`, `premise`, `premise_promotion`, `district`, `id_pivot_unofficial_district`, `latitude`, `longitude`, `created_at`, `updated_at`) VALUES
(276, 'Россия', 'Ростовская область', NULL, 'Ростов-на-Дону', 'Кировский', 'Wsdadas', '12/2', NULL, 'Центр', NULL, 45, 54, NULL, NULL),
(277, 'Россия', 'Ростовская область', NULL, 'Новочеркасск', 'Кировский', 'Wsdadas', '12/2', NULL, 'Центр', NULL, 45, 54, NULL, NULL),
(278, 'Россия', 'Ростовская область', NULL, 'Батайск', 'Кировский', 'Wsdadas', '12/2', NULL, 'Центр', NULL, 45, 54, NULL, NULL),
(279, 'Россия', 'Ростовская область', NULL, 'Таганрог', 'Кировский', 'Wsdadas', '12/2', NULL, 'Центр', NULL, 45, 54, NULL, NULL),
(280, 'Россия', 'Ростовская область', NULL, 'Азов', 'Кировский', 'Wsdadas', '12/2', NULL, 'Центр', NULL, 45, 54, NULL, NULL),
(281, 'Россия', 'Ростовская область', NULL, 'Ростов-на-Дону', 'Кировский', 'Wsdadas', '12/2', NULL, 'Центр', NULL, 45, 54, NULL, NULL),
(282, 'Россия', 'Ростовская область', NULL, 'Новочеркасск', 'Кировский', 'Wsdadas', '12/2', NULL, 'Центр', NULL, 45, 54, NULL, NULL),
(283, 'Россия', 'Ростовская область', NULL, 'Батайск', 'Кировский', 'Wsdadas', '12/2', NULL, 'Центр', NULL, 45, 54, NULL, NULL),
(284, 'Россия', 'Ростовская область', NULL, 'Таганрог', 'Кировский', 'Wsdadas', '12/2', NULL, 'Центр', NULL, 45, 54, NULL, NULL),
(285, 'Россия', 'Ростовская область', NULL, 'Азов', 'Кировский', 'Wsdadas', '12/2', NULL, 'Центр', NULL, 45, 54, NULL, NULL),
(286, 'Россия', 'Ростовская область', NULL, 'Ростов-на-Дону', 'Кировский', 'Wsdadas', '12/2', NULL, 'Центр', NULL, 45, 54, NULL, NULL),
(287, 'Россия', 'Ростовская область', NULL, 'Новочеркасск', 'Кировский', 'Wsdadas', '12/2', NULL, 'Центр', NULL, 45, 54, NULL, NULL),
(288, 'Россия', 'Ростовская область', NULL, 'Батайск', 'Кировский', 'Wsdadas', '12/2', NULL, 'Центр', NULL, 45, 54, NULL, NULL),
(289, 'Россия', 'Ростовская область', NULL, 'Таганрог', 'Кировский', 'Wsdadas', '12/2', NULL, 'Центр', NULL, 45, 54, NULL, NULL),
(290, 'Россия', 'Ростовская область', NULL, 'Азов', 'Кировский', 'Wsdadas', '12/2', NULL, 'Центр', NULL, 45, 54, NULL, NULL),
(291, 'Россия', 'Ростовская область', NULL, 'Ростов-на-Дону', 'Кировский', 'Wsdadas', '12/2', NULL, 'Центр', NULL, 45, 54, NULL, NULL),
(292, 'Россия', 'Ростовская область', NULL, 'Новочеркасск', 'Кировский', 'Wsdadas', '12/2', NULL, 'Центр', NULL, 45, 54, NULL, NULL),
(293, 'Россия', 'Ростовская область', NULL, 'Батайск', 'Кировский', 'Wsdadas', '12/2', NULL, 'Центр', NULL, 45, 54, NULL, NULL),
(294, 'Россия', 'Ростовская область', NULL, 'Таганрог', 'Кировский', 'Wsdadas', '12/2', NULL, 'Центр', NULL, 45, 54, NULL, NULL),
(295, 'Россия', 'Ростовская область', NULL, 'Азов', 'Кировский', 'Wsdadas', '12/2', NULL, 'Центр', NULL, 45, 54, NULL, NULL),
(296, 'Россия', 'Ростовская область', NULL, 'Ростов-на-Дону', 'Кировский', 'Wsdadas', '12/2', NULL, 'Центр', NULL, 45, 54, NULL, NULL),
(297, 'Россия', 'Ростовская область', NULL, 'Новочеркасск', 'Кировский', 'Wsdadas', '12/2', NULL, 'Центр', NULL, 45, 54, NULL, NULL),
(298, 'Россия', 'Ростовская область', NULL, 'Батайск', 'Кировский', 'Wsdadas', '12/2', NULL, 'Центр', NULL, 45, 54, NULL, NULL),
(299, 'Россия', 'Ростовская область', NULL, 'Таганрог', 'Кировский', 'Wsdadas', '12/2', NULL, 'Центр', NULL, 45, 54, NULL, NULL),
(300, 'Россия', 'Ростовская область', NULL, 'Азов', 'Кировский', 'Wsdadas', '12/2', NULL, 'Центр', NULL, 45, 54, NULL, NULL),
(301, 'Россия', 'Ростовская область', NULL, 'Ростов-на-Дону', 'Кировский', 'Wsdadas', '12/2', NULL, 'Центр', NULL, 45, 54, NULL, NULL),
(302, 'Россия', 'Ростовская область', NULL, 'Новочеркасск', 'Кировский', 'Wsdadas', '12/2', NULL, 'Центр', NULL, 45, 54, NULL, NULL),
(303, 'Россия', 'Ростовская область', NULL, 'Батайск', 'Кировский', 'Wsdadas', '12/2', NULL, 'Центр', NULL, 45, 54, NULL, NULL),
(304, 'Россия', 'Ростовская область', NULL, 'Таганрог', 'Кировский', 'Wsdadas', '12/2', NULL, 'Центр', NULL, 45, 54, NULL, NULL),
(305, 'Россия', 'Ростовская область', NULL, 'Азов', 'Кировский', 'Wsdadas', '12/2', NULL, 'Центр', NULL, 45, 54, NULL, NULL),
(306, 'Россия', 'Ростовская область', NULL, 'Ростов-на-Дону', 'Кировский', 'Wsdadas', '12/2', NULL, 'Центр', NULL, 45, 54, NULL, NULL),
(307, 'Россия', 'Ростовская область', NULL, 'Новочеркасск', 'Кировский', 'Wsdadas', '12/2', NULL, 'Центр', NULL, 45, 54, NULL, NULL),
(308, 'Россия', 'Ростовская область', NULL, 'Батайск', 'Кировский', 'Wsdadas', '12/2', NULL, 'Центр', NULL, 45, 54, NULL, NULL),
(309, 'Россия', 'Ростовская область', NULL, 'Таганрог', 'Кировский', 'Wsdadas', '12/2', NULL, 'Центр', NULL, 45, 54, NULL, NULL),
(310, 'Россия', 'Ростовская область', NULL, 'Азов', 'Кировский', 'Wsdadas', '12/2', NULL, 'Центр', NULL, 45, 54, NULL, NULL),
(311, 'Россия', 'Ростовская область', NULL, 'Ростов-на-Дону', 'Кировский', 'Wsdadas', '12/2', NULL, 'Центр', NULL, 45, 54, NULL, NULL),
(312, 'Россия', 'Ростовская область', NULL, 'Новочеркасск', 'Кировский', 'Wsdadas', '12/2', NULL, 'Центр', NULL, 45, 54, NULL, NULL),
(313, 'Россия', 'Ростовская область', NULL, 'Батайск', 'Кировский', 'Wsdadas', '12/2', NULL, 'Центр', NULL, 45, 54, NULL, NULL),
(314, 'Россия', 'Ростовская область', NULL, 'Таганрог', 'Кировский', 'Wsdadas', '12/2', NULL, 'Центр', NULL, 45, 54, NULL, NULL),
(315, 'Россия', 'Ростовская область', NULL, 'Азов', 'Кировский', 'Wsdadas', '12/2', NULL, 'Центр', NULL, 45, 54, NULL, NULL),
(316, 'Россия', 'Ростовская область', NULL, 'Ростов-на-Дону', 'Кировский', 'Wsdadas', '12/2', NULL, 'Центр', NULL, 45, 54, NULL, NULL),
(317, 'Россия', 'Ростовская область', NULL, 'Новочеркасск', 'Кировский', 'Wsdadas', '12/2', NULL, 'Центр', NULL, 45, 54, NULL, NULL),
(318, 'Россия', 'Ростовская область', NULL, 'Батайск', 'Кировский', 'Wsdadas', '12/2', NULL, 'Центр', NULL, 45, 54, NULL, NULL),
(319, 'Россия', 'Ростовская область', NULL, 'Таганрог', 'Кировский', 'Wsdadas', '12/2', NULL, 'Центр', NULL, 45, 54, NULL, NULL),
(320, 'Россия', 'Ростовская область', NULL, 'Азов', 'Кировский', 'Wsdadas', '12/2', NULL, 'Центр', NULL, 45, 54, NULL, NULL),
(321, 'Россия', 'Ростовская область', NULL, 'Ростов-на-Дону', 'Кировский', 'Wsdadas', '12/2', NULL, 'Центр', NULL, 45, 54, NULL, NULL),
(322, 'Россия', 'Ростовская область', NULL, 'Новочеркасск', 'Кировский', 'Wsdadas', '12/2', NULL, 'Центр', NULL, 45, 54, NULL, NULL),
(323, 'Россия', 'Ростовская область', NULL, 'Батайск', 'Ленинский', '2-я Степная', '45', NULL, 'Александровка', NULL, 51.604284, 45.906256, NULL, NULL),
(324, 'Россия', 'Ростовская область', NULL, 'Таганрог', 'Ленинский', 'Черевичкина', '19/12', NULL, 'Другие', NULL, 40, 50, NULL, NULL),
(325, 'Россия', 'Ростовская область', NULL, 'Азов', 'Октябрьский', 'Большая Садовая', '10/19', NULL, 'Александровка', NULL, 56.111559, 69.451782, NULL, NULL),
(326, 'Россия', 'Ростовская область', NULL, 'Ростов-на-Дону', 'Октябрьский', 'Улица', '10/19', NULL, 'Орджоникидзе', NULL, 51.741254, 39.168999, NULL, NULL),
(327, 'Россия', 'Ростовская область', NULL, 'Новочеркасск', 'Октябрьский', 'Мичурина', '16/60', NULL, 'Сельмаш', NULL, 51.530604, 46.008816, NULL, NULL),
(328, 'Россия', 'Ростовская область', NULL, 'Батайск', 'Пролетарский', 'Кавказская', '78', NULL, 'Александровка', NULL, 51.763199, 36.176208, NULL, NULL),
(329, 'Россия', 'Ростовская область', NULL, 'Таганрог', 'Пролетарский', 'рпк', '19', NULL, 'Александровка', NULL, 56.750048, 60.056635, NULL, NULL),
(330, 'Россия', 'Ростовская область', NULL, 'Азов', 'Советский', 'Соколова', '80/5', NULL, 'Центр', NULL, 50.599708, 36.633324, NULL, NULL);

-- --------------------------------------------------------

--
-- Table structure for table `agreement_cooperation`
--

CREATE TABLE IF NOT EXISTS `agreement_cooperation` (
  `created_at` timestamp NULL DEFAULT NULL,
  `updated_at` timestamp NULL DEFAULT NULL,
  `id` bigint(10) NOT NULL AUTO_INCREMENT,
  `id_status_request` bigint(10) NOT NULL COMMENT 'Статус запроса',
  `number_agreement_cooperation` varchar(50) NOT NULL COMMENT 'Номер договора сотрудничества',
  `id_employee_client` bigint(10) NOT NULL COMMENT 'Сотрудник, закрепленный за клиентом',
  `id_employee_object` bigint(10) NOT NULL COMMENT 'Сотрудник, закрепленный за объектом недвижимости',
  `comment_request` varchar(255) NOT NULL COMMENT 'Комментарий',
  `date_result` timestamp NOT NULL DEFAULT '0000-00-00 00:00:00' COMMENT 'Дата принятия договора',
  `date_request` timestamp NOT NULL DEFAULT '0000-00-00 00:00:00' COMMENT 'Дата создания запроса на сотрудничество',
  PRIMARY KEY (`id`),
  KEY `id_status_request` (`id_status_request`),
  KEY `id_employee_client` (`id_employee_client`),
  KEY `id_employee_object` (`id_employee_object`)
) ENGINE=InnoDB  DEFAULT CHARSET=utf8 COMMENT='Договоры сотрудничества' AUTO_INCREMENT=7 ;

--
-- Dumping data for table `agreement_cooperation`
--

INSERT INTO `agreement_cooperation` (`created_at`, `updated_at`, `id`, `id_status_request`, `number_agreement_cooperation`, `id_employee_client`, `id_employee_object`, `comment_request`, `date_result`, `date_request`) VALUES
(NULL, '2016-08-08 21:47:22', 1, 1, '45435###!', 1, 4, 'gfdgf', '2016-08-08 00:00:00', '2016-08-02 00:00:00'),
('2016-08-08 21:22:46', '2016-08-08 21:22:46', 3, 3, '', 1, 4, '', '0000-00-00 00:00:00', '2016-08-08 00:00:00'),
('2016-08-08 21:48:30', '2016-08-08 21:48:48', 4, 2, '', 1, 4, '', '2016-08-08 00:00:00', '2016-08-08 00:00:00'),
('2016-08-08 21:49:03', '2016-08-08 21:49:10', 5, 1, '34234', 1, 4, 'dsfsdf', '2016-08-08 00:00:00', '2016-08-08 00:00:00'),
('2016-08-08 23:02:23', '2016-08-08 23:02:59', 6, 1, '213123', 1, 4, 'sdfd', '2016-08-08 00:00:00', '2016-08-08 00:00:00');

-- --------------------------------------------------------

--
-- Table structure for table `agreement_exclusive`
--

CREATE TABLE IF NOT EXISTS `agreement_exclusive` (
  `created_at` timestamp NULL DEFAULT NULL,
  `updated_at` timestamp NULL DEFAULT NULL,
  `id` bigint(10) NOT NULL AUTO_INCREMENT,
  `number_agreement` varchar(50) NOT NULL COMMENT 'Номер договора',
  `id_realestate` bigint(10) NOT NULL COMMENT 'Объект недвижимости',
  `date_begin` timestamp NOT NULL DEFAULT '0000-00-00 00:00:00' COMMENT 'Дата начала договора',
  `date_end` timestamp NOT NULL DEFAULT '0000-00-00 00:00:00' COMMENT 'Дата окончания договора',
  `text_agreement` text NOT NULL COMMENT 'Текст договора',
  `removal_reason` varchar(255) DEFAULT NULL COMMENT 'Причина расторжения договора',
  `date_removal` timestamp NULL DEFAULT '0000-00-00 00:00:00' COMMENT 'Дата расторжения договора',
  `status_termination` tinyint(1) DEFAULT NULL COMMENT 'статус расторжения',
  `id_employee` bigint(10) NOT NULL COMMENT 'Сотрудник, создавший договор',
  PRIMARY KEY (`id`),
  KEY `id_realestate` (`id_realestate`,`id_employee`),
  KEY `agreement_exclusive_ibfk_2` (`id_employee`)
) ENGINE=InnoDB  DEFAULT CHARSET=utf8 COMMENT='Договора эксклюзива' AUTO_INCREMENT=3 ;

--
-- Dumping data for table `agreement_exclusive`
--

INSERT INTO `agreement_exclusive` (`created_at`, `updated_at`, `id`, `number_agreement`, `id_realestate`, `date_begin`, `date_end`, `text_agreement`, `removal_reason`, `date_removal`, `status_termination`, `id_employee`) VALUES
(NULL, NULL, 1, 'X01', 47, '2016-07-12 00:00:00', '2016-08-02 00:00:00', '', 'самостоятельно продал', '2016-08-02 00:00:00', NULL, 1),
(NULL, NULL, 2, 'x02', 50, '2016-07-15 00:00:00', '2016-08-19 00:00:00', '', NULL, NULL, NULL, 1);

-- --------------------------------------------------------

--
-- Table structure for table `agreement_showing`
--

CREATE TABLE IF NOT EXISTS `agreement_showing` (
  `id` bigint(10) NOT NULL AUTO_INCREMENT,
  `agreement_number` varchar(50) NOT NULL COMMENT 'Номер договора',
  `id_employee` bigint(10) NOT NULL COMMENT 'Агент',
  `id_client` bigint(10) NOT NULL COMMENT 'Конкретный клиент, не заявка (!)',
  `date` timestamp NULL DEFAULT NULL COMMENT 'Дата заключения',
  `comment` text COMMENT 'Комментарий',
  `created_at` timestamp NULL DEFAULT NULL,
  `updated_at` timestamp NULL DEFAULT NULL,
  PRIMARY KEY (`id`),
  KEY `id_employee` (`id_employee`,`id_client`),
  KEY `id_client` (`id_client`)
) ENGINE=InnoDB DEFAULT CHARSET=utf8 COMMENT='Договора показа ОН' AUTO_INCREMENT=1 ;

--
-- Dumping data for table `agreement_showing`
--


-- --------------------------------------------------------

--
-- Table structure for table `agreement_showing_history`
--

CREATE TABLE IF NOT EXISTS `agreement_showing_history` (
  `id` bigint(10) NOT NULL AUTO_INCREMENT,
  `id_employee` bigint(10) NOT NULL COMMENT 'Сотрудник, совершивший действие',
  `action` tinyint(1) NOT NULL COMMENT 'Действие: создание (0) или изменение (1)',
  `date` timestamp NULL DEFAULT NULL COMMENT 'Дата совершения действия',
  `description` text NOT NULL COMMENT 'Описание внесенных изменений',
  `id_agreement_showing` bigint(10) NOT NULL COMMENT 'Идентификатор договора показа',
  `created_at` timestamp NULL DEFAULT NULL,
  `updated_at` timestamp NULL DEFAULT NULL,
  PRIMARY KEY (`id`),
  KEY `id_employee` (`id_employee`,`id_agreement_showing`),
  KEY `id_agreement_showing` (`id_agreement_showing`)
) ENGINE=InnoDB DEFAULT CHARSET=utf8 COMMENT='История по договору показа' AUTO_INCREMENT=1 ;

--
-- Dumping data for table `agreement_showing_history`
--


-- --------------------------------------------------------

--
-- Table structure for table `agreement_showing_realestate`
--

CREATE TABLE IF NOT EXISTS `agreement_showing_realestate` (
  `id` bigint(10) NOT NULL AUTO_INCREMENT,
  `id_agreement_showing` bigint(10) NOT NULL COMMENT 'Договор показа',
  `id_realestate` bigint(10) NOT NULL COMMENT 'Идентификатор ОН',
  PRIMARY KEY (`id`),
  KEY `id_agreement_showing` (`id_agreement_showing`,`id_realestate`),
  KEY `id_realestate` (`id_realestate`)
) ENGINE=InnoDB DEFAULT CHARSET=utf8 AUTO_INCREMENT=1 ;

--
-- Dumping data for table `agreement_showing_realestate`
--


-- --------------------------------------------------------

--
-- Table structure for table `api_sessions`
--

CREATE TABLE IF NOT EXISTS `api_sessions` (
  `id` bigint(20) NOT NULL AUTO_INCREMENT,
  `id_user` bigint(20) NOT NULL,
  `api_key` varchar(25) NOT NULL,
  `created_at` timestamp NOT NULL DEFAULT '0000-00-00 00:00:00' ON UPDATE CURRENT_TIMESTAMP,
  PRIMARY KEY (`id`),
  KEY `id_user` (`id_user`)
) ENGINE=InnoDB  DEFAULT CHARSET=utf8 AUTO_INCREMENT=4 ;

--
-- Dumping data for table `api_sessions`
--

INSERT INTO `api_sessions` (`id`, `id_user`, `api_key`, `created_at`) VALUES
(1, 1, '61a6add878038d2', '2016-05-07 20:40:25'),
(3, 5, 'f2f7e1ee86c1436', '2016-05-13 11:14:20');

-- --------------------------------------------------------

--
-- Table structure for table `application`
--

CREATE TABLE IF NOT EXISTS `application` (
  `id` bigint(10) NOT NULL AUTO_INCREMENT,
  `application_number` varchar(25) NOT NULL DEFAULT '' COMMENT 'ID / идентификатор / номер заявки.',
  `application_instance_id` bigint(10) DEFAULT NULL,
  `application_instance_type` tinytext,
  `id_application_status` bigint(10) NOT NULL COMMENT 'Статус заявки',
  `is_firm` tinyint(1) DEFAULT NULL COMMENT 'Признак поступления заявки от организации',
  `id_source` bigint(10) DEFAULT NULL COMMENT 'Источник поступления заявки',
  `id_promotion` bigint(10) DEFAULT NULL COMMENT 'Акция',
  `is_vip` tinyint(1) DEFAULT NULL COMMENT 'Признак VIP клиента',
  `description` text COMMENT 'Описание',
  `id_address` bigint(10) DEFAULT NULL COMMENT 'Адрес, введенный в заявке',
  `with_firms` tinyint(1) NOT NULL COMMENT 'Отбирать также те ОН, у которых контактное лицо - фирма',
  `only_with_photo` tinyint(1) NOT NULL COMMENT 'Только ОН с фотографиями',
  `search_area` enum('0','1','2','') NOT NULL COMMENT 'Где будем искать. 0 - Свои варианты, 1 - Офис, 2 - Все агентство',
  `id_employee_assigned` bigint(10) DEFAULT NULL COMMENT 'Закрепленный сотрудник. В теории, если NULL, то заявка пришла с сайта.',
  `id_employee_create` bigint(10) DEFAULT NULL COMMENT 'Создавший сотрудник. В теории, если пришла с сайта, то NULL',
  `created_at` timestamp NULL DEFAULT NULL,
  `updated_at` timestamp NULL DEFAULT NULL,
  PRIMARY KEY (`id`),
  KEY `id_employee_assigned` (`id_employee_assigned`,`id_employee_create`),
  KEY `id_promotion` (`id_promotion`),
  KEY `id_address` (`id_address`),
  KEY `id_application_status` (`id_application_status`),
  KEY `id_employee_create` (`id_employee_create`),
  KEY `application_ibfk_1` (`id_source`)
) ENGINE=InnoDB DEFAULT CHARSET=utf8 COMMENT='Таблица заявок.\r\n\r\nСвязана с конкретными объектами недвижимости и конкретной заявкой заявкой.' AUTO_INCREMENT=1 ;

--
-- Dumping data for table `application`
--


-- --------------------------------------------------------

--
-- Table structure for table `application_address`
--

CREATE TABLE IF NOT EXISTS `application_address` (
  `id` bigint(10) NOT NULL AUTO_INCREMENT,
  `id_administrative_district` bigint(10) DEFAULT NULL COMMENT 'Официальное название района',
  `id_district` bigint(10) DEFAULT NULL COMMENT 'Объект района',
  `created_at` timestamp NULL DEFAULT NULL,
  `updated_at` timestamp NULL DEFAULT NULL,
  PRIMARY KEY (`id`),
  KEY `id_district` (`id_district`),
  KEY `id_administrative_district` (`id_administrative_district`) USING BTREE
) ENGINE=InnoDB DEFAULT CHARSET=utf8 COMMENT='Адрес, указанный в заявке' AUTO_INCREMENT=1 ;

--
-- Dumping data for table `application_address`
--


-- --------------------------------------------------------

--
-- Table structure for table `application_apartment`
--

CREATE TABLE IF NOT EXISTS `application_apartment` (
  `id` bigint(10) NOT NULL AUTO_INCREMENT,
  `is_finish_build` tinyint(1) NOT NULL COMMENT 'Стройвариант?',
  `id_finish_build` bigint(10) DEFAULT NULL COMMENT 'Стройвариант - сдан / не сдан. Доступно, в случае Стройвариант = 1',
  `cost_from` double DEFAULT NULL COMMENT 'Цена, от',
  `cost_to` double DEFAULT NULL COMMENT 'Цена, до',
  `total_area_from` double DEFAULT NULL COMMENT 'Общая площадь, от',
  `total_area_to` double DEFAULT NULL COMMENT 'Общая площадь, до',
  `living_area_from` double DEFAULT NULL COMMENT 'Жилая площадь, от',
  `living_area_to` double DEFAULT NULL COMMENT 'Жилая площаь, до',
  `kitchen_area_from` double DEFAULT NULL COMMENT 'Кухонная площадь, от',
  `kitchen_area_to` double DEFAULT NULL COMMENT 'Кухонная площадь, до',
  `floor` tinyint(4) DEFAULT NULL COMMENT 'Этаж',
  `floor_all` tinyint(4) DEFAULT NULL COMMENT 'Всего этажей',
  `not_first` tinyint(1) DEFAULT NULL COMMENT 'Не первый',
  `not_last` tinyint(1) DEFAULT NULL COMMENT 'Не последний',
  `id_wall_material` bigint(10) DEFAULT NULL COMMENT 'Материал стен',
  `id_fund` bigint(10) DEFAULT NULL COMMENT 'Фонд',
  `id_realestate_state` bigint(10) DEFAULT NULL COMMENT 'Состояние',
  `created_at` timestamp NULL DEFAULT NULL,
  `updated_at` timestamp NULL DEFAULT NULL,
  PRIMARY KEY (`id`),
  KEY `id_finish_build` (`id_finish_build`),
  KEY `id_address` (`id_wall_material`,`id_fund`,`id_realestate_state`),
  KEY `application_apartment_ibfk_5` (`id_fund`),
  KEY `application_apartment_ibfk_6` (`id_realestate_state`)
) ENGINE=InnoDB  DEFAULT CHARSET=utf8 COMMENT='Заявки для квартир' AUTO_INCREMENT=2 ;

--
-- Dumping data for table `application_apartment`
--

INSERT INTO `application_apartment` (`id`, `is_finish_build`, `id_finish_build`, `cost_from`, `cost_to`, `total_area_from`, `total_area_to`, `living_area_from`, `living_area_to`, `kitchen_area_from`, `kitchen_area_to`, `floor`, `floor_all`, `not_first`, `not_last`, `id_wall_material`, `id_fund`, `id_realestate_state`, `created_at`, `updated_at`) VALUES
(1, 1, NULL, NULL, NULL, NULL, NULL, NULL, NULL, NULL, NULL, NULL, NULL, NULL, NULL, NULL, NULL, NULL, NULL, NULL);

-- --------------------------------------------------------

--
-- Table structure for table `application_archieve`
--

CREATE TABLE IF NOT EXISTS `application_archieve` (
  `id` bigint(10) NOT NULL AUTO_INCREMENT,
  `id_application` bigint(10) NOT NULL COMMENT 'Идентификатор заявки',
  `date` timestamp NULL DEFAULT NULL COMMENT 'Дата переноса в архив',
  `reason` text NOT NULL COMMENT 'Причина переноса в архив',
  `id_employee` bigint(10) NOT NULL COMMENT 'Сотрудник, совершивший действие',
  `created_at` timestamp NULL DEFAULT NULL,
  `updated_at` timestamp NULL DEFAULT NULL,
  PRIMARY KEY (`id`),
  KEY `id_application` (`id_application`,`id_employee`),
  KEY `id_employee` (`id_employee`)
) ENGINE=InnoDB DEFAULT CHARSET=utf8 COMMENT='Архив заявок.' AUTO_INCREMENT=1 ;

--
-- Dumping data for table `application_archieve`
--


-- --------------------------------------------------------

--
-- Table structure for table `application_client`
--

CREATE TABLE IF NOT EXISTS `application_client` (
  `id` bigint(10) NOT NULL AUTO_INCREMENT,
  `id_client` bigint(10) NOT NULL COMMENT 'Конкретный клиент',
  `id_application` bigint(10) NOT NULL COMMENT 'Конкретная заявка',
  PRIMARY KEY (`id`),
  KEY `id_client` (`id_client`,`id_application`),
  KEY `id_application` (`id_application`)
) ENGINE=InnoDB DEFAULT CHARSET=utf8 COMMENT='Перекрестная таблица. Заявки - клиенты' AUTO_INCREMENT=1 ;

--
-- Dumping data for table `application_client`
--


-- --------------------------------------------------------

--
-- Table structure for table `application_commercial`
--

CREATE TABLE IF NOT EXISTS `application_commercial` (
  `id` bigint(10) NOT NULL AUTO_INCREMENT,
  `total_area_from` double DEFAULT NULL COMMENT 'Общая площадь, от',
  `total_area_to` double DEFAULT NULL COMMENT 'Общая площадь, до',
  `hall_area_from` double DEFAULT NULL COMMENT 'Площадь зала, от',
  `hall_area_to` double DEFAULT NULL COMMENT 'Площадь зала, до',
  `land_area_from` double DEFAULT NULL COMMENT 'Площадь участка, от',
  `land_area_to` double DEFAULT NULL COMMENT 'Площадь участка, до',
  `rent_area_from` double DEFAULT NULL COMMENT 'Площадь аренды, от',
  `rent_area_to` double DEFAULT NULL COMMENT 'Площадь аренды, до',
  `has_elevator` tinyint(1) DEFAULT NULL COMMENT 'Есть лифт?',
  `sell_price_from` double DEFAULT NULL COMMENT 'Цена продажи, от',
  `sell_price_to` double DEFAULT NULL COMMENT 'Цена продажи, до',
  `sell_price_meter_from` double DEFAULT NULL COMMENT 'Цена продажи за кв. метр, от',
  `sell_price_meter_to` double DEFAULT NULL COMMENT 'Цена продажи за кв. метр, до',
  `rent_price_from` double DEFAULT NULL COMMENT 'Цена аренды, от',
  `rent_price_to` double DEFAULT NULL COMMENT 'Цена аренды, до',
  `rent_price_meter_from` double DEFAULT NULL COMMENT 'Цена аренды за кв. метр, от',
  `rent_price_meter_to` double DEFAULT NULL COMMENT 'Цена аренды за кв. метр, до',
  `created_at` timestamp NULL DEFAULT NULL,
  `updated_at` timestamp NULL DEFAULT NULL,
  PRIMARY KEY (`id`)
) ENGINE=InnoDB  DEFAULT CHARSET=utf8 COMMENT='Заявки на КН' AUTO_INCREMENT=3 ;

--
-- Dumping data for table `application_commercial`
--

INSERT INTO `application_commercial` (`id`, `total_area_from`, `total_area_to`, `hall_area_from`, `hall_area_to`, `land_area_from`, `land_area_to`, `rent_area_from`, `rent_area_to`, `has_elevator`, `sell_price_from`, `sell_price_to`, `sell_price_meter_from`, `sell_price_meter_to`, `rent_price_from`, `rent_price_to`, `rent_price_meter_from`, `rent_price_meter_to`, `created_at`, `updated_at`) VALUES
(2, NULL, NULL, NULL, NULL, NULL, NULL, NULL, NULL, NULL, NULL, NULL, NULL, NULL, NULL, NULL, NULL, NULL, NULL, NULL);

-- --------------------------------------------------------

--
-- Table structure for table `application_commercial_commercial_communication`
--

CREATE TABLE IF NOT EXISTS `application_commercial_commercial_communication` (
  `id` bigint(10) NOT NULL AUTO_INCREMENT,
  `id_application_commercial` bigint(10) NOT NULL COMMENT 'Заявка объекта КН',
  `id_commercial_communication` bigint(10) NOT NULL COMMENT 'Коммерческая коммуникация',
  PRIMARY KEY (`id`),
  KEY `id_application_commercial` (`id_application_commercial`,`id_commercial_communication`),
  KEY `id_commercial_communication` (`id_commercial_communication`)
) ENGINE=InnoDB DEFAULT CHARSET=utf8 AUTO_INCREMENT=1 ;

--
-- Dumping data for table `application_commercial_commercial_communication`
--


-- --------------------------------------------------------

--
-- Table structure for table `application_commercial_lifting_equipment`
--

CREATE TABLE IF NOT EXISTS `application_commercial_lifting_equipment` (
  `id` bigint(10) NOT NULL AUTO_INCREMENT,
  `id_application_commercial` bigint(10) NOT NULL COMMENT 'Заявка на объект КН',
  `id_lifting_equipment` bigint(10) NOT NULL COMMENT 'Подъемное средство',
  PRIMARY KEY (`id`),
  KEY `id_application_commercial` (`id_application_commercial`,`id_lifting_equipment`),
  KEY `id_lifting_equipment` (`id_lifting_equipment`)
) ENGINE=InnoDB DEFAULT CHARSET=utf8 AUTO_INCREMENT=1 ;

--
-- Dumping data for table `application_commercial_lifting_equipment`
--


-- --------------------------------------------------------

--
-- Table structure for table `application_commercial_profiles`
--

CREATE TABLE IF NOT EXISTS `application_commercial_profiles` (
  `id` bigint(10) NOT NULL AUTO_INCREMENT,
  `id_application_commercial` bigint(10) NOT NULL COMMENT 'Заявка на КН',
  `id_profile` bigint(10) NOT NULL COMMENT 'Профиль',
  PRIMARY KEY (`id`),
  KEY `id_application_commercial` (`id_application_commercial`,`id_profile`),
  KEY `id_profile` (`id_profile`)
) ENGINE=InnoDB DEFAULT CHARSET=utf8 COMMENT='Заявки на КН - профили\r\nПерекрестная таблица.' AUTO_INCREMENT=1 ;

--
-- Dumping data for table `application_commercial_profiles`
--


-- --------------------------------------------------------

--
-- Table structure for table `application_households`
--

CREATE TABLE IF NOT EXISTS `application_households` (
  `id` bigint(10) NOT NULL AUTO_INCREMENT,
  `cost_from` double DEFAULT NULL COMMENT 'Цена, от',
  `cost_to` double DEFAULT NULL COMMENT 'Цена, до',
  `stead_from` int(11) DEFAULT NULL COMMENT 'Участок, от',
  `stead_to` int(11) DEFAULT NULL COMMENT 'Участок, до',
  `total_area_from` double DEFAULT NULL COMMENT 'Общая площадь, от',
  `total_area_to` double DEFAULT NULL COMMENT 'Общая площадь, до',
  `living_area_from` double DEFAULT NULL COMMENT 'Жилая площадь, от',
  `living_area_to` double DEFAULT NULL COMMENT 'Жилая площадь, до',
  `kitchen_area_from` double DEFAULT NULL COMMENT 'Кухонная площадь, от',
  `kitchen_area_to` double DEFAULT NULL COMMENT 'Кухонная площадь, до',
  `id_wall_material` bigint(10) DEFAULT NULL COMMENT 'Материал стен',
  `id_realestate_state` bigint(10) DEFAULT NULL COMMENT 'Состояние',
  `id_entry` bigint(10) DEFAULT NULL COMMENT 'Въезд',
  `created_at` timestamp NULL DEFAULT NULL,
  `updated_at` timestamp NULL DEFAULT NULL,
  PRIMARY KEY (`id`),
  KEY `id_wall_material` (`id_wall_material`,`id_realestate_state`,`id_entry`),
  KEY `application_households_ibfk_2` (`id_realestate_state`),
  KEY `id_entry` (`id_entry`)
) ENGINE=InnoDB DEFAULT CHARSET=utf8 COMMENT='Заявки на домовладения' AUTO_INCREMENT=1 ;

--
-- Dumping data for table `application_households`
--


-- --------------------------------------------------------

--
-- Table structure for table `application_land`
--

CREATE TABLE IF NOT EXISTS `application_land` (
  `id` bigint(10) NOT NULL AUTO_INCREMENT,
  `cost_from` double DEFAULT NULL COMMENT 'Цена, от',
  `cost_to` double DEFAULT NULL COMMENT 'Цена, до',
  `stead_from` int(11) DEFAULT NULL COMMENT 'Земельный участок, от',
  `stead_to` int(11) DEFAULT NULL COMMENT 'Земельный участок, до',
  `stead_x_from` int(11) DEFAULT NULL COMMENT 'Участок (длина), от',
  `stead_x_to` int(11) DEFAULT NULL COMMENT 'Участок (длина), до',
  `stead_y_from` int(11) DEFAULT NULL COMMENT 'Участок (ширина), от',
  `stead_y_to` int(11) DEFAULT NULL COMMENT 'Участок (ширина), до',
  `created_at` timestamp NULL DEFAULT NULL,
  `updated_at` timestamp NULL DEFAULT NULL,
  PRIMARY KEY (`id`)
) ENGINE=InnoDB DEFAULT CHARSET=utf8 COMMENT='Заявки на участки' AUTO_INCREMENT=1 ;

--
-- Dumping data for table `application_land`
--


-- --------------------------------------------------------

--
-- Table structure for table `application_realestate`
--

CREATE TABLE IF NOT EXISTS `application_realestate` (
  `id` bigint(10) NOT NULL AUTO_INCREMENT,
  `id_realestate` bigint(10) NOT NULL COMMENT 'Объект недвижимости',
  `id_application` bigint(10) NOT NULL COMMENT 'Клиент',
  `created_at` timestamp NULL DEFAULT NULL,
  `updated_at` timestamp NULL DEFAULT NULL,
  PRIMARY KEY (`id`),
  KEY `id_realestate` (`id_realestate`),
  KEY `id_application` (`id_application`)
) ENGINE=InnoDB DEFAULT CHARSET=utf8 COMMENT='Заявки - недвижимости\r\nПерекрестная таблица.' AUTO_INCREMENT=1 ;

--
-- Dumping data for table `application_realestate`
--


-- --------------------------------------------------------

--
-- Table structure for table `application_rent`
--

CREATE TABLE IF NOT EXISTS `application_rent` (
  `id` bigint(10) NOT NULL AUTO_INCREMENT,
  `cost_from` double DEFAULT NULL COMMENT 'Цена, от',
  `cost_to` double DEFAULT NULL COMMENT 'Цена, до',
  `floor` tinyint(4) DEFAULT NULL COMMENT 'Этаж',
  `floor_all` tinyint(4) DEFAULT NULL COMMENT 'Всего этажей',
  `not_first` tinyint(1) DEFAULT NULL COMMENT 'Не первый',
  `not_last` tinyint(1) DEFAULT NULL COMMENT 'Не последний',
  `id_realestate_state` bigint(10) DEFAULT NULL COMMENT 'Состояние',
  `id_furniture` bigint(10) DEFAULT NULL COMMENT 'Мебель',
  `id_comfort` bigint(10) DEFAULT NULL COMMENT 'Удобства',
  `id_yard` bigint(10) DEFAULT NULL COMMENT 'Двор',
  `id_entry` bigint(10) DEFAULT NULL COMMENT 'Въезд',
  `id_type_rent` bigint(10) DEFAULT NULL COMMENT 'Тип ренты',
  `prepayment` double DEFAULT NULL COMMENT 'Предоплата',
  `has_phone` tinyint(1) DEFAULT NULL COMMENT 'Телефон. Есть ли телефон?',
  `room_count_from` tinyint(4) DEFAULT NULL COMMENT 'Количество комнат, от',
  `room_count_to` tinyint(4) DEFAULT NULL COMMENT 'Количество комнат, до',
  `removal_date_to_from` timestamp NULL DEFAULT NULL COMMENT 'Дата, до которой снято, от',
  `removal_date_to_to` timestamp NULL DEFAULT NULL COMMENT 'Дата, до которой снято, до',
  `created_at` timestamp NULL DEFAULT NULL,
  `updated_at` timestamp NULL DEFAULT NULL,
  PRIMARY KEY (`id`),
  KEY `id_realestate_state` (`id_realestate_state`,`id_furniture`,`id_comfort`,`id_yard`,`id_entry`,`id_type_rent`),
  KEY `application_rent_ibfk_2` (`id_furniture`),
  KEY `application_rent_ibfk_3` (`id_comfort`),
  KEY `application_rent_ibfk_4` (`id_yard`),
  KEY `application_rent_ibfk_5` (`id_entry`),
  KEY `application_rent_ibfk_6` (`id_type_rent`)
) ENGINE=InnoDB  DEFAULT CHARSET=utf8 AUTO_INCREMENT=4 ;

--
-- Dumping data for table `application_rent`
--

INSERT INTO `application_rent` (`id`, `cost_from`, `cost_to`, `floor`, `floor_all`, `not_first`, `not_last`, `id_realestate_state`, `id_furniture`, `id_comfort`, `id_yard`, `id_entry`, `id_type_rent`, `prepayment`, `has_phone`, `room_count_from`, `room_count_to`, `removal_date_to_from`, `removal_date_to_to`, `created_at`, `updated_at`) VALUES
(1, NULL, NULL, NULL, NULL, NULL, NULL, NULL, NULL, NULL, NULL, NULL, NULL, NULL, NULL, NULL, NULL, NULL, NULL, '2016-08-15 01:24:45', '2016-08-15 01:24:45'),
(2, NULL, NULL, NULL, NULL, NULL, NULL, NULL, NULL, NULL, NULL, NULL, NULL, NULL, NULL, NULL, NULL, NULL, NULL, '2016-08-15 01:26:37', '2016-08-15 01:26:37'),
(3, NULL, NULL, NULL, NULL, NULL, NULL, NULL, NULL, NULL, NULL, NULL, NULL, NULL, NULL, NULL, NULL, NULL, NULL, '2016-08-15 01:26:46', '2016-08-15 01:26:46');

-- --------------------------------------------------------

--
-- Table structure for table `application_status`
--

CREATE TABLE IF NOT EXISTS `application_status` (
  `id` bigint(10) NOT NULL AUTO_INCREMENT,
  `status` varchar(25) NOT NULL COMMENT 'Статус заявки',
  PRIMARY KEY (`id`)
) ENGINE=InnoDB  DEFAULT CHARSET=utf8 COMMENT='Статусы заявок' AUTO_INCREMENT=3 ;

--
-- Dumping data for table `application_status`
--

INSERT INTO `application_status` (`id`, `status`) VALUES
(1, 'Не обработана'),
(2, 'Заявка активна');

-- --------------------------------------------------------

--
-- Table structure for table `application_type_apartment`
--

CREATE TABLE IF NOT EXISTS `application_type_apartment` (
  `id` bigint(10) NOT NULL AUTO_INCREMENT,
  `application_instance_id` bigint(10) NOT NULL,
  `application_instance_type` tinytext,
  `id_type_apartment` bigint(10) NOT NULL,
  PRIMARY KEY (`id`),
  KEY `application_instance_id` (`application_instance_id`,`id_type_apartment`),
  KEY `id_type_apartment` (`id_type_apartment`)
) ENGINE=InnoDB DEFAULT CHARSET=utf8 COMMENT='Заявки квартир / аренды - тип квартир.\r\nПерекрестная таблица.' AUTO_INCREMENT=1 ;

--
-- Dumping data for table `application_type_apartment`
--


-- --------------------------------------------------------

--
-- Table structure for table `attachments`
--

CREATE TABLE IF NOT EXISTS `attachments` (
  `id` bigint(20) NOT NULL AUTO_INCREMENT,
  `id_vacation` bigint(20) NOT NULL,
  `filename` text NOT NULL,
  `src` text NOT NULL,
  `src_orientation` tinyint(4) DEFAULT NULL COMMENT 'Ориентация изображения',
  `date` timestamp NOT NULL DEFAULT CURRENT_TIMESTAMP ON UPDATE CURRENT_TIMESTAMP,
  PRIMARY KEY (`id`),
  KEY `id_vacation` (`id_vacation`) USING BTREE
) ENGINE=InnoDB  DEFAULT CHARSET=latin1 AUTO_INCREMENT=2 ;

--
-- Dumping data for table `attachments`
--

INSERT INTO `attachments` (`id`, `id_vacation`, `filename`, `src`, `src_orientation`, `date`) VALUES
(1, 1, '205137_1600x1600.jpg', 'public/docs/vacations/48/28.08.2016/205137_1600x1600.jpg', NULL, '2016-08-28 17:15:58');

-- --------------------------------------------------------

--
-- Table structure for table `blocked_employees`
--

CREATE TABLE IF NOT EXISTS `blocked_employees` (
  `id` bigint(20) NOT NULL AUTO_INCREMENT,
  `id_employee` bigint(20) NOT NULL,
  `date` timestamp NOT NULL DEFAULT CURRENT_TIMESTAMP,
  `reason` varchar(45) COLLATE utf8_unicode_ci NOT NULL,
  PRIMARY KEY (`id`),
  UNIQUE KEY `id_employee_UNIQUE` (`id_employee`)
) ENGINE=InnoDB  DEFAULT CHARSET=utf8 COLLATE=utf8_unicode_ci AUTO_INCREMENT=6 ;

--
-- Dumping data for table `blocked_employees`
--

INSERT INTO `blocked_employees` (`id`, `id_employee`, `date`, `reason`) VALUES
(5, 38, '2016-08-28 00:00:00', '###');

-- --------------------------------------------------------

--
-- Table structure for table `calls`
--

CREATE TABLE IF NOT EXISTS `calls` (
  `id` bigint(10) NOT NULL AUTO_INCREMENT,
  `call_instance_type` tinytext,
  `call_instance_id` bigint(10) DEFAULT NULL,
  `id_employee` bigint(10) NOT NULL COMMENT 'Ответственный сотрудник',
  `date_call` timestamp NULL DEFAULT NULL COMMENT 'Дата звонка',
  `id_source` bigint(10) NOT NULL COMMENT 'Источник',
  `id_promotion` bigint(10) NOT NULL COMMENT 'Акция',
  `is_mobile` tinyint(1) NOT NULL COMMENT 'Мобильный (1) или рабочий (0) звонок?',
  `created_at` timestamp NULL DEFAULT NULL,
  `updated_at` timestamp NULL DEFAULT NULL,
  PRIMARY KEY (`id`),
  KEY `id_employee` (`id_employee`,`id_source`,`id_promotion`),
  KEY `id_source` (`id_source`),
  KEY `id_promotion` (`id_promotion`)
) ENGINE=InnoDB DEFAULT CHARSET=utf8 COMMENT='Звонки от клиентов.' AUTO_INCREMENT=1 ;

--
-- Dumping data for table `calls`
--


-- --------------------------------------------------------

--
-- Table structure for table `calls_consultative`
--

CREATE TABLE IF NOT EXISTS `calls_consultative` (
  `id` bigint(10) NOT NULL AUTO_INCREMENT,
  `consultation` text NOT NULL COMMENT 'Консультация',
  `created_at` timestamp NULL DEFAULT NULL,
  `updated_at` timestamp NULL DEFAULT NULL,
  PRIMARY KEY (`id`)
) ENGINE=InnoDB  DEFAULT CHARSET=utf8 COMMENT='Только консультативные звонки' AUTO_INCREMENT=6 ;

--
-- Dumping data for table `calls_consultative`
--

INSERT INTO `calls_consultative` (`id`, `consultation`, `created_at`, `updated_at`) VALUES
(4, 'aa1', '2016-08-14 20:20:39', '2016-08-14 20:20:39'),
(5, 'aa1', '2016-08-14 20:21:19', '2016-08-14 20:21:19');

-- --------------------------------------------------------

--
-- Table structure for table `calls_resultative`
--

CREATE TABLE IF NOT EXISTS `calls_resultative` (
  `id` bigint(10) NOT NULL AUTO_INCREMENT,
  `id_application` bigint(10) NOT NULL COMMENT 'Конкретная заявка',
  `created_at` timestamp NULL DEFAULT NULL,
  `updated_at` timestamp NULL DEFAULT NULL,
  PRIMARY KEY (`id`),
  KEY `id_application` (`id_application`)
) ENGINE=InnoDB DEFAULT CHARSET=utf8 COMMENT='Только результативные звонки' AUTO_INCREMENT=1 ;

--
-- Dumping data for table `calls_resultative`
--


-- --------------------------------------------------------

--
-- Table structure for table `career`
--

CREATE TABLE IF NOT EXISTS `career` (
  `id` bigint(20) NOT NULL AUTO_INCREMENT,
  `id_employee` bigint(20) NOT NULL,
  `id_who` bigint(20) NOT NULL,
  `action` text COLLATE utf8_unicode_ci NOT NULL,
  `date` timestamp NOT NULL DEFAULT CURRENT_TIMESTAMP,
  PRIMARY KEY (`id`),
  KEY `id_employee_INDEX` (`id_employee`)
) ENGINE=InnoDB  DEFAULT CHARSET=utf8 COLLATE=utf8_unicode_ci AUTO_INCREMENT=166 ;

--
-- Dumping data for table `career`
--

INSERT INTO `career` (`id`, `id_employee`, `id_who`, `action`, `date`) VALUES
(73, 4, 1, 'Увольнение сотрудника. Причина: ###', '2016-08-04 13:06:43'),
(74, 4, 1, 'Восстановление сотрудника. Причина: ###', '2016-08-04 13:06:52'),
(75, 4, 1, 'Блокировка сотрудника. Причина: ###', '2016-08-04 13:07:05'),
(76, 4, 1, 'Разблокировка сотрудника. Причина: ###', '2016-08-04 13:07:08'),
(77, 4, 1, 'Перевод сотрудника. Из подразделения: [" IT "] в подразделение [" Офисы продаж "], с должности [" Агент "] на должность [" Руководитель службы персонала "]', '2016-08-04 13:07:30'),
(78, 4, 1, 'Увольнение сотрудника. Причина: ###', '2016-08-04 13:07:36'),
(79, 4, 1, 'Восстановление сотрудника. Причина: ###', '2016-08-04 13:07:44'),
(80, 4, 1, 'Перевод сотрудника. С должности [" Руководитель службы персонала "] на должность [" Агент, 1 категория "]', '2016-08-04 13:07:59'),
(81, 38, 1, 'Сотрудник добавлен в систему.', '2016-08-04 13:12:11'),
(82, 38, 1, 'Блокировка сотрудника. Причина: ###', '2016-08-04 13:19:29'),
(83, 38, 1, 'Увольнение сотрудника. Причина: ###', '2016-08-04 13:19:33'),
(84, 4, 1, 'Назначение нового наставника. Наставник: Александр Александров', '2016-08-04 13:36:37'),
(85, 1, 1, 'Добавление стажера. Стажер: Александра Стеклова', '2016-08-04 13:36:37'),
(86, 39, 26, 'Сотрудник добавлен в систему.', '2016-08-04 14:14:09'),
(88, 1, 39, 'Планирование обучения. Название: Мотивация и азарт в работе, дата: 09.08.2016', '2016-08-04 16:08:24'),
(89, 4, 39, 'Планирование обучения. Название: Мотивация и азарт в работе, дата: 09.08.2016', '2016-08-04 16:08:24'),
(90, 41, 1, 'Сотрудник добавлен в систему.', '2016-08-09 10:59:40'),
(91, 41, 1, 'Назначение нового наставника. Наставник: Александра Стеклова', '2016-08-09 10:59:52'),
(92, 4, 1, 'Добавление стажера. Стажер: Девятого Сотрудник', '2016-08-09 10:59:52'),
(93, 41, 1, 'Перевод сотрудника. Из офиса ["Центральный офис"] в офис(ы) ["Офис на Чкаловском"]', '2016-08-09 11:00:08'),
(94, 38, 39, 'Восстановление сотрудника. Причина: тррапв', '2016-08-11 13:15:07'),
(95, 4, 39, 'Планирование аттестации. Дата: 31.08.2016', '2016-08-11 13:22:29'),
(96, 42, 39, 'Сотрудник добавлен в систему.', '2016-08-11 13:48:02'),
(97, 42, 39, 'Назначение нового наставника. Наставник: Александр Александров', '2016-08-11 13:48:02'),
(98, 1, 39, 'Добавление стажера. Стажер: Оля Миронова', '2016-08-11 13:48:02'),
(99, 43, 39, 'Сотрудник добавлен в систему.', '2016-08-15 16:16:01'),
(100, 43, 39, 'Назначение нового наставника. Наставник: Оля Миронова', '2016-08-15 16:16:01'),
(101, 42, 39, 'Добавление стажера. Стажер: Елена Петриашвили', '2016-08-15 16:16:01'),
(102, 4, 39, 'Назначение нового наставника. Наставник: Александр Александров', '2016-08-15 16:43:15'),
(103, 44, 26, 'Сотрудник добавлен в систему.', '2016-08-16 08:42:14'),
(104, 44, 26, 'Назначение нового наставника. Наставник: Александр Александров', '2016-08-16 08:42:14'),
(105, 1, 26, 'Добавление стажера. Стажер: Петр Петров', '2016-08-16 08:42:14'),
(106, 38, 1, 'Перевод сотрудника. С должности [" Руководитель службы персонала "] на должность [" Новая руководящая должность "]', '2016-08-23 11:41:16'),
(107, 45, 26, 'Сотрудник добавлен в систему.', '2016-08-24 16:01:53'),
(108, 45, 26, 'Назначение нового наставника. Наставник: Александр Александров', '2016-08-24 16:01:53'),
(109, 1, 26, 'Добавление стажера. Стажер: Алексей Николаев', '2016-08-24 16:01:53'),
(110, 46, 26, 'Сотрудник добавлен в систему.', '2016-08-24 18:06:59'),
(111, 47, 26, 'Сотрудник добавлен в систему.', '2016-08-25 09:41:05'),
(112, 4, 1, 'Назначение нового наставника. Наставник: Александр Александров', '2016-08-28 14:07:01'),
(113, 4, 1, 'Назначение нового наставника. Наставник: Александр Александров', '2016-08-28 14:07:20'),
(114, 4, 1, 'Назначение нового наставника. Наставник: Александр Александров', '2016-08-28 14:32:28'),
(115, 4, 1, 'Назначение нового наставника. Наставник: Александр Александров', '2016-08-28 14:33:04'),
(116, 4, 1, 'Назначение нового наставника. Наставник: Александр Александров', '2016-08-28 14:34:13'),
(117, 4, 1, 'Назначение нового наставника. Наставник: Александр Александров', '2016-08-28 14:35:14'),
(118, 4, 1, 'Назначение нового наставника. Наставник: Александр Александров', '2016-08-28 14:36:43'),
(119, 4, 1, 'Назначение нового наставника. Наставник: Александр Александров', '2016-08-28 14:38:43'),
(120, 4, 1, 'Назначение нового наставника. Наставник: Александр Александров', '2016-08-28 14:56:16'),
(121, 4, 1, 'Назначение нового наставника. Наставник: Александр Александров', '2016-08-28 15:33:38'),
(122, 4, 1, 'Назначение нового наставника. Наставник: Александр Александров', '2016-08-28 15:34:07'),
(123, 4, 1, 'Назначение нового наставника. Наставник: Александр Александров', '2016-08-28 15:34:39'),
(124, 4, 1, 'Назначение нового наставника. Наставник: Александр Александров', '2016-08-28 15:35:28'),
(125, 4, 1, 'Назначение нового наставника. Наставник: Александр Александров', '2016-08-28 15:35:34'),
(126, 4, 1, 'Назначение нового наставника. Наставник: Александр Александров', '2016-08-28 15:36:12'),
(127, 4, 1, 'Назначение нового наставника. Наставник: Александр Александров', '2016-08-28 15:39:24'),
(128, 4, 1, 'Назначение нового наставника. Наставник: Александр Александров', '2016-08-28 15:39:30'),
(129, 4, 1, 'Назначение нового наставника. Наставник: Александр Александров', '2016-08-28 15:39:38'),
(130, 4, 1, 'Назначение нового наставника. Наставник: Александр Александров', '2016-08-28 15:39:45'),
(131, 4, 1, 'Назначение нового наставника. Наставник: Александр Александров', '2016-08-28 15:39:52'),
(132, 48, 1, 'Сотрудник добавлен в систему.', '2016-08-28 15:41:23'),
(133, 48, 1, 'Назначение нового наставника. Наставник: Александр Александров', '2016-08-28 15:41:23'),
(134, 1, 1, 'Добавление стажера. Стажер: Тест Тестович', '2016-08-28 15:41:23'),
(135, 4, 1, 'Блокировка сотрудника. Причина: ###', '2016-08-28 16:13:15'),
(136, 4, 1, 'Разблокировка сотрудника. Причина: ###', '2016-08-28 16:13:21'),
(137, 38, 1, 'Разблокировка сотрудника. Причина: ###', '2016-08-28 16:17:06'),
(138, 38, 1, 'Блокировка сотрудника. Причина: ###', '2016-08-28 16:17:09'),
(139, 4, 1, 'Блокировка сотрудника. Причина: ###', '2016-08-28 17:01:30'),
(140, 4, 1, 'Разблокировка сотрудника. Причина: ###', '2016-08-28 17:01:43'),
(141, 4, 1, 'Блокировка сотрудника. Причина: ###', '2016-08-28 17:01:48'),
(142, 4, 1, 'Блокировка сотрудника. Причина: ###', '2016-08-28 17:02:03'),
(143, 4, 1, 'Блокировка сотрудника. Причина: ###', '2016-08-28 17:02:05'),
(144, 4, 1, 'Блокировка сотрудника. Причина: ###', '2016-08-28 17:02:06'),
(145, 4, 1, 'Блокировка сотрудника. Причина: ###', '2016-08-28 17:02:06'),
(146, 4, 1, 'Блокировка сотрудника. Причина: ###', '2016-08-28 17:02:06'),
(147, 4, 1, 'Блокировка сотрудника. Причина: ###', '2016-08-28 17:02:06'),
(148, 4, 1, 'Блокировка сотрудника. Причина: ###', '2016-08-28 17:02:07'),
(149, 4, 1, 'Блокировка сотрудника. Причина: ###', '2016-08-28 17:02:07'),
(150, 4, 1, 'Блокировка сотрудника. Причина: ###', '2016-08-28 17:02:07'),
(151, 48, 1, 'Блокировка сотрудника. Причина: 55', '2016-08-28 17:03:08'),
(152, 44, 1, 'Блокировка сотрудника. Причина: ###', '2016-08-28 17:03:27'),
(153, 41, 1, 'Блокировка сотрудника. Причина: ###', '2016-08-28 17:03:27'),
(154, 48, 1, 'Разблокировка сотрудника. Причина: ###', '2016-08-28 17:03:42'),
(155, 44, 1, 'Разблокировка сотрудника. Причина: ###', '2016-08-28 17:03:42'),
(156, 41, 1, 'Разблокировка сотрудника. Причина: ###', '2016-08-28 17:03:42'),
(157, 4, 1, 'Разблокировка сотрудника. Причина: ###', '2016-08-28 17:03:42'),
(158, 48, 1, 'Увольнение сотрудника. Причина: ###', '2016-08-28 17:05:45'),
(159, 48, 1, 'Восстановление сотрудника. Причина: ###', '2016-08-28 17:06:44'),
(160, 48, 1, 'Перевод сотрудника. Из отдела ["  "] в отдел [" Отдел аренды "]', '2016-08-28 17:07:08'),
(161, 48, 1, 'Увольнение сотрудника. Причина: №№№', '2016-08-28 17:09:52'),
(162, 44, 1, 'Увольнение сотрудника. Причина: №№№', '2016-08-28 17:09:52'),
(163, 44, 1, 'Восстановление сотрудника. Причина: №№№', '2016-08-28 17:10:03'),
(164, 48, 1, 'Восстановление сотрудника. Причина: №№№', '2016-08-28 17:10:03'),
(165, 48, 1, 'Больничный. Период: c 11.02.2016 по 15.02.2020. Описание: ###', '2016-08-28 17:15:58');

-- --------------------------------------------------------

--
-- Table structure for table `category`
--

CREATE TABLE IF NOT EXISTS `category` (
  `id` bigint(20) NOT NULL AUTO_INCREMENT,
  `category` varchar(50) COLLATE utf8_unicode_ci NOT NULL,
  `plan` double(100,2) DEFAULT NULL,
  `base_percent` tinyint(5) DEFAULT NULL,
  `deals_count` int(5) DEFAULT NULL,
  `has_commissions` tinytext COLLATE utf8_unicode_ci NOT NULL,
  PRIMARY KEY (`id`),
  KEY `category` (`category`) USING BTREE
) ENGINE=InnoDB  DEFAULT CHARSET=utf8 COLLATE=utf8_unicode_ci AUTO_INCREMENT=143 ;

--
-- Dumping data for table `category`
--

INSERT INTO `category` (`id`, `category`, `plan`, `base_percent`, `deals_count`, `has_commissions`) VALUES
(4, 'Секретарь', 0.00, NULL, 0, ''),
(5, 'Офис-менеджер', 0.00, NULL, 0, ''),
(6, 'Администратор', 0.00, NULL, 0, ''),
(7, '1 категория', 0.00, NULL, 0, ''),
(10, 'Стажер', 100000.00, NULL, 2, ''),
(12, 'Агент', 100000.00, NULL, 2, ''),
(14, 'Специалист', 0.00, NULL, 0, ''),
(15, 'Специалист высшей категории', 0.00, NULL, 0, ''),
(16, 'Брокер', 0.00, NULL, 0, ''),
(17, 'Серебрянный брокер', 0.00, NULL, 0, ''),
(19, 'Платиновый', 0.00, NULL, 0, ''),
(20, 'Рубиновый', 0.00, NULL, 0, ''),
(21, 'Бриллиантовый', 0.00, NULL, 0, ''),
(22, 'Элитный', 0.00, NULL, 0, ''),
(23, 'Партнерский', 0.00, NULL, 0, ''),
(26, '1 категория', 0.00, NULL, 0, ''),
(27, '2 категория', 0.00, NULL, 0, ''),
(28, '3 категория', 0.00, NULL, 0, ''),
(29, '1 категория - серебряный', 0.00, NULL, 0, ''),
(30, '2 категория - золотой', 0.00, NULL, 0, ''),
(31, '3 категория - бриллиантовый', 0.00, NULL, 0, ''),
(32, 'Продажи', 0.00, NULL, 0, ''),
(33, 'Обучение (набор)', 0.00, NULL, 0, ''),
(34, 'Обучение (адаптация)', 0.00, NULL, 0, ''),
(35, 'Безопасность (юридическая', 0.00, NULL, 0, ''),
(36, 'Безопасность (финансовая)', 0.00, NULL, 0, ''),
(37, 'Безопасность (кадровая)', 0.00, NULL, 0, ''),
(38, 'Руководитель', 0.00, NULL, 0, ''),
(39, 'Системный администратор', 0.00, NULL, 0, ''),
(40, 'Директор службы оформления', 0.00, NULL, 0, ''),
(41, 'Менеджер службы оформления', 0.00, NULL, 0, ''),
(42, 'Агент службы оформления', 0.00, NULL, 0, ''),
(48, 'Категория 2', 0.00, NULL, 0, ''),
(49, 'Категория 3', 0.00, NULL, 0, ''),
(50, 'Агент-стажер', 0.00, NULL, 0, ''),
(51, 'секретарь 2-го уровня', 0.00, NULL, 0, ''),
(52, 'кассир 1-й категории', 0.00, NULL, 0, ''),
(53, '1- категории', 0.00, NULL, 0, ''),
(54, 'Подкатегория', 0.00, NULL, 0, ''),
(115, 'Акционер 3', 2532.00, NULL, 124, '0'),
(116, 'Акционер 1', 73472.00, 56, 436, '1'),
(117, 'Акционер 1', 73472.00, 56, 436, '1'),
(118, 'Категория 1', 235147.00, NULL, 19, '0'),
(119, 'Категория 2', 684.00, NULL, 15847, '0'),
(120, 'Категория 3', 863.00, 19, 48, '1'),
(121, 'Категория 4', 364.00, 25, 5864, '1'),
(123, 'Категория 6', 4624646847.00, 11, 48444, '1'),
(141, 'Категория 8', 65.00, 18, 5, '1'),
(142, 'Категория новая', 150000.00, NULL, 23, '0');

-- --------------------------------------------------------

--
-- Table structure for table `category_commissions`
--

CREATE TABLE IF NOT EXISTS `category_commissions` (
  `id` bigint(20) NOT NULL AUTO_INCREMENT,
  `id_category` bigint(20) NOT NULL,
  `id_commission` bigint(20) NOT NULL,
  PRIMARY KEY (`id`),
  KEY `id_category` (`id_category`),
  KEY `id_commission` (`id_commission`)
) ENGINE=InnoDB  DEFAULT CHARSET=utf8 AUTO_INCREMENT=98 ;

--
-- Dumping data for table `category_commissions`
--

INSERT INTO `category_commissions` (`id`, `id_category`, `id_commission`) VALUES
(1, 29, 1),
(2, 28, 2),
(3, 28, 3),
(21, 7, 21),
(25, 48, 25),
(26, 49, 26),
(27, 50, 27),
(61, 10, 61),
(69, 12, 69),
(70, 12, 70),
(71, 12, 71),
(72, 51, 72),
(73, 52, 73),
(74, 53, 74),
(75, 54, 75),
(85, 117, 124),
(86, 117, 125),
(95, 141, 134),
(96, 123, 140),
(97, 123, 141);

-- --------------------------------------------------------

--
-- Table structure for table `certifications`
--

CREATE TABLE IF NOT EXISTS `certifications` (
  `id` bigint(20) NOT NULL AUTO_INCREMENT,
  `id_employee` bigint(20) NOT NULL,
  `date` timestamp NOT NULL DEFAULT CURRENT_TIMESTAMP,
  `result` tinyint(1) DEFAULT NULL,
  `recommendations` text COLLATE utf8_unicode_ci,
  `src` varchar(255) COLLATE utf8_unicode_ci DEFAULT NULL,
  PRIMARY KEY (`id`),
  KEY `id_employee_INDEX` (`id_employee`)
) ENGINE=InnoDB  DEFAULT CHARSET=utf8 COLLATE=utf8_unicode_ci AUTO_INCREMENT=6 ;

--
-- Dumping data for table `certifications`
--

INSERT INTO `certifications` (`id`, `id_employee`, `date`, `result`, `recommendations`, `src`) VALUES
(5, 4, '2016-08-31 00:00:00', NULL, NULL, NULL);

-- --------------------------------------------------------

--
-- Table structure for table `client`
--

CREATE TABLE IF NOT EXISTS `client` (
  `id` bigint(10) NOT NULL AUTO_INCREMENT,
  `contact_person` varchar(100) NOT NULL DEFAULT 'ФИО контакта клиента',
  `phone` varchar(50) NOT NULL DEFAULT 'Номер телефона контакта клиента',
  `recieveSMS` tinyint(1) DEFAULT NULL COMMENT 'Получать СМС',
  `email` varchar(75) DEFAULT NULL COMMENT 'Почта контакта клиента',
  `created_at` timestamp NULL DEFAULT NULL,
  `updated_at` timestamp NULL DEFAULT NULL,
  PRIMARY KEY (`id`)
) ENGINE=InnoDB DEFAULT CHARSET=utf8 COMMENT='Контактная информация по клиентам заявок.' AUTO_INCREMENT=1 ;

--
-- Dumping data for table `client`
--


-- --------------------------------------------------------

--
-- Table structure for table `client_passport`
--

CREATE TABLE IF NOT EXISTS `client_passport` (
  `id` bigint(10) NOT NULL AUTO_INCREMENT,
  `id_client` bigint(10) NOT NULL COMMENT 'Конкретный клиент',
  `series` varchar(10) NOT NULL COMMENT 'Серия',
  `number` varchar(10) NOT NULL COMMENT 'Номер',
  `issued` varchar(255) NOT NULL COMMENT 'Кем выдан',
  `date_issued` timestamp NULL DEFAULT NULL COMMENT 'Дата выдачи',
  `registration` varchar(255) NOT NULL COMMENT 'Прописка',
  `created_at` timestamp NULL DEFAULT NULL,
  `updated_at` timestamp NULL DEFAULT NULL,
  PRIMARY KEY (`id`),
  KEY `id_client` (`id_client`)
) ENGINE=InnoDB DEFAULT CHARSET=utf8 COMMENT='Контактные данные конкретного клиента.' AUTO_INCREMENT=1 ;

--
-- Dumping data for table `client_passport`
--


-- --------------------------------------------------------

--
-- Table structure for table `commissions`
--

CREATE TABLE IF NOT EXISTS `commissions` (
  `id` bigint(20) NOT NULL AUTO_INCREMENT,
  `percent` double(5,2) NOT NULL,
  `min` double(100,2) DEFAULT NULL,
  PRIMARY KEY (`id`)
) ENGINE=InnoDB  DEFAULT CHARSET=utf8 AUTO_INCREMENT=142 ;

--
-- Dumping data for table `commissions`
--

INSERT INTO `commissions` (`id`, `percent`, `min`) VALUES
(1, 9.99, 20000.00),
(2, 18.00, 50000.00),
(3, 35.00, 0.00),
(21, 25.00, 0.00),
(25, 0.00, 0.00),
(26, 0.00, 0.00),
(27, 0.00, 0.00),
(61, 25.00, 0.00),
(69, 30.00, 50000.00),
(70, 35.00, 75000.00),
(71, 25.00, 0.00),
(72, 0.00, 0.00),
(73, 0.00, 0.00),
(74, 0.00, 0.00),
(75, 0.00, 0.00),
(77, 0.00, 0.00),
(78, 0.00, 0.00),
(93, 0.00, 0.00),
(94, 0.00, 0.00),
(95, 0.00, 0.00),
(96, 0.00, 0.00),
(97, 0.00, 0.00),
(98, 0.00, 0.00),
(99, 0.00, 0.00),
(100, 0.00, 0.00),
(101, 0.00, 0.00),
(102, 0.00, 0.00),
(103, 0.00, 0.00),
(104, 0.00, 0.00),
(105, 0.00, 0.00),
(106, 0.00, 0.00),
(107, 0.00, 0.00),
(108, 0.00, 0.00),
(109, 0.00, 0.00),
(110, 0.00, 0.00),
(111, 0.00, 0.00),
(112, 0.00, 0.00),
(113, 0.00, 0.00),
(114, 0.00, 0.00),
(124, 16.00, 87.00),
(125, 19.00, 7968.00),
(126, 23.00, 50000.00),
(127, 11.00, 51086.00),
(128, 22.00, 18486468.00),
(129, 11.00, 54849684.00),
(130, 12.00, 5646949.00),
(134, 19.00, 352.00),
(135, 23.00, 50001.00),
(136, 21.00, 50001.00),
(137, 21.00, 50001.00),
(138, 17.00, 54687.00),
(139, 17.00, 54687.00),
(140, 11.00, 51086.00),
(141, 22.00, 18486468.00);

-- --------------------------------------------------------

--
-- Table structure for table `contacts`
--

CREATE TABLE IF NOT EXISTS `contacts` (
  `id` bigint(10) NOT NULL AUTO_INCREMENT,
  `contact_person` varchar(100) NOT NULL,
  `phone` varchar(50) NOT NULL,
  `recieveSMS` tinyint(1) NOT NULL DEFAULT '1',
  `email` varchar(75) DEFAULT NULL,
  `created_at` timestamp NULL DEFAULT NULL,
  `updated_at` timestamp NULL DEFAULT NULL,
  PRIMARY KEY (`id`)
) ENGINE=InnoDB DEFAULT CHARSET=utf8 COMMENT='Таблица контактов' AUTO_INCREMENT=1 ;

--
-- Dumping data for table `contacts`
--


-- --------------------------------------------------------

--
-- Table structure for table `contracts`
--

CREATE TABLE IF NOT EXISTS `contracts` (
  `id` bigint(20) NOT NULL AUTO_INCREMENT,
  `id_reference_contract_type` bigint(20) DEFAULT NULL COMMENT 'Справочник: тип договора',
  `contract_number` varchar(50) DEFAULT NULL COMMENT 'Номер договора.',
  `from` timestamp NULL DEFAULT NULL,
  `to` timestamp NULL DEFAULT NULL,
  `commission_value` bigint(20) DEFAULT NULL COMMENT 'Сумма комиссии',
  `id_employee` bigint(20) DEFAULT NULL COMMENT 'Сотрудник, добавивший договор',
  `created_at` timestamp NULL DEFAULT NULL,
  `updated_at` timestamp NULL DEFAULT NULL,
  PRIMARY KEY (`id`),
  KEY `id_reference_contract_type` (`id_reference_contract_type`),
  KEY `id_employee` (`id_employee`)
) ENGINE=InnoDB DEFAULT CHARSET=utf8 COMMENT='Таблица договоров.' AUTO_INCREMENT=1 ;

--
-- Dumping data for table `contracts`
--


-- --------------------------------------------------------

--
-- Table structure for table `contracts_scans`
--

CREATE TABLE IF NOT EXISTS `contracts_scans` (
  `id` bigint(20) NOT NULL AUTO_INCREMENT,
  `id_contract` bigint(20) DEFAULT NULL COMMENT 'Объект договоров',
  `scan_name` varchar(255) DEFAULT NULL COMMENT 'Название: скан какого документа',
  `scan_src` varchar(255) DEFAULT NULL COMMENT 'Путь к скану',
  `id_employee` bigint(20) DEFAULT NULL COMMENT 'Сотрудник, добавивший скан',
  PRIMARY KEY (`id`),
  KEY `id_contract` (`id_contract`),
  KEY `id_employee` (`id_employee`)
) ENGINE=InnoDB DEFAULT CHARSET=utf8 COMMENT='Таблица сканов договоров.' AUTO_INCREMENT=1 ;

--
-- Dumping data for table `contracts_scans`
--


-- --------------------------------------------------------

--
-- Table structure for table `corporate_information_item`
--

CREATE TABLE IF NOT EXISTS `corporate_information_item` (
  `id` bigint(10) NOT NULL AUTO_INCREMENT,
  `name` varchar(255) NOT NULL,
  `id_employee_created` bigint(20) NOT NULL,
  `created_at` timestamp NULL DEFAULT NULL,
  `updated_at` timestamp NULL DEFAULT NULL,
  PRIMARY KEY (`id`),
  KEY `id_employee_created` (`id_employee_created`)
) ENGINE=InnoDB  DEFAULT CHARSET=utf8 AUTO_INCREMENT=7 ;

--
-- Dumping data for table `corporate_information_item`
--

INSERT INTO `corporate_information_item` (`id`, `name`, `id_employee_created`, `created_at`, `updated_at`) VALUES
(1, 'О компании', 1, '2016-08-18 15:12:18', NULL),
(2, 'Стандарты работы', 4, '2016-08-18 15:12:18', NULL),
(4, 'New_item', 1, '2016-08-19 12:38:52', NULL),
(5, 'мотивация персонала', 26, '2016-08-23 11:46:13', NULL),
(6, 'лотлт', 26, '2016-08-23 14:01:40', NULL);

-- --------------------------------------------------------

--
-- Table structure for table `corporate_information_subitem`
--

CREATE TABLE IF NOT EXISTS `corporate_information_subitem` (
  `id` bigint(10) NOT NULL AUTO_INCREMENT,
  `parent_id` bigint(10) NOT NULL,
  `id_employee_created` bigint(20) NOT NULL,
  `name` varchar(255) NOT NULL,
  `content` text NOT NULL,
  `created_at` timestamp NULL DEFAULT NULL,
  `updated_at` timestamp NULL DEFAULT NULL,
  PRIMARY KEY (`id`),
  KEY `parent_id` (`parent_id`),
  KEY `id_employee_created` (`id_employee_created`)
) ENGINE=InnoDB  DEFAULT CHARSET=utf8 AUTO_INCREMENT=23 ;

--
-- Dumping data for table `corporate_information_subitem`
--

INSERT INTO `corporate_information_subitem` (`id`, `parent_id`, `id_employee_created`, `name`, `content`, `created_at`, `updated_at`) VALUES
(1, 1, 1, 'Структура компании', '<p>Под философией управления мы будем понимать самые общие принципы, на основе которых строится структура управления организацией и осуществляются процессы управления. Конечно, философия качества и философия управления взаимосвязаны - философия качества задает цель и направление деятельности организации, философия управления определяет организационные средства для достижения этой цели. Основы философии управления, так же как и философии качества, были заложены Ф. У. Тейлором. И программа менеджмента качества Деминга, и принципы Тотальный Менеджмент Качества фактически направлены на изменение структуры системы управления предприятием. Рассмотрим основные типы структур управления предприятием с точки зрения их соответствия идеям современного менеджмента качества. Термин "организационная структура" сразу же вызывает в нашем воображении двумерную древовидную схему, состоящую из прямоугольников и соединяющих их линий. Эти прямоугольники показывают выполняемую работу и круг обязанностей и, таким образом отображают разделение труда в организации. Относительное положение прямоугольников и соединяющие их линии показывают степень подчинения. Рассмотренные соотношения ограничены двумя измерениями : вверх - вниз и поперек, так как мы оперируем с ограниченным допущением, согласно которому организационная структура должна быть представлена на двумерной схеме, вычерчиваемой на плоской поверхности.</p>', '2016-08-18 15:15:19', '2016-08-23 11:22:17'),
(2, 1, 1, 'Миссия', '<p>В самой же организационной структуре не содержится ничего такого, что ограничивало бы нас в этом отношении. Кроме того, эти ограничения на структуру организации часто вызывают серьезные и дорогостоящие последствия. Вот только четыре из них. Во-первых, между отдельными частями организаций такого рода возникает не сотрудничество, а конкуренция. Внутри организаций существует более сильная конкуренция, чем между организациями, и эта внутренняя конкуренция приобретает значительно менее этичные формы. Во-вторых, обычный способ представления структуры организаций серьезно затрудняет определение задач отдельных подразделений и измерение соответствующих показателей качества работы вследствие большой взаимозависимости подразделений, объединенных подобным образом. В-третьих, это способствует созданию организаций, сопротивляющихся изменениям, особенно изменениям их структуры; поэтому они перерождаются в бюрократические структуры, не поддающиеся адаптации. Большинство таких организаций обучается крайне медленно, если обучается вообще. В-четвертых, представление организационной структуры в виде двумерного дерева ограничивает число и характер возможных вариантов решения возникающих проблем. При наличии такого ограничения невозможны решения, обеспечивающие развитие организации с учетом технических и социальных изменений, темпы которых все больше и больше растут. Существующая обстановка требует, чтобы организации были не только готовы к любым изменениям, но и способны им подвергаться. Другими словами, необходимо динамическое равновесие. Очевидно, что для достижения такого равновесия организация должна иметь достаточно гибкую структуру. (Хотя гибкость не гарантирует приспособляемости, тем не менее она необходима для достижения последней). </p>', '2016-08-18 15:15:19', NULL),
(3, 1, 1, 'Ценности', '<p>Построение гибкой или обладающей какими-либо иными достоинствами организационной структуры является одной из задач так называемого "структурного зодчества". Используя терминологию, принятую в архитектуре, можно сказать, что в данном реферате излагаются основные идеи, на основе которых могут быть разработаны различные варианты решения проблемы организационной структуры без ограничений, связанных с ее графическим представлением.\n\nВыше перечисленные недостатки можно и нужно преодолеть путем построения многомерной организационной структуры. Многомерная структура подразумевает демократический принцип управления. </p>', '2016-08-18 15:15:19', NULL),
(4, 1, 1, 'Основные цели', '<p>Основы линейных структур составляет так называемый "шахтный" принцип построения и специализация управленческого процесса по функциональным подсистемам организации (маркетинг, производство, исследования и разработки, финансы, персонал и т. д. ). По каждой подсистеме формируется иерархия служб ("шахта"), пронизывающая всю организацию сверху донизу (см. Рис. 1). Результаты работы каждой службы оцениваются показателями, характеризующими выполнение ими своих целей и задач. Соответственно строится и система мотивации и поощрения работников. При этом конечный результат (эффективность и качество работы организации в целом) становится как бы второстепенным, так как считается, что все службы в той или иной мере работают на его получение. </p>', '2016-08-18 15:15:19', NULL),
(5, 1, 1, 'История', '<p>Под философией управления мы будем понимать самые общие принципы, на основе которых строится структура управления организацией и осуществляются процессы управления. Конечно, философия качества и философия управления взаимосвязаны - философия качества задает цель и направление деятельности организации, философия управления определяет организационные средства для достижения этой цели. Основы философии управления, так же как и философии качества, были заложены Ф. У. Тейлором.\n\nИ программа менеджмента качества Деминга, и принципы Тотальный Менеджмент Качества фактически направлены на изменение структуры системы управления предприятием. Рассмотрим основные типы структур управления предприятием с точки зрения их соответствия идеям современного менеджмента качества.\n\nТермин "организационная структура" сразу же вызывает в нашем воображении двумерную древовидную схему, состоящую из прямоугольников и соединяющих их линий. Эти прямоугольники показывают выполняемую работу и круг обязанностей и, таким образом отображают разделение труда в организации. Относительное положение прямоугольников и соединяющие их линии показывают степень подчинения. Рассмотренные соотношения ограничены двумя измерениями : вверх - вниз и поперек, так как мы оперируем с ограниченным допущением, согласно которому организационная структура должна быть представлена на двумерной схеме, вычерчиваемой на плоской поверхности. </p>', '2016-08-18 15:15:19', NULL),
(6, 2, 1, 'Кодекс этики Агенства', '<p>В самой же организационной структуре не содержится ничего такого, что ограничивало бы нас в этом отношении. Кроме того, эти ограничения на структуру организации часто вызывают серьезные и дорогостоящие последствия. Вот только четыре из них. Во-первых, между отдельными частями организаций такого рода возникает не сотрудничество, а конкуренция. Внутри организаций существует более сильная конкуренция, чем между организациями, и эта внутренняя конкуренция приобретает значительно менее этичные формы. Во-вторых, обычный способ представления структуры организаций серьезно затрудняет определение задач отдельных подразделений и измерение соответствующих показателей качества работы вследствие большой взаимозависимости подразделений, объединенных подобным образом. В-третьих, это способствует созданию организаций, сопротивляющихся изменениям, особенно изменениям их структуры; поэтому они перерождаются в бюрократические структуры, не поддающиеся адаптации. Большинство таких организаций обучается крайне медленно, если обучается вообще. В-четвертых, представление организационной структуры в виде двумерного дерева ограничивает число и характер возможных вариантов решения возникающих проблем. При наличии такого ограничения невозможны решения, обеспечивающие развитие организации с учетом технических и социальных изменений, темпы которых все больше и больше растут. Существующая обстановка требует, чтобы организации были не только готовы к любым изменениям, но и способны им подвергаться. Другими словами, необходимо динамическое равновесие. Очевидно, что для достижения такого равновесия организация должна иметь достаточно гибкую структуру. (Хотя гибкость не гарантирует приспособляемости, тем не менее она необходима для достижения последней). </p>', '2016-08-18 15:19:20', NULL),
(7, 2, 4, 'Корпоративные компетенции', '<p>Построение гибкой или обладающей какими-либо иными достоинствами организационной структуры является одной из задач так называемого "структурного зодчества". Используя терминологию, принятую в архитектуре, можно сказать, что в данном реферате излагаются основные идеи, на основе которых могут быть разработаны различные варианты решения проблемы организационной структуры без ограничений, связанных с ее графическим представлением.\n\nВыше перечисленные недостатки можно и нужно преодолеть путем построения многомерной организационной структуры. Многомерная структура подразумевает демократический принцип управления. </p>', '2016-08-18 15:19:20', NULL),
(8, 2, 1, 'Профессиональные стандарты этики', '<p>Построение гибкой или обладающей какими-либо иными достоинствами организационной структуры является одной из задач так называемого "структурного зодчества". Используя терминологию, принятую в архитектуре, можно сказать, что в данном реферате излагаются основные идеи, на основе которых могут быть разработаны различные варианты решения проблемы организационной структуры без ограничений, связанных с ее графическим представлением.\n\nВыше перечисленные недостатки можно и нужно преодолеть путем построения многомерной организационной структуры. Многомерная структура подразумевает демократический принцип управления. </p>', '2016-08-18 15:19:20', NULL),
(9, 2, 1, 'Профессиональные стандарты практики', '<p>Основы линейных структур составляет так называемый "шахтный" принцип построения и специализация управленческого процесса по функциональным подсистемам организации (маркетинг, производство, исследования и разработки, финансы, персонал и т. д. ). По каждой подсистеме формируется иерархия служб ("шахта"), пронизывающая всю организацию сверху донизу (см. Рис. 1). Результаты работы каждой службы оцениваются показателями, характеризующими выполнение ими своих целей и задач. Соответственно строится и система мотивации и поощрения работников. При этом конечный результат (эффективность и качество работы организации в целом) становится как бы второстепенным, так как считается, что все службы в той или иной мере работают на его получение. </p>', '2016-08-18 15:19:20', NULL),
(10, 2, 1, 'Положение об аттестации', '<p>Под философией управления мы будем понимать самые общие принципы, на основе которых строится структура управления организацией и осуществляются процессы управления. Конечно, философия качества и философия управления взаимосвязаны - философия качества задает цель и направление деятельности организации, философия управления определяет организационные средства для достижения этой цели. Основы философии управления, так же как и философии качества, были заложены Ф. У. Тейлором.\n\nИ программа менеджмента качества Деминга, и принципы Тотальный Менеджмент Качества фактически направлены на изменение структуры системы управления предприятием. Рассмотрим основные типы структур управления предприятием с точки зрения их соответствия идеям современного менеджмента качества.\n\nТермин "организационная структура" сразу же вызывает в нашем воображении двумерную древовидную схему, состоящую из прямоугольников и соединяющих их линий. Эти прямоугольники показывают выполняемую работу и круг обязанностей и, таким образом отображают разделение труда в организации. Относительное положение прямоугольников и соединяющие их линии показывают степень подчинения. Рассмотренные соотношения ограничены двумя измерениями : вверх - вниз и поперек, так как мы оперируем с ограниченным допущением, согласно которому организационная структура должна быть представлена на двумерной схеме, вычерчиваемой на плоской поверхности. </p>', '2016-08-18 15:19:20', NULL),
(11, 2, 1, 'Положение о наставничестве', '<p>В самой же организационной структуре не содержится ничего такого, что ограничивало бы нас в этом отношении. Кроме того, эти ограничения на структуру организации часто вызывают серьезные и дорогостоящие последствия. Вот только четыре из них. Во-первых, между отдельными частями организаций такого рода возникает не сотрудничество, а конкуренция. Внутри организаций существует более сильная конкуренция, чем между организациями, и эта внутренняя конкуренция приобретает значительно менее этичные формы. Во-вторых, обычный способ представления структуры организаций серьезно затрудняет определение задач отдельных подразделений и измерение соответствующих показателей качества работы вследствие большой взаимозависимости подразделений, объединенных подобным образом. В-третьих, это способствует созданию организаций, сопротивляющихся изменениям, особенно изменениям их структуры; поэтому они перерождаются в бюрократические структуры, не поддающиеся адаптации. Большинство таких организаций обучается крайне медленно, если обучается вообще. В-четвертых, представление организационной структуры в виде двумерного дерева ограничивает число и характер возможных вариантов решения возникающих проблем. При наличии такого ограничения невозможны решения, обеспечивающие развитие организации с учетом технических и социальных изменений, темпы которых все больше и больше растут. Существующая обстановка требует, чтобы организации были не только готовы к любым изменениям, но и способны им подвергаться. Другими словами, необходимо динамическое равновесие. Очевидно, что для достижения такого равновесия организация должна иметь достаточно гибкую структуру. (Хотя гибкость не гарантирует приспособляемости, тем не менее она необходима для достижения последней). </p>', '2016-08-18 15:19:20', NULL),
(12, 2, 1, 'Положение о внешнем виде', '<p>Построение гибкой или обладающей какими-либо иными достоинствами организационной структуры является одной из задач так называемого "структурного зодчества". Используя терминологию, принятую в архитектуре, можно сказать, что в данном реферате излагаются основные идеи, на основе которых могут быть разработаны различные варианты решения проблемы организационной структуры без ограничений, связанных с ее графическим представлением.\n\nВыше перечисленные недостатки можно и нужно преодолеть путем построения многомерной организационной структуры. Многомерная структура подразумевает демократический принцип управления. </p>', '2016-08-18 15:19:20', NULL),
(13, 2, 1, 'Положение о коммерческой тайне', '<p>Построение гибкой или обладающей какими-либо иными достоинствами организационной структуры является одной из задач так называемого "структурного зодчества". Используя терминологию, принятую в архитектуре, можно сказать, что в данном реферате излагаются основные идеи, на основе которых могут быть разработаны различные варианты решения проблемы организационной структуры без ограничений, связанных с ее графическим представлением.\n\nВыше перечисленные недостатки можно и нужно преодолеть путем построения многомерной организационной структуры. Многомерная структура подразумевает демократический принцип управления. </p>', '2016-08-18 15:19:20', NULL),
(14, 2, 1, 'Положение о взаимодействии с отделами', '<p>Под философией управления мы будем понимать самые общие принципы, на основе которых строится структура управления организацией и осуществляются процессы управления. Конечно, философия качества и философия управления взаимосвязаны - философия качества задает цель и направление деятельности организации, философия управления определяет организационные средства для достижения этой цели. Основы философии управления, так же как и философии качества, были заложены Ф. У. Тейлором.\n\nИ программа менеджмента качества Деминга, и принципы Тотальный Менеджмент Качества фактически направлены на изменение структуры системы управления предприятием. Рассмотрим основные типы структур управления предприятием с точки зрения их соответствия идеям современного менеджмента качества.\n\nТермин "организационная структура" сразу же вызывает в нашем воображении двумерную древовидную схему, состоящую из прямоугольников и соединяющих их линий. Эти прямоугольники показывают выполняемую работу и круг обязанностей и, таким образом отображают разделение труда в организации. Относительное положение прямоугольников и соединяющие их линии показывают степень подчинения. Рассмотренные соотношения ограничены двумя измерениями : вверх - вниз и поперек, так как мы оперируем с ограниченным допущением, согласно которому организационная структура должна быть представлена на двумерной схеме, вычерчиваемой на плоской поверхности. </p>', '2016-08-18 15:19:20', NULL),
(22, 5, 26, 'гнп', '<ul>\r\n<li>лотдгтдотд</li>\r\n<li>гр</li>\r\n<li>дшошг</li>\r\n</ul>', '2016-08-23 14:02:33', NULL);

-- --------------------------------------------------------

--
-- Table structure for table `courses`
--

CREATE TABLE IF NOT EXISTS `courses` (
  `id` bigint(20) NOT NULL AUTO_INCREMENT,
  `id_course_type` bigint(20) NOT NULL DEFAULT '1',
  `date` timestamp NOT NULL DEFAULT CURRENT_TIMESTAMP,
  `title` varchar(45) COLLATE utf8_unicode_ci NOT NULL,
  `subject` varchar(255) CHARACTER SET utf8 NOT NULL,
  `lektor` text COLLATE utf8_unicode_ci NOT NULL,
  `place` varchar(25) COLLATE utf8_unicode_ci NOT NULL,
  `price` double unsigned NOT NULL,
  `comment` varchar(45) COLLATE utf8_unicode_ci NOT NULL,
  PRIMARY KEY (`id`),
  KEY `id_course_type` (`id_course_type`)
) ENGINE=InnoDB  DEFAULT CHARSET=utf8 COLLATE=utf8_unicode_ci AUTO_INCREMENT=56 ;

--
-- Dumping data for table `courses`
--

INSERT INTO `courses` (`id`, `id_course_type`, `date`, `title`, `subject`, `lektor`, `place`, `price`, `comment`) VALUES
(55, 2, '2016-08-09 16:04:00', 'Мотивация и азарт в работе', '', 'Рубан Е.Н.', 'УКЦ ЛИВИНГСТОН', 100, '');

-- --------------------------------------------------------

--
-- Table structure for table `courses_employees`
--

CREATE TABLE IF NOT EXISTS `courses_employees` (
  `id` bigint(20) NOT NULL AUTO_INCREMENT,
  `id_employee` bigint(20) NOT NULL,
  `id_course` bigint(20) NOT NULL,
  `isDone` tinyint(1) NOT NULL DEFAULT '0',
  `comment` text CHARACTER SET utf8 NOT NULL,
  `sertificate` text COLLATE utf8_unicode_ci NOT NULL,
  PRIMARY KEY (`id`),
  KEY `id_grades_INDEX` (`id_employee`),
  KEY `id_parameter_INDEX` (`id_course`)
) ENGINE=InnoDB  DEFAULT CHARSET=utf8 COLLATE=utf8_unicode_ci AUTO_INCREMENT=50 ;

--
-- Dumping data for table `courses_employees`
--

INSERT INTO `courses_employees` (`id`, `id_employee`, `id_course`, `isDone`, `comment`, `sertificate`) VALUES
(48, 1, 55, 0, '', ''),
(49, 4, 55, 0, '', '');

-- --------------------------------------------------------

--
-- Table structure for table `courses_types`
--

CREATE TABLE IF NOT EXISTS `courses_types` (
  `id` bigint(20) NOT NULL AUTO_INCREMENT,
  `course_type` varchar(100) NOT NULL,
  PRIMARY KEY (`id`),
  UNIQUE KEY `course_type` (`course_type`)
) ENGINE=InnoDB  DEFAULT CHARSET=utf8 AUTO_INCREMENT=4 ;

--
-- Dumping data for table `courses_types`
--

INSERT INTO `courses_types` (`id`, `course_type`) VALUES
(2, 'Наставнический'),
(1, 'Общий'),
(3, 'Стажерский');

-- --------------------------------------------------------

--
-- Table structure for table `departments`
--

CREATE TABLE IF NOT EXISTS `departments` (
  `id` bigint(20) NOT NULL AUTO_INCREMENT,
  `department` varchar(50) COLLATE utf8_unicode_ci NOT NULL,
  PRIMARY KEY (`id`),
  UNIQUE KEY `department_UNIQUE` (`department`)
) ENGINE=InnoDB  DEFAULT CHARSET=utf8 COLLATE=utf8_unicode_ci AUTO_INCREMENT=12 ;

--
-- Dumping data for table `departments`
--

INSERT INTO `departments` (`id`, `department`) VALUES
(5, 'Отдел аренды'),
(6, 'Отдел домовладений'),
(7, 'Отдел коммерческой недвижимости'),
(10, 'отдел новостроек'),
(2, 'Отдел по продажам'),
(1, 'Отдел по работе с клиентами'),
(8, 'Отдел продажи квартир'),
(3, 'Отдел продвижения'),
(9, 'Отдел тестирования'),
(11, 'Просто отдел');

-- --------------------------------------------------------

--
-- Table structure for table `employes`
--

CREATE TABLE IF NOT EXISTS `employes` (
  `id` bigint(20) NOT NULL AUTO_INCREMENT,
  `surname` varchar(20) COLLATE utf8_unicode_ci NOT NULL,
  `name` varchar(20) COLLATE utf8_unicode_ci NOT NULL,
  `patronymic` varchar(20) COLLATE utf8_unicode_ci NOT NULL,
  `birth` timestamp NOT NULL DEFAULT CURRENT_TIMESTAMP,
  `email` varchar(100) COLLATE utf8_unicode_ci NOT NULL,
  `phone_inner` varchar(25) COLLATE utf8_unicode_ci NOT NULL,
  `phone_mob` varchar(25) COLLATE utf8_unicode_ci NOT NULL,
  `phone_home` varchar(25) COLLATE utf8_unicode_ci NOT NULL,
  `adress` varchar(50) COLLATE utf8_unicode_ci NOT NULL,
  `skype` varchar(50) COLLATE utf8_unicode_ci DEFAULT NULL COMMENT 'Скайп',
  `registration_adress` varchar(50) COLLATE utf8_unicode_ci NOT NULL,
  `id_subdivision` bigint(20) NOT NULL,
  `id_department` bigint(20) DEFAULT NULL,
  `id_post` bigint(20) DEFAULT NULL,
  `id_headhunter` bigint(20) DEFAULT NULL,
  `head_subdivison` tinyint(1) NOT NULL,
  `head_office` tinyint(1) NOT NULL,
  `head_department` tinyint(1) NOT NULL,
  `mentor_agree` tinyint(1) NOT NULL,
  `src` text COLLATE utf8_unicode_ci NOT NULL,
  `src_orientation` tinyint(4) DEFAULT NULL COMMENT 'Ориентация изображения',
  `text_website` text COLLATE utf8_unicode_ci,
  PRIMARY KEY (`id`),
  KEY `subdivision_INDEX` (`id_subdivision`),
  KEY `department_INDEX` (`id_department`),
  KEY `headhunter_INDEX` (`id_headhunter`),
  KEY `id_post` (`id_post`)
) ENGINE=InnoDB  DEFAULT CHARSET=utf8 COLLATE=utf8_unicode_ci AUTO_INCREMENT=49 ;

--
-- Dumping data for table `employes`
--

INSERT INTO `employes` (`id`, `surname`, `name`, `patronymic`, `birth`, `email`, `phone_inner`, `phone_mob`, `phone_home`, `adress`, `skype`, `registration_adress`, `id_subdivision`, `id_department`, `id_post`, `id_headhunter`, `head_subdivison`, `head_office`, `head_department`, `mentor_agree`, `src`, `src_orientation`, `text_website`) VALUES
(1, 'Александров', 'Александр', 'Александрович', '2016-02-29 00:00:00', 'aaa@example.com', '2-356-741', '+7 (320) 124-98-25', '+7 (032) 236-45-71', 'ул. Взлетная, 1', NULL, 'Место регистрации', 1, NULL, 33, 35, 1, 0, 1, 1, 'public/photos/Aleksandr Aleksandrov.png', NULL, NULL),
(4, 'Стеклова', 'Александра', 'Алексеевна', '2016-03-05 00:00:00', 'ddd@example.com', '7-365-289', '+7 (103) 585-14-85', '+7 (031) 415-61-64', 'пр-т Молодых Шахтеров, 14', NULL, 'Место регистрации', 1, NULL, 4, NULL, 0, 0, 0, 1, 'public/photos/Aleksandra_Steklova.jpg', 6, NULL),
(26, 'Чернявский', 'Владимир', '', '2016-08-11 13:01:06', 'boss@landlord.ru', '', '', '', 'РОСТОВ', NULL, '', 1, NULL, 33, NULL, 0, 0, 0, 0, 'public/photos/agent1.jpg', NULL, NULL),
(38, 'Тестовый', 'Пользователь', 'User', '2016-08-04 00:00:00', 'testovyj.pu@landlord.ru', '22299632', '+7 (123) 654-78-90', '+7 (123) 654-78-90', '###', NULL, '###', 1, NULL, 55, NULL, 0, 0, 0, 0, 'public/photos/Polyzovately Testovyy.png', NULL, NULL),
(39, 'Рубан ', 'Екатерина', 'Николаевна', '2000-02-12 00:00:00', 'ruban.en@landlord.ru', '1', '+7 (232) 423-42-34', '+7 (342) 342-34-22', '234', NULL, '4634', 3, NULL, 54, NULL, 0, 0, 0, 0, 'public/photos/Ekaterina_Ruban .png', NULL, NULL),
(41, 'Сотрудник', 'Девятого', 'Августа', '2016-08-09 00:00:00', 'sotrudnik.da@landlord.ru', '211453', '+7 (112) 365-55-96', '+7 (584) 581-58-16', '###', NULL, '###', 1, NULL, 4, NULL, 0, 0, 0, 0, 'public/photos/Devyatogo Sotrudnik.png', NULL, NULL),
(42, 'Миронова', 'Оля', 'Николаевна', '1982-05-30 23:00:00', 'mironova.on@landlord.ru', '271', '+7 (961) 321-55-52', '+7 (325) 663-32-25', 'Ростов-на-ДОНУ,ул.Вятская, 17', NULL, 'ростов-на-дону, ул. Вятская,17', 1, NULL, 53, 1, 0, 0, 0, 1, 'public/photos/agent1.jpg', NULL, NULL),
(43, 'Петриашвили', 'Елена', 'Игоревна', '1984-06-06 23:00:00', 'petriashvili.ei@landlord.ru', '232', '+7 (961) 321-55-52', '+7 (863) 291-09-10', 'Ростов-на-ДОНУ,ул.Вятская, 17', NULL, 'ростов-на-дону, ул. Вятская,17', 1, NULL, 4, 4, 0, 0, 0, 0, 'public/photos/agent1.jpg', NULL, NULL),
(44, 'Петров', 'Петр', 'Петрович', '2016-08-17 00:00:00', 'petrov.pp@landlord.ru', '1', '+7 (787) 879-86-98', '+7 (465) 645-64-__', 'аксай', NULL, 'аксайская1', 1, NULL, 53, 42, 0, 0, 0, 0, 'public/photos/Sergey_Bulanov .jpg', NULL, NULL),
(45, 'Николаев', 'Алексей', 'Николаевич', '0000-00-00 00:00:00', 'nikolaev.an@landlord.ru', '65', '+7 (345) 235-23-52', '+7 (235) 235-23-52', '235423', NULL, '235', 1, 6, 9, 1, 0, 0, 0, 0, 'public/photos/Aleksey_Nikolaev.jpg', NULL, NULL),
(46, 'Гиденко ', 'Александр', 'Валерьевич', '0000-00-00 00:00:00', 'gidenko .av@landlord.ru', '235', '+7 (___) 452-34-63', '+7 (346) 346-34-63', '346', NULL, '3465', 1, NULL, 33, NULL, 0, 0, 0, 0, 'public/photos/ALEKSANDR_GIDENKO .jpg', NULL, NULL),
(47, 'Гиденко', 'Александр', 'Валерьевич', '0000-00-00 00:00:00', 'gidenko.av@landlord.ru', 'ц', '+7 (245) 345-34-53', '+7 (223) 534-53-45', '232', NULL, 'уку', 1, NULL, 33, NULL, 0, 0, 0, 0, 'public/photos/Aleksandr_Gidenko.jpg', NULL, NULL),
(48, 'Тестович', 'Тест', 'Тестов', '2016-08-11 00:00:00', 'testovich.tt@landlord.ru', '125', '+7 (151) 515-61-69', '+7 (144) 894-94-98', '###', NULL, '###', 12, 5, 21, NULL, 0, 0, 1, 0, 'public/photos/Test_Testovich.JPG', 6, NULL);

-- --------------------------------------------------------

--
-- Table structure for table `employes_offices`
--

CREATE TABLE IF NOT EXISTS `employes_offices` (
  `id` bigint(20) NOT NULL AUTO_INCREMENT,
  `id_employee` bigint(20) NOT NULL,
  `id_office` bigint(20) NOT NULL,
  PRIMARY KEY (`id`),
  KEY `id_employes_INDEX` (`id_employee`),
  KEY `id_office_INDEX` (`id_office`)
) ENGINE=InnoDB  DEFAULT CHARSET=utf8 COLLATE=utf8_unicode_ci AUTO_INCREMENT=165 ;

--
-- Dumping data for table `employes_offices`
--

INSERT INTO `employes_offices` (`id`, `id_employee`, `id_office`) VALUES
(82, 26, 1),
(87, 1, 1),
(88, 1, 2),
(89, 1, 3),
(135, 39, 1),
(138, 41, 5),
(139, 42, 3),
(140, 43, 3),
(141, 4, 1),
(142, 44, 1),
(143, 38, 1),
(144, 45, 1),
(145, 46, 1),
(146, 46, 2),
(147, 46, 3),
(148, 46, 4),
(149, 46, 5),
(150, 46, 7),
(151, 46, 10),
(152, 46, 12),
(153, 46, 13),
(154, 47, 1),
(155, 47, 2),
(156, 47, 3),
(157, 47, 4),
(158, 47, 5),
(159, 47, 7),
(160, 47, 10),
(161, 47, 12),
(162, 47, 13),
(164, 48, 1);

-- --------------------------------------------------------

--
-- Table structure for table `events_participants`
--

CREATE TABLE IF NOT EXISTS `events_participants` (
  `id` bigint(20) NOT NULL AUTO_INCREMENT,
  `id_achievement` bigint(20) NOT NULL,
  `id_employee` bigint(20) NOT NULL,
  `score` int(10) DEFAULT NULL COMMENT 'Баллы',
  `diploma` varchar(255) DEFAULT NULL COMMENT 'Диплом',
  PRIMARY KEY (`id`),
  KEY `id_achievement` (`id_achievement`,`id_employee`),
  KEY `id_employee` (`id_employee`)
) ENGINE=InnoDB DEFAULT CHARSET=utf8 AUTO_INCREMENT=1 ;

--
-- Dumping data for table `events_participants`
--


-- --------------------------------------------------------

--
-- Table structure for table `fired_employees`
--

CREATE TABLE IF NOT EXISTS `fired_employees` (
  `id` bigint(20) NOT NULL AUTO_INCREMENT,
  `id_employee` bigint(20) NOT NULL,
  `date` timestamp NOT NULL DEFAULT CURRENT_TIMESTAMP,
  `reason` varchar(45) COLLATE utf8_unicode_ci NOT NULL,
  PRIMARY KEY (`id`),
  KEY `id_employee_INDEX` (`id_employee`)
) ENGINE=InnoDB DEFAULT CHARSET=utf8 COLLATE=utf8_unicode_ci AUTO_INCREMENT=1 ;

--
-- Dumping data for table `fired_employees`
--


-- --------------------------------------------------------

--
-- Table structure for table `grades`
--

CREATE TABLE IF NOT EXISTS `grades` (
  `id` bigint(20) NOT NULL AUTO_INCREMENT,
  `id_employee` bigint(20) NOT NULL,
  `date` timestamp NOT NULL DEFAULT CURRENT_TIMESTAMP,
  `average` double(2,1) DEFAULT NULL,
  PRIMARY KEY (`id`),
  KEY `id_employee_INDEX` (`id_employee`)
) ENGINE=InnoDB  DEFAULT CHARSET=utf8 COLLATE=utf8_unicode_ci AUTO_INCREMENT=2 ;

--
-- Dumping data for table `grades`
--

INSERT INTO `grades` (`id`, `id_employee`, `date`, `average`) VALUES
(1, 45, '2016-08-24 16:03:12', 5.0);

-- --------------------------------------------------------

--
-- Table structure for table `grades_expanded`
--

CREATE TABLE IF NOT EXISTS `grades_expanded` (
  `id` bigint(20) NOT NULL AUTO_INCREMENT,
  `id_grades` bigint(20) NOT NULL,
  `id_parameter` bigint(20) NOT NULL,
  `score` tinyint(1) NOT NULL,
  PRIMARY KEY (`id`),
  KEY `id_grades_INDEX` (`id_grades`),
  KEY `id_parameter_INDEX` (`id_parameter`)
) ENGINE=InnoDB  DEFAULT CHARSET=utf8 COLLATE=utf8_unicode_ci AUTO_INCREMENT=2 ;

--
-- Dumping data for table `grades_expanded`
--

INSERT INTO `grades_expanded` (`id`, `id_grades`, `id_parameter`, `score`) VALUES
(1, 1, 3, 5);

-- --------------------------------------------------------

--
-- Table structure for table `mail_files`
--

CREATE TABLE IF NOT EXISTS `mail_files` (
  `id` bigint(20) NOT NULL AUTO_INCREMENT,
  `id_mail` bigint(20) NOT NULL,
  `file_name` varchar(50) NOT NULL,
  `file_path` varchar(255) NOT NULL,
  PRIMARY KEY (`id`),
  KEY `file_mail_id_idx` (`id_mail`)
) ENGINE=InnoDB DEFAULT CHARSET=utf8 AUTO_INCREMENT=1 ;

--
-- Dumping data for table `mail_files`
--


-- --------------------------------------------------------

--
-- Table structure for table `mail_storage`
--

CREATE TABLE IF NOT EXISTS `mail_storage` (
  `id` bigint(20) NOT NULL AUTO_INCREMENT,
  `id_receiver` bigint(20) NOT NULL COMMENT 'Получатель сообщения',
  `subject` varchar(30) DEFAULT NULL COMMENT 'Тема сообщения',
  `text` text COMMENT 'Текст сообщения',
  `is_read` tinyint(1) DEFAULT '0' COMMENT 'Флаг. Прочитано ?',
  `id_type` bigint(20) DEFAULT NULL COMMENT 'Тип сообщения',
  `created_at` timestamp NULL DEFAULT NULL,
  `updated_at` timestamp NULL DEFAULT NULL,
  PRIMARY KEY (`id`),
  KEY `mail_type_idx` (`id_type`),
  KEY `mail_user_id_idx` (`id_receiver`)
) ENGINE=InnoDB  DEFAULT CHARSET=utf8 AUTO_INCREMENT=352 ;

--
-- Dumping data for table `mail_storage`
--

INSERT INTO `mail_storage` (`id`, `id_receiver`, `subject`, `text`, `is_read`, `id_type`, `created_at`, `updated_at`) VALUES
(121, 1, 'Новое оповещение', 'За вами закреплен новый объект недвижимости с номером <a href=''/realestate/apartment/edit/82''>57AB13EA01</a>', 0, 1, '2016-08-10 14:45:46', '2016-08-10 14:45:46'),
(122, 1, 'Новое оповещение', 'За вами закреплен новый объект недвижимости с номером <a href=''/realestate/apartment/edit/83''>57AB13EB01</a>', 0, 1, '2016-08-10 14:45:47', '2016-08-10 14:45:47'),
(123, 1, 'Новое оповещение', 'За вами закреплен новый объект недвижимости с номером <a href=''/realestate/apartment/edit/84''>57AB148B01</a>', 0, 1, '2016-08-10 14:48:27', '2016-08-10 14:48:27'),
(124, 1, 'Новое оповещение', 'За вами закреплен новый объект недвижимости с номером <a href=''/realestate/apartment/edit/85''>57AB148F01</a>', 0, 1, '2016-08-10 14:48:31', '2016-08-10 14:48:31'),
(125, 1, 'Новое оповещение', 'За вами закреплен новый объект недвижимости с номером <a href=''/realestate/apartment/edit/86''>57AB14C401</a>', 0, 1, '2016-08-10 14:49:24', '2016-08-10 14:49:24'),
(126, 1, 'Новое оповещение', 'За вами закреплен новый объект недвижимости с номером <a href=''/realestate/apartment/edit/87''>57AB198F01</a>', 0, 1, '2016-08-10 15:09:51', '2016-08-10 15:09:51'),
(127, 1, 'Новое оповещение', 'За вами закреплен новый объект недвижимости с номером <a href=''/realestate/apartment/edit/88''>57AB1AA401</a>', 0, 1, '2016-08-10 15:14:28', '2016-08-10 15:14:28'),
(128, 1, 'Новое оповещение', 'За вами закреплен новый объект недвижимости с номером <a href=''/realestate/apartment/edit/89''>57AB1B2C01</a>', 0, 1, '2016-08-10 15:16:44', '2016-08-10 15:16:44'),
(129, 1, 'Новое оповещение', 'За вами закреплен новый объект недвижимости с номером <a href=''/realestate/apartment/edit/90''>57AB1B4B01</a>', 0, 1, '2016-08-10 15:17:15', '2016-08-10 15:17:15'),
(130, 1, 'Новое оповещение', 'За вами закреплен новый объект недвижимости с номером <a href=''/realestate/apartment/edit/91''>57AB1C9C01</a>', 0, 1, '2016-08-10 15:22:52', '2016-08-10 15:22:52'),
(131, 1, 'Новое оповещение', 'За вами закреплен новый объект недвижимости с номером <a href=''/realestate/apartment/edit/92''>57AB1CBB01</a>', 0, 1, '2016-08-10 15:23:23', '2016-08-10 15:23:23'),
(132, 1, 'Новое оповещение', 'За вами закреплен новый объект недвижимости с номером <a href=''/realestate/apartment/edit/93''>57AB1D9801</a>', 0, 1, '2016-08-10 15:27:04', '2016-08-10 15:27:04'),
(133, 1, 'Новое оповещение', 'За вами закреплен новый объект недвижимости с номером <a href=''/realestate/apartment/edit/94''>57AB1DAB01</a>', 0, 1, '2016-08-10 15:27:23', '2016-08-10 15:27:23'),
(134, 1, 'Новое оповещение', 'За вами закреплен новый объект недвижимости с номером <a href=''/realestate/apartment/edit/95''>57AB1DE301</a>', 0, 1, '2016-08-10 15:28:19', '2016-08-10 15:28:19'),
(135, 1, 'Новое оповещение', 'За вами закреплен новый объект недвижимости с номером <a href=''/realestate/apartment/edit/96''>57AB1E0201</a>', 0, 1, '2016-08-10 15:28:50', '2016-08-10 15:28:50'),
(136, 1, 'Новое оповещение', 'За вами закреплен новый объект недвижимости с номером <a href=''/realestate/apartment/edit/99''>57AB219901</a>', 0, 1, '2016-08-10 15:44:09', '2016-08-10 15:44:09'),
(137, 1, 'Новое оповещение', 'За вами закреплен новый объект недвижимости с номером <a href=''/realestate/apartment/edit/100''>57AB21AB01</a>', 0, 1, '2016-08-10 15:44:27', '2016-08-10 15:44:27'),
(138, 1, 'Новое оповещение', 'За вами закреплен новый объект недвижимости с номером <a href=''/realestate/apartment/edit/101''>57AB21B801</a>', 0, 1, '2016-08-10 15:44:40', '2016-08-10 15:44:40'),
(139, 1, 'Новое оповещение', 'За вами закреплен новый объект недвижимости с номером <a href=''/realestate/apartment/edit/102''>57AB21D101</a>', 0, 1, '2016-08-10 15:45:05', '2016-08-10 15:45:05'),
(140, 1, 'Новое оповещение', 'За вами закреплен новый объект недвижимости с номером <a href=''/realestate/apartment/edit/103''>57AB221701</a>', 0, 1, '2016-08-10 15:46:15', '2016-08-10 15:46:15'),
(141, 1, 'Новое оповещение', 'За вами закреплен новый объект недвижимости с номером <a href=''/realestate/apartment/edit/104''>57AB222301</a>', 0, 1, '2016-08-10 15:46:27', '2016-08-10 15:46:27'),
(142, 1, 'Новое оповещение', 'За вами закреплен новый объект недвижимости с номером <a href=''/realestate/apartment/edit/105''>57AB223A01</a>', 0, 1, '2016-08-10 15:46:50', '2016-08-10 15:46:50'),
(143, 1, 'Новое оповещение', 'За вами закреплен новый объект недвижимости с номером <a href=''/realestate/apartment/edit/106''>57AB225401</a>', 0, 1, '2016-08-10 15:47:16', '2016-08-10 15:47:16'),
(144, 1, 'Новое оповещение', 'За вами закреплен новый объект недвижимости с номером <a href=''/realestate/apartment/edit/107''>57AB227B01</a>', 0, 1, '2016-08-10 15:47:55', '2016-08-10 15:47:55'),
(145, 1, 'Новое оповещение', 'За вами закреплен новый объект недвижимости с номером <a href=''/realestate/apartment/edit/108''>57AB228701</a>', 0, 1, '2016-08-10 15:48:07', '2016-08-10 15:48:07'),
(146, 1, 'Новое оповещение', 'За вами закреплен новый объект недвижимости с номером <a href=''/realestate/apartment/edit/109''>57AB24A201</a>', 0, 1, '2016-08-10 15:57:06', '2016-08-10 15:57:06'),
(147, 1, 'Новое оповещение', 'За вами закреплен новый объект недвижимости с номером <a href=''/realestate/apartment/edit/110''>57AB24EA01</a>', 0, 1, '2016-08-10 15:58:18', '2016-08-10 15:58:18'),
(148, 1, 'Новое оповещение', 'За вами закреплен новый объект недвижимости с номером <a href=''/realestate/apartment/edit/111''>57AB254401</a>', 0, 1, '2016-08-10 15:59:48', '2016-08-10 15:59:48'),
(149, 1, 'Новое оповещение', 'За вами закреплен новый объект недвижимости с номером <a href=''/realestate/apartment/edit/112''>57AB254C01</a>', 0, 1, '2016-08-10 15:59:56', '2016-08-10 15:59:56'),
(150, 1, 'Новое оповещение', 'За вами закреплен новый объект недвижимости с номером <a href=''/realestate/apartment/edit/113''>57AB255901</a>', 0, 1, '2016-08-10 16:00:09', '2016-08-10 16:00:09'),
(151, 1, 'Новое оповещение', 'За вами закреплен новый объект недвижимости с номером <a href=''/realestate/apartment/edit/114''>57AB258201</a>', 0, 1, '2016-08-10 16:00:50', '2016-08-10 16:00:50'),
(152, 1, 'Новое оповещение', 'За вами закреплен новый объект недвижимости с номером <a href=''/realestate/apartment/edit/115''>57AB25B201</a>', 0, 1, '2016-08-10 16:01:38', '2016-08-10 16:01:38'),
(153, 1, 'Новое оповещение', 'За вами закреплен новый объект недвижимости с номером <a href=''/realestate/apartment/edit/116''>57AB262901</a>', 0, 1, '2016-08-10 16:03:37', '2016-08-10 16:03:37'),
(154, 1, 'Новое оповещение', 'За вами закреплен новый объект недвижимости с номером <a href=''/realestate/apartment/edit/117''>57AB2C6601</a>', 0, 1, '2016-08-10 16:30:14', '2016-08-10 16:30:14'),
(155, 1, 'Новое оповещение', 'За вами закреплен новый объект недвижимости с номером <a href=''/realestate/apartment/edit/118''>57AB2E5401</a>', 0, 1, '2016-08-10 16:38:28', '2016-08-10 16:38:28'),
(156, 1, 'Новое оповещение', 'За вами закреплен новый объект недвижимости с номером <a href=''/realestate/apartment/edit/119''>57AB2EE101</a>', 0, 1, '2016-08-10 16:40:49', '2016-08-10 16:40:49'),
(157, 1, 'Новое оповещение', 'За вами закреплен новый объект недвижимости с номером <a href=''/realestate/apartment/edit/120''>57AC4B6301</a>', 0, 1, '2016-08-11 12:54:43', '2016-08-11 12:54:43'),
(158, 1, 'Новое оповещение', 'За вами закреплен новый объект недвижимости с номером <a href=''/realestate/apartment/edit/121''>57AC4C1B01</a>', 0, 1, '2016-08-11 12:57:47', '2016-08-11 12:57:47'),
(159, 1, 'Новое оповещение', 'За вами закреплен новый объект недвижимости с номером <a href=''/realestate/apartment/edit/122''>57AC4C2401</a>', 0, 1, '2016-08-11 12:57:56', '2016-08-11 12:57:56'),
(160, 1, 'Новое оповещение', 'За вами закреплен новый объект недвижимости с номером <a href=''/realestate/apartment/edit/123''>57AC4C2601</a>', 0, 1, '2016-08-11 12:57:58', '2016-08-11 12:57:58'),
(161, 1, 'Новое оповещение', 'За вами закреплен новый объект недвижимости с номером <a href=''/realestate/apartment/edit/125''>57AC4C2701</a>', 0, 1, '2016-08-11 12:57:59', '2016-08-11 12:57:59'),
(162, 4, 'Новое оповещение', 'За вами закреплен новый объект недвижимости с номером <a href=''/realestate/apartment/edit/126''>57AC54B201</a>', 0, 1, '2016-08-11 13:34:26', '2016-08-11 13:34:26'),
(163, 4, 'Новое оповещение', 'За вами закреплен новый объект недвижимости с номером <a href=''/realestate/apartment/edit/131''>57AC54B301</a>', 0, 1, '2016-08-11 13:34:27', '2016-08-11 13:34:27'),
(164, 4, 'Новое оповещение', 'За вами закреплен новый объект недвижимости с номером <a href=''/realestate/apartment/edit/133''>57AC54B401</a>', 0, 1, '2016-08-11 13:34:28', '2016-08-11 13:34:28'),
(165, 4, 'Новое оповещение', 'За вами закреплен новый объект недвижимости с номером <a href=''/realestate/apartment/edit/136''>57AC54B501</a>', 0, 1, '2016-08-11 13:34:29', '2016-08-11 13:34:29'),
(166, 1, 'Новое оповещение', 'За вами закреплен новый объект недвижимости с номером <a href=''/realestate/apartment/edit/140''>57AC55CE01</a>', 0, 1, '2016-08-11 13:39:10', '2016-08-11 13:39:10'),
(167, 1, 'Новое оповещение', 'За вами закреплен новый объект недвижимости с номером <a href=''/realestate/apartment/edit/141''>57AC55CF01</a>', 0, 1, '2016-08-11 13:39:11', '2016-08-11 13:39:11'),
(168, 1, 'Новое оповещение', 'За вами закреплен новый объект недвижимости с номером <a href=''/realestate/apartment/edit/143''>57AC55D001</a>', 0, 1, '2016-08-11 13:39:12', '2016-08-11 13:39:12'),
(169, 1, 'Новое оповещение', 'За вами закреплен новый объект недвижимости с номером <a href=''/realestate/apartment/edit/145''>57AC55D201</a>', 0, 1, '2016-08-11 13:39:14', '2016-08-11 13:39:14'),
(170, 1, 'Новое оповещение', 'За вами закреплен новый объект недвижимости с номером <a href=''/realestate/apartment/edit/146''>57AC55D301</a>', 0, 1, '2016-08-11 13:39:15', '2016-08-11 13:39:15'),
(171, 1, 'Новое оповещение', 'За вами закреплен новый объект недвижимости с номером <a href=''/realestate/apartment/edit/149''>57AC55D401</a>', 0, 1, '2016-08-11 13:39:16', '2016-08-11 13:39:16'),
(172, 1, 'Новое оповещение', 'За вами закреплен новый объект недвижимости с номером <a href=''/realestate/apartment/edit/151''>57AC560301</a>', 0, 1, '2016-08-11 13:40:03', '2016-08-11 13:40:03'),
(173, 1, 'Новое оповещение', 'За вами закреплен новый объект недвижимости с номером <a href=''/realestate/apartment/edit/152''>57AC560501</a>', 0, 1, '2016-08-11 13:40:06', '2016-08-11 13:40:06'),
(174, 1, 'Новое оповещение', 'За вами закреплен новый объект недвижимости с номером <a href=''/realestate/apartment/edit/153''>57AC560601</a>', 0, 1, '2016-08-11 13:40:06', '2016-08-11 13:40:06'),
(175, 1, 'Новое оповещение', 'За вами закреплен новый объект недвижимости с номером <a href=''/realestate/apartment/edit/157''>57AC560701</a>', 0, 1, '2016-08-11 13:40:07', '2016-08-11 13:40:07'),
(176, 1, 'Новое оповещение', 'За вами закреплен новый объект недвижимости с номером <a href=''/realestate/apartment/edit/158''>57AC576501</a>', 0, 1, '2016-08-11 13:45:57', '2016-08-11 13:45:57'),
(177, 1, 'Новое оповещение', 'За вами закреплен новый объект недвижимости с номером <a href=''/realestate/apartment/edit/159''>57AC576901</a>', 0, 1, '2016-08-11 13:46:02', '2016-08-11 13:46:02'),
(178, 1, 'Новое оповещение', 'За вами закреплен новый объект недвижимости с номером <a href=''/realestate/apartment/edit/160''>57AC576A01</a>', 0, 1, '2016-08-11 13:46:02', '2016-08-11 13:46:02'),
(179, 1, 'Новое оповещение', 'За вами закреплен новый объект недвижимости с номером <a href=''/realestate/apartment/edit/162''>57AC576C01</a>', 0, 1, '2016-08-11 13:46:04', '2016-08-11 13:46:04'),
(180, 1, 'Новое оповещение', 'За вами закреплен новый объект недвижимости с номером <a href=''/realestate/apartment/edit/163''>57AC576D01</a>', 0, 1, '2016-08-11 13:46:05', '2016-08-11 13:46:05'),
(181, 1, 'Новое оповещение', 'За вами закреплен новый объект недвижимости с номером <a href=''/realestate/apartment/edit/164''>57AC576E01</a>', 0, 1, '2016-08-11 13:46:06', '2016-08-11 13:46:06'),
(182, 1, 'Новое оповещение', 'За вами закреплен новый объект недвижимости с номером <a href=''/realestate/apartment/edit/165''>57AC576F01</a>', 0, 1, '2016-08-11 13:46:07', '2016-08-11 13:46:07'),
(183, 1, 'Новое оповещение', 'За вами закреплен новый объект недвижимости с номером <a href=''/realestate/apartment/edit/169''>57AC5ADF01</a>', 0, 1, '2016-08-11 14:00:47', '2016-08-11 14:00:47'),
(184, 1, 'Новое оповещение', 'За вами закреплен новый объект недвижимости с номером <a href=''/realestate/apartment/edit/170''>57AC5AEB01</a>', 0, 1, '2016-08-11 14:00:59', '2016-08-11 14:00:59'),
(185, 1, 'Новое оповещение', 'За вами закреплен новый объект недвижимости с номером <a href=''/realestate/apartment/edit/171''>57AC5AEC01</a>', 0, 1, '2016-08-11 14:01:00', '2016-08-11 14:01:00'),
(186, 1, 'Новое оповещение', 'За вами закреплен новый объект недвижимости с номером <a href=''/realestate/apartment/edit/172''>57AC5BD001</a>', 0, 1, '2016-08-11 14:04:48', '2016-08-11 14:04:48'),
(187, 1, 'Новое оповещение', 'За вами закреплен новый объект недвижимости с номером <a href=''/realestate/apartment/edit/173''>57AC79D401</a>', 0, 1, '2016-08-11 16:12:52', '2016-08-11 16:12:52'),
(188, 1, 'Новое оповещение', 'За вами закреплен новый объект недвижимости с номером <a href=''/realestate/apartment/edit/174''>57AC8C8F01</a>', 0, 1, '2016-08-11 17:32:47', '2016-08-11 17:32:47'),
(189, 1, 'Новое оповещение', 'За вами закреплен новый объект недвижимости с номером <a href=''/realestate/apartment/edit/175''>57AC8F6901</a>', 0, 1, '2016-08-11 17:44:57', '2016-08-11 17:44:57'),
(190, 1, 'Новое оповещение', 'За вами закреплен новый объект недвижимости с номером <a href=''/realestate/apartment/edit/176''>57ADEDAF01</a>', 0, 1, '2016-08-12 18:39:27', '2016-08-12 18:39:27'),
(191, 1, 'Новое оповещение', 'За вами закреплен новый объект недвижимости с номером <a href=''/realestate/apartment/edit/177''>57B1875201</a>', 0, 1, '2016-08-15 12:11:46', '2016-08-15 12:11:46'),
(192, 1, 'Новое оповещение', 'За вами закреплен новый объект недвижимости с номером <a href=''/realestate/apartment/edit/178''>57B1881C01</a>', 0, 1, '2016-08-15 12:15:08', '2016-08-15 12:15:08'),
(193, 1, 'Новое оповещение', 'За вами закреплен новый объект недвижимости с номером <a href=''/realestate/apartment/edit/179''>57B195E301</a>', 0, 1, '2016-08-15 13:13:56', '2016-08-15 13:13:56'),
(194, 1, 'Новое оповещение', 'За вами закреплен новый объект недвижимости с номером <a href=''/realestate/apartment/edit/180''>57B195E701</a>', 0, 1, '2016-08-15 13:13:59', '2016-08-15 13:13:59'),
(195, 1, 'Новое оповещение', 'За вами закреплен новый объект недвижимости с номером <a href=''/realestate/apartment/edit/181''>57B1968D01</a>', 0, 1, '2016-08-15 13:16:45', '2016-08-15 13:16:45'),
(196, 1, 'Новое оповещение', 'За вами закреплен новый объект недвижимости с номером <a href=''/realestate/apartment/edit/182''>57B196E601</a>', 0, 1, '2016-08-15 13:18:14', '2016-08-15 13:18:14'),
(197, 1, 'Новое оповещение', 'За вами закреплен новый объект недвижимости с номером <a href=''/realestate/apartment/edit/183''>57B1987101</a>', 0, 1, '2016-08-15 13:24:49', '2016-08-15 13:24:49'),
(198, 1, 'Новое оповещение', 'За вами закреплен новый объект недвижимости с номером <a href=''/realestate/apartment/edit/184''>57B1997101</a>', 0, 1, '2016-08-15 13:29:05', '2016-08-15 13:29:05'),
(199, 1, 'Новое оповещение', 'За вами закреплен новый объект недвижимости с номером <a href=''/realestate/apartment/edit/185''>57B19B1801</a>', 0, 1, '2016-08-15 13:36:08', '2016-08-15 13:36:08'),
(200, 1, 'Новое оповещение', 'За вами закреплен новый объект недвижимости с номером <a href=''/realestate/apartment/edit/186''>57B19B9B01</a>', 0, 1, '2016-08-15 13:38:19', '2016-08-15 13:38:19'),
(201, 1, 'Новое оповещение', 'За вами закреплен новый объект недвижимости с номером <a href=''/realestate/apartment/edit/187''>57B19BC201</a>', 0, 1, '2016-08-15 13:38:58', '2016-08-15 13:38:58'),
(202, 1, 'Новое оповещение', 'За вами закреплен новый объект недвижимости с номером <a href=''/realestate/apartment/edit/188''>57B19D0601</a>', 0, 1, '2016-08-15 13:44:22', '2016-08-15 13:44:22'),
(203, 1, 'Новое оповещение', 'За вами закреплен новый объект недвижимости с номером <a href=''/realestate/apartment/edit/189''>57B1A72A01</a>', 0, 1, '2016-08-15 14:27:38', '2016-08-15 14:27:38'),
(204, 1, 'Новое оповещение', 'За вами закреплен новый объект недвижимости с номером <a href=''/realestate/apartment/edit/190''>57B1A7BB01</a>', 0, 1, '2016-08-15 14:30:03', '2016-08-15 14:30:03'),
(205, 1, 'Новое оповещение', 'За вами закреплен новый объект недвижимости с номером <a href=''/realestate/apartment/edit/191''>57B1A7C501</a>', 0, 1, '2016-08-15 14:30:13', '2016-08-15 14:30:13'),
(206, 1, 'Новое оповещение', 'За вами закреплен новый объект недвижимости с номером <a href=''/realestate/apartment/edit/192''>57B1A82401</a>', 0, 1, '2016-08-15 14:31:48', '2016-08-15 14:31:48'),
(207, 1, 'Новое оповещение', 'За вами закреплен новый объект недвижимости с номером <a href=''/realestate/apartment/edit/193''>57B1A84001</a>', 0, 1, '2016-08-15 14:32:16', '2016-08-15 14:32:16'),
(208, 1, 'Новое оповещение', 'За вами закреплен новый объект недвижимости с номером <a href=''/realestate/apartment/edit/194''>57B1A90B01</a>', 0, 1, '2016-08-15 14:35:39', '2016-08-15 14:35:39'),
(209, 1, 'Новое оповещение', 'За вами закреплен новый объект недвижимости с номером <a href=''/realestate/apartment/edit/195''>57B1A9BF01</a>', 0, 1, '2016-08-15 14:38:39', '2016-08-15 14:38:39'),
(210, 1, 'Новое оповещение', 'За вами закреплен новый объект недвижимости с номером <a href=''/realestate/apartment/edit/196''>57B1A9D201</a>', 0, 1, '2016-08-15 14:38:58', '2016-08-15 14:38:58'),
(211, 1, 'Новое оповещение', 'За вами закреплен новый объект недвижимости с номером <a href=''/realestate/apartment/edit/197''>57B1AA0C01</a>', 0, 1, '2016-08-15 14:39:57', '2016-08-15 14:39:57'),
(212, 1, 'Новое оповещение', 'За вами закреплен новый объект недвижимости с номером <a href=''/realestate/apartment/edit/198''>57B1AA1801</a>', 0, 1, '2016-08-15 14:40:08', '2016-08-15 14:40:08'),
(213, 1, 'Новое оповещение', 'За вами закреплен новый объект недвижимости с номером <a href=''/realestate/apartment/edit/199''>57B1AA4D01</a>', 0, 1, '2016-08-15 14:41:01', '2016-08-15 14:41:01'),
(214, 1, 'Новое оповещение', 'За вами закреплен новый объект недвижимости с номером <a href=''/realestate/apartment/edit/200''>57B1AA5E01</a>', 0, 1, '2016-08-15 14:41:18', '2016-08-15 14:41:18'),
(215, 1, 'Новое оповещение', 'За вами закреплен новый объект недвижимости с номером <a href=''/realestate/apartment/edit/201''>57B1AA8B01</a>', 0, 1, '2016-08-15 14:42:03', '2016-08-15 14:42:03'),
(216, 1, 'Новое оповещение', 'За вами закреплен новый объект недвижимости с номером <a href=''/realestate/apartment/edit/202''>57B1AAC901</a>', 0, 1, '2016-08-15 14:43:05', '2016-08-15 14:43:05'),
(217, 1, 'Новое оповещение', 'За вами закреплен новый объект недвижимости с номером <a href=''/realestate/apartment/edit/203''>57B1AAD401</a>', 0, 1, '2016-08-15 14:43:16', '2016-08-15 14:43:16'),
(218, 44, 'Новое оповещение', 'За вами закреплен новый объект недвижимости с номером <a href=''/realestate/apartment/edit/204''>57B2D97C01</a>', 0, 1, '2016-08-16 12:14:36', '2016-08-16 12:14:36'),
(219, 1, 'Новое оповещение', 'За вами закреплен новый объект недвижимости с номером <a href=''/realestate/apartment/edit/205''>57B2F49401</a>', 0, 1, '2016-08-16 14:10:12', '2016-08-16 14:10:12'),
(220, 4, 'Новое оповещение', 'За вами закреплен новый объект недвижимости с номером <a href=''/realestate/apartment/edit/213''>57B2F8FF01</a>', 0, 1, '2016-08-16 14:29:03', '2016-08-16 14:29:03'),
(221, 4, 'Новое оповещение', 'За вами закреплен новый объект недвижимости с номером <a href=''/realestate/apartment/edit/214''>57B2F93201</a>', 0, 1, '2016-08-16 14:29:54', '2016-08-16 14:29:54'),
(222, 1, 'Новое оповещение', 'За вами закреплен новый объект недвижимости с номером <a href=''/realestate/apartment/edit/215''>57B311AC01</a>', 0, 1, '2016-08-16 16:14:20', '2016-08-16 16:14:20'),
(223, 1, 'Новое оповещение', 'За вами закреплен новый объект недвижимости с номером <a href=''/realestate/apartment/edit/216''>57B3156001</a>', 0, 1, '2016-08-16 16:30:08', '2016-08-16 16:30:08'),
(224, 1, 'Новое оповещение', 'За вами закреплен новый объект недвижимости с номером <a href=''/realestate/apartment/edit/225''>57B31AD101</a>', 0, 1, '2016-08-16 16:53:21', '2016-08-16 16:53:21'),
(244, 4, 'Новое оповещение', 'За вами закреплен новый объект недвижимости с номером <a href=''/realestate/apartment/edit/252''>57B4587501</a>', 0, 1, '2016-08-17 15:28:37', '2016-08-17 15:28:37'),
(246, 1, 'Новое оповещение', 'За вами закреплен новый объект недвижимости с номером <a href=''/realestate/apartment/edit/254''>57B45A9F01</a>', 0, 1, '2016-08-17 15:37:51', '2016-08-17 15:37:51'),
(247, 1, 'Новое оповещение', 'За вами закреплен новый объект недвижимости с номером <a href=''/realestate/apartment/edit/255''>57B45EC001</a>', 0, 1, '2016-08-17 15:55:28', '2016-08-17 15:55:28'),
(248, 1, 'Новое оповещение', 'За вами закреплен новый объект недвижимости с номером <a href=''/realestate/apartment/edit/256''>57B460EF01</a>', 0, 1, '2016-08-17 16:04:47', '2016-08-17 16:04:47'),
(249, 1, 'Новое оповещение', 'За вами закреплен новый объект недвижимости с номером <a href=''/realestate/apartment/edit/257''>57B4614101</a>', 0, 1, '2016-08-17 16:06:09', '2016-08-17 16:06:09'),
(250, 1, 'Новое оповещение', 'За вами закреплен новый объект недвижимости с номером <a href=''/realestate/apartment/edit/258''>57B465B001</a>', 0, 1, '2016-08-17 16:25:04', '2016-08-17 16:25:04'),
(251, 1, 'Новое оповещение', 'За вами закреплен новый объект недвижимости с номером <a href=''/realestate/apartment/edit/259''>57B4668A01</a>', 0, 1, '2016-08-17 16:28:42', '2016-08-17 16:28:42'),
(252, 1, 'Новое оповещение', 'За вами закреплен новый объект недвижимости с номером <a href=''/realestate/apartment/edit/260''>57B4675B01</a>', 0, 1, '2016-08-17 16:32:11', '2016-08-17 16:32:11'),
(253, 1, 'Новое оповещение', 'За вами закреплен новый объект недвижимости с номером <a href=''/realestate/apartment/edit/261''>57B469FE01</a>', 0, 1, '2016-08-17 16:43:26', '2016-08-17 16:43:26'),
(254, 1, 'Новое оповещение', 'За вами закреплен новый объект недвижимости с номером <a href=''/realestate/apartment/edit/262''>57B46AD601</a>', 0, 1, '2016-08-17 16:47:02', '2016-08-17 16:47:02'),
(255, 1, 'Новое оповещение', 'За вами закреплен новый объект недвижимости с номером <a href=''/realestate/apartment/edit/263''>57B4778601</a>', 0, 1, '2016-08-17 17:41:10', '2016-08-17 17:41:10'),
(256, 1, 'Новое оповещение', 'За вами закреплен новый объект недвижимости с номером <a href=''/realestate/apartment/edit/264''>57B477AF01</a>', 0, 1, '2016-08-17 17:41:51', '2016-08-17 17:41:51'),
(257, 1, 'Новое оповещение', 'За вами закреплен новый объект недвижимости с номером <a href=''/realestate/apartment/edit/265''>57B477BC01</a>', 0, 1, '2016-08-17 17:42:04', '2016-08-17 17:42:04'),
(258, 1, 'Новое оповещение', 'За вами закреплен новый объект недвижимости с номером <a href=''/realestate/apartment/edit/266''>57B477D901</a>', 0, 1, '2016-08-17 17:42:33', '2016-08-17 17:42:33'),
(259, 1, 'Новое оповещение', 'За вами закреплен новый объект недвижимости с номером <a href=''/realestate/apartment/edit/267''>57B4780901</a>', 0, 1, '2016-08-17 17:43:21', '2016-08-17 17:43:21'),
(260, 1, 'Новое оповещение', 'За вами закреплен новый объект недвижимости с номером <a href=''/realestate/apartment/edit/268''>57B478F801</a>', 0, 1, '2016-08-17 17:47:20', '2016-08-17 17:47:20'),
(261, 1, 'Новое оповещение', 'За вами закреплен новый объект недвижимости с номером <a href=''/realestate/apartment/edit/269''>57B4795F01</a>', 0, 1, '2016-08-17 17:49:03', '2016-08-17 17:49:03'),
(262, 1, 'Новое оповещение', 'За вами закреплен новый объект недвижимости с номером <a href=''/realestate/apartment/edit/270''>57B4799C01</a>', 0, 1, '2016-08-17 17:50:04', '2016-08-17 17:50:04'),
(263, 1, 'Новое оповещение', 'За вами закреплен новый объект недвижимости с номером <a href=''/realestate/apartment/edit/271''>57B47A0601</a>', 0, 1, '2016-08-17 17:51:50', '2016-08-17 17:51:50'),
(264, 1, 'Новое оповещение', 'За вами закреплен новый объект недвижимости с номером <a href=''/realestate/apartment/edit/272''>57B47AB401</a>', 0, 1, '2016-08-17 17:54:44', '2016-08-17 17:54:44'),
(265, 1, 'Новое оповещение', 'За вами закреплен новый объект недвижимости с номером <a href=''/realestate/apartment/edit/273''>57B568CF01</a>', 0, 1, '2016-08-18 10:50:39', '2016-08-18 10:50:39'),
(266, 1, 'Новое оповещение', 'За вами закреплен новый объект недвижимости с номером <a href=''/realestate/apartment/edit/274''>57B5847301</a>', 0, 1, '2016-08-18 12:48:35', '2016-08-18 12:48:35'),
(267, 1, 'Новое оповещение', 'За вами закреплен новый объект недвижимости с номером <a href=''/realestate/apartment/edit/275''>57B5872401</a>', 0, 1, '2016-08-18 13:00:04', '2016-08-18 13:00:04'),
(268, 1, 'Новое оповещение', 'За вами закреплен новый объект недвижимости с номером <a href=''/realestate/apartment/edit/276''>57B59B3401</a>', 0, 1, '2016-08-18 14:25:40', '2016-08-18 14:25:40'),
(269, 1, 'Новое оповещение', 'За вами закреплен новый объект недвижимости с номером <a href=''/realestate/apartment/edit/277''>57B59BFF01</a>', 0, 1, '2016-08-18 14:29:03', '2016-08-18 14:29:03'),
(270, 1, 'Новое оповещение', 'За вами закреплен новый объект недвижимости с номером <a href=''/realestate/apartment/edit/278''>57B59CC001</a>', 0, 1, '2016-08-18 14:32:16', '2016-08-18 14:32:16'),
(271, 1, 'Новое оповещение', 'За вами закреплен новый объект недвижимости с номером <a href=''/realestate/apartment/edit/279''>57B59D4F01</a>', 0, 1, '2016-08-18 14:34:39', '2016-08-18 14:34:39'),
(272, 1, 'Новое оповещение', 'За вами закреплен новый объект недвижимости с номером <a href=''/realestate/apartment/edit/280''>57B59E2A01</a>', 0, 1, '2016-08-18 14:38:18', '2016-08-18 14:38:18'),
(273, 1, 'Новое оповещение', 'За вами закреплен новый объект недвижимости с номером <a href=''/realestate/apartment/edit/281''>57B59F4001</a>', 0, 1, '2016-08-18 14:42:56', '2016-08-18 14:42:56'),
(274, 1, 'Новое оповещение', 'За вами закреплен новый объект недвижимости с номером <a href=''/realestate/apartment/edit/282''>57B5A03601</a>', 0, 1, '2016-08-18 14:47:02', '2016-08-18 14:47:02'),
(275, 1, 'Новое оповещение', 'За вами закреплен новый объект недвижимости с номером <a href=''/realestate/apartment/edit/283''>57B5A23001</a>', 0, 1, '2016-08-18 14:55:28', '2016-08-18 14:55:28'),
(276, 1, 'Новое оповещение', 'За вами закреплен новый объект недвижимости с номером <a href=''/realestate/apartment/edit/284''>57B5A2A301</a>', 0, 1, '2016-08-18 14:57:23', '2016-08-18 14:57:23'),
(277, 1, 'Новое оповещение', 'За вами закреплен новый объект недвижимости с номером <a href=''/realestate/apartment/edit/285''>57B5A50301</a>', 0, 1, '2016-08-18 15:07:31', '2016-08-18 15:07:31'),
(278, 1, 'Новое оповещение', 'За вами закреплен новый объект недвижимости с номером <a href=''/realestate/apartment/edit/286''>57B5A66D01</a>', 0, 1, '2016-08-18 15:13:33', '2016-08-18 15:13:33'),
(279, 1, 'Новое оповещение', 'За вами закреплен новый объект недвижимости с номером <a href=''/realestate/apartment/edit/287''>57B5A6CD01</a>', 0, 1, '2016-08-18 15:15:09', '2016-08-18 15:15:09'),
(280, 1, 'Новое оповещение', 'За вами закреплен новый объект недвижимости с номером <a href=''/realestate/apartment/edit/288''>57B5A71201</a>', 0, 1, '2016-08-18 15:16:18', '2016-08-18 15:16:18'),
(281, 1, 'Новое оповещение', 'За вами закреплен новый объект недвижимости с номером <a href=''/realestate/apartment/edit/289''>57B5A71C01</a>', 0, 1, '2016-08-18 15:16:28', '2016-08-18 15:16:28'),
(282, 1, 'Новое оповещение', 'За вами закреплен новый объект недвижимости с номером <a href=''/realestate/apartment/edit/290''>57B5A72701</a>', 0, 1, '2016-08-18 15:16:39', '2016-08-18 15:16:39'),
(283, 1, 'Новое оповещение', 'За вами закреплен новый объект недвижимости с номером <a href=''/realestate/apartment/edit/291''>57B5A74A01</a>', 0, 1, '2016-08-18 15:17:14', '2016-08-18 15:17:14'),
(284, 1, 'Новое оповещение', 'За вами закреплен новый объект недвижимости с номером <a href=''/realestate/apartment/edit/292''>57B5A8FF01</a>', 0, 1, '2016-08-18 15:24:31', '2016-08-18 15:24:31'),
(285, 1, 'Новое оповещение', 'За вами закреплен новый объект недвижимости с номером <a href=''/realestate/apartment/edit/293''>57B5AEAD01</a>', 0, 1, '2016-08-18 15:48:45', '2016-08-18 15:48:45'),
(286, 1, 'Новое оповещение', 'За вами закреплен новый объект недвижимости с номером <a href=''/realestate/apartment/edit/294''>57B5AF3701</a>', 0, 1, '2016-08-18 15:51:03', '2016-08-18 15:51:03'),
(287, 1, 'Новое оповещение', 'За вами закреплен новый объект недвижимости с номером <a href=''/realestate/apartment/edit/295''>57B5B13F01</a>', 0, 1, '2016-08-18 15:59:43', '2016-08-18 15:59:43'),
(288, 1, 'Новое оповещение', 'За вами закреплен новый объект недвижимости с номером <a href=''/realestate/apartment/edit/296''>57B5B18C01</a>', 0, 1, '2016-08-18 16:01:00', '2016-08-18 16:01:00'),
(289, 1, 'Новое оповещение', 'За вами закреплен новый объект недвижимости с номером <a href=''/realestate/apartment/edit/297''>57B5B1AB01</a>', 0, 1, '2016-08-18 16:01:31', '2016-08-18 16:01:31'),
(290, 4, 'Новое оповещение', 'За вами закреплен новый объект недвижимости с номером <a href=''/realestate/apartment/edit/298''>57B5B2F201</a>', 0, 1, '2016-08-18 16:06:58', '2016-08-18 16:06:58'),
(291, 1, 'Новое оповещение', 'За вами закреплен новый объект недвижимости с номером <a href=''/realestate/apartment/edit/299''>57B5B3BF01</a>', 0, 1, '2016-08-18 16:10:23', '2016-08-18 16:10:23'),
(292, 1, 'Новое оповещение', 'За вами закреплен новый объект недвижимости с номером <a href=''/realestate/apartment/edit/300''>57B5B41B01</a>', 0, 1, '2016-08-18 16:11:55', '2016-08-18 16:11:55'),
(293, 1, 'Новое оповещение', 'За вами закреплен новый объект недвижимости с номером <a href=''/realestate/apartment/edit/301''>57B6E19101</a>', 0, 1, '2016-08-19 13:38:09', '2016-08-19 13:38:09'),
(294, 1, 'Новое оповещение', 'За вами закреплен новый объект недвижимости с номером <a href=''/realestate/rent/edit/302''>57B6E51900</a>', 0, 1, '2016-08-19 13:53:13', '2016-08-19 13:53:13'),
(295, 43, 'Новое оповещение', 'За вами закреплен новый объект недвижимости с номером <a href=''/realestate/land/edit/303''>57B6F4C801</a>', 0, 1, '2016-08-19 15:00:08', '2016-08-19 15:00:08'),
(296, 43, 'Новое оповещение', 'За вами закреплен новый объект недвижимости с номером <a href=''/realestate/commercial/edit/304''>57B6F50901</a>', 0, 1, '2016-08-19 15:01:13', '2016-08-19 15:01:13'),
(297, 1, 'Новое оповещение', 'За вами закреплен новый объект недвижимости с номером <a href=''/realestate/apartment/edit/305''>57BA9E4401</a>', 0, 1, '2016-08-22 09:40:04', '2016-08-22 09:40:04'),
(298, 1, 'Новое оповещение', 'За вами закреплен новый объект недвижимости с номером <a href=''/realestate/apartment/edit/306''>57BA9FF401</a>', 0, 1, '2016-08-22 09:47:16', '2016-08-22 09:47:16'),
(299, 1, 'Новое оповещение', 'За вами закреплен новый объект недвижимости с номером <a href=''/realestate/rent/edit/307''>57BAA2C100</a>', 0, 1, '2016-08-22 09:59:13', '2016-08-22 09:59:13'),
(300, 1, 'Новое оповещение', 'За вами закреплен новый объект недвижимости с номером <a href=''/realestate/rent/edit/308''>57BAA2C500</a>', 0, 1, '2016-08-22 09:59:17', '2016-08-22 09:59:17'),
(301, 1, 'Новое оповещение', 'За вами закреплен новый объект недвижимости с номером <a href=''/realestate/rent/edit/309''>57BAA2D100</a>', 0, 1, '2016-08-22 09:59:29', '2016-08-22 09:59:29'),
(302, 1, 'Новое оповещение', 'За вами закреплен новый объект недвижимости с номером <a href=''/realestate/rent/edit/310''>57BAA2D300</a>', 0, 1, '2016-08-22 09:59:31', '2016-08-22 09:59:31'),
(303, 1, 'Новое оповещение', 'За вами закреплен новый объект недвижимости с номером <a href=''/realestate/rent/edit/311''>57BAA2E900</a>', 0, 1, '2016-08-22 09:59:53', '2016-08-22 09:59:53'),
(304, 1, 'Новое оповещение', 'За вами закреплен новый объект недвижимости с номером <a href=''/realestate/apartment/edit/312''>57BAB99101</a>', 0, 1, '2016-08-22 11:36:33', '2016-08-22 11:36:33'),
(305, 1, 'Новое оповещение', 'За вами закреплен новый объект недвижимости с номером <a href=''/realestate/apartment/edit/313''>57BABE8001</a>', 0, 1, '2016-08-22 11:57:36', '2016-08-22 11:57:36'),
(306, 1, 'Новое оповещение', 'За вами закреплен новый объект недвижимости с номером <a href=''/realestate/apartment/edit/314''>57BABF7501</a>', 0, 1, '2016-08-22 12:01:41', '2016-08-22 12:01:41'),
(307, 1, 'Новое оповещение', 'За вами закреплен новый объект недвижимости с номером <a href=''/realestate/apartment/edit/315''>57BAC03701</a>', 0, 1, '2016-08-22 12:04:55', '2016-08-22 12:04:55'),
(308, 1, 'Новое оповещение', 'За вами закреплен новый объект недвижимости с номером <a href=''/realestate/apartment/edit/316''>57BAC09601</a>', 0, 1, '2016-08-22 12:06:30', '2016-08-22 12:06:30'),
(309, 1, 'Новое оповещение', 'За вами закреплен новый объект недвижимости с номером <a href=''/realestate/land/edit/317''>57BAC7DE01</a>', 0, 1, '2016-08-22 12:37:34', '2016-08-22 12:37:34'),
(310, 1, 'Новое оповещение', 'За вами закреплен новый объект недвижимости с номером <a href=''/realestate/land/edit/318''>57BACD5501</a>', 0, 1, '2016-08-22 13:00:54', '2016-08-22 13:00:54'),
(311, 1, 'Новое оповещение', 'За вами закреплен новый объект недвижимости с номером <a href=''/realestate/land/edit/319''>57BACD7801</a>', 0, 1, '2016-08-22 13:01:28', '2016-08-22 13:01:28'),
(312, 1, 'Новое оповещение', 'За вами закреплен новый объект недвижимости с номером <a href=''/realestate/apartment/edit/320''>57BAE90901</a>', 0, 1, '2016-08-22 14:59:05', '2016-08-22 14:59:05'),
(313, 1, 'Новое оповещение', 'За вами закреплен новый объект недвижимости с номером <a href=''/realestate/apartment/edit/321''>57BAE9CC01</a>', 0, 1, '2016-08-22 15:02:20', '2016-08-22 15:02:20'),
(314, 1, 'Новое оповещение', 'За вами закреплен новый объект недвижимости с номером <a href=''/realestate/apartment/edit/322''>57BAE9F101</a>', 0, 1, '2016-08-22 15:02:57', '2016-08-22 15:02:57'),
(315, 4, 'Новое оповещение', 'За вами закреплен новый объект недвижимости с номером <a href=''/realestate/households/edit/323''>57BAEC5D01</a>', 0, 1, '2016-08-22 15:13:17', '2016-08-22 15:13:17'),
(316, 1, 'Новое оповещение', 'За вами закреплен новый объект недвижимости с номером <a href=''/realestate/apartment/edit/324''>57BAEDA901</a>', 0, 1, '2016-08-22 15:18:49', '2016-08-22 15:18:49'),
(317, 1, 'Новое оповещение', 'За вами закреплен новый объект недвижимости с номером <a href=''/realestate/households/edit/325''>57BAF1D501</a>', 0, 1, '2016-08-22 15:36:37', '2016-08-22 15:36:37'),
(318, 1, 'Новое оповещение', 'За вами закреплен новый объект недвижимости с номером <a href=''/realestate/apartment/edit/326''>57BAF20A01</a>', 0, 1, '2016-08-22 15:37:30', '2016-08-22 15:37:30'),
(319, 1, 'Новое оповещение', 'За вами закреплен новый объект недвижимости с номером <a href=''/realestate/rent/edit/327''>57BAF37300</a>', 0, 1, '2016-08-22 15:43:31', '2016-08-22 15:43:31'),
(320, 1, 'Новое оповещение', 'За вами закреплен новый объект недвижимости с номером <a href=''/realestate/rent/edit/328''>57BAF4AD00</a>', 0, 1, '2016-08-22 15:48:45', '2016-08-22 15:48:45'),
(321, 1, 'Новое оповещение', 'За вами закреплен новый объект недвижимости с номером <a href=''/realestate/rent/edit/329''>57BAF52F00</a>', 0, 1, '2016-08-22 15:50:55', '2016-08-22 15:50:55'),
(322, 1, 'Новое оповещение', 'За вами закреплен новый объект недвижимости с номером <a href=''/realestate/rent/edit/330''>57BAF59800</a>', 0, 1, '2016-08-22 15:52:40', '2016-08-22 15:52:40'),
(323, 1, 'Новое оповещение', 'За вами закреплен новый объект недвижимости с номером <a href=''/realestate/apartment/edit/331''>57BB00A401</a>', 0, 1, '2016-08-22 16:39:48', '2016-08-22 16:39:48'),
(324, 1, 'Новое оповещение', 'За вами закреплен новый объект недвижимости с номером <a href=''/realestate/apartment/edit/332''>57BB01D801</a>', 0, 1, '2016-08-22 16:44:56', '2016-08-22 16:44:56'),
(325, 1, 'Новое оповещение', 'За вами закреплен новый объект недвижимости с номером <a href=''/realestate/apartment/edit/333''>57BB021101</a>', 0, 1, '2016-08-22 16:45:53', '2016-08-22 16:45:53'),
(326, 1, 'Новое оповещение', 'За вами закреплен новый объект недвижимости с номером <a href=''/realestate/apartment/edit/334''>57BB053401</a>', 0, 1, '2016-08-22 16:59:16', '2016-08-22 16:59:16'),
(327, 1, 'Новое оповещение', 'За вами закреплен новый объект недвижимости с номером <a href=''/realestate/apartment/edit/335''>57BB065C01</a>', 0, 1, '2016-08-22 17:04:12', '2016-08-22 17:04:12'),
(328, 1, 'Новое оповещение', 'За вами закреплен новый объект недвижимости с номером <a href=''/realestate/apartment/edit/336''>57BB09B901</a>', 0, 1, '2016-08-22 17:18:33', '2016-08-22 17:18:33'),
(329, 1, 'Новое оповещение', 'За вами закреплен новый объект недвижимости с номером <a href=''/realestate/apartment/edit/337''>57BB09FB01</a>', 0, 1, '2016-08-22 17:19:39', '2016-08-22 17:19:39'),
(330, 1, 'Новое оповещение', 'За вами закреплен новый объект недвижимости с номером <a href=''/realestate/apartment/edit/338''>57BB0AB901</a>', 0, 1, '2016-08-22 17:22:49', '2016-08-22 17:22:49'),
(331, 1, 'Новое оповещение', 'За вами закреплен новый объект недвижимости с номером <a href=''/realestate/apartment/edit/339''>57BB0AD701</a>', 0, 1, '2016-08-22 17:23:19', '2016-08-22 17:23:19'),
(332, 1, 'Новое оповещение', 'За вами закреплен новый объект недвижимости с номером <a href=''/realestate/apartment/edit/340''>57BB0C8201</a>', 0, 1, '2016-08-22 17:30:26', '2016-08-22 17:30:26'),
(333, 1, 'Новое оповещение', 'За вами закреплен новый объект недвижимости с номером <a href=''/realestate/apartment/edit/341''>57BB0D6D01</a>', 0, 1, '2016-08-22 17:34:21', '2016-08-22 17:34:21'),
(334, 1, 'Новое оповещение', 'За вами закреплен новый объект недвижимости с номером <a href=''/realestate/households/edit/342''>57BB0E7701</a>', 0, 1, '2016-08-22 17:38:47', '2016-08-22 17:38:47'),
(335, 1, 'Новое оповещение', 'За вами закреплен новый объект недвижимости с номером <a href=''/realestate/households/edit/343''>57BB0EC101</a>', 0, 1, '2016-08-22 17:40:01', '2016-08-22 17:40:01');
INSERT INTO `mail_storage` (`id`, `id_receiver`, `subject`, `text`, `is_read`, `id_type`, `created_at`, `updated_at`) VALUES
(336, 1, 'Новое оповещение', 'За вами закреплен новый объект недвижимости с номером <a href=''/realestate/households/edit/344''>57BB10F401</a>', 0, 1, '2016-08-22 17:49:24', '2016-08-22 17:49:24'),
(337, 1, 'Новое оповещение', 'За вами закреплен новый объект недвижимости с номером <a href=''/realestate/households/edit/345''>57BB114401</a>', 0, 1, '2016-08-22 17:50:44', '2016-08-22 17:50:44'),
(338, 1, 'Новое оповещение', 'За вами закреплен новый объект недвижимости с номером <a href=''/realestate/apartment/edit/346''>57BB116001</a>', 0, 1, '2016-08-22 17:51:12', '2016-08-22 17:51:12'),
(339, 1, 'Новое оповещение', 'За вами закреплен новый объект недвижимости с номером <a href=''/realestate/apartment/edit/347''>57BB122201</a>', 0, 1, '2016-08-22 17:54:26', '2016-08-22 17:54:26'),
(340, 1, 'Новое оповещение', 'За вами закреплен новый объект недвижимости с номером <a href=''/realestate/households/edit/348''>57BB138901</a>', 0, 1, '2016-08-22 18:00:25', '2016-08-22 18:00:25'),
(341, 1, 'Новое оповещение', 'За вами закреплен новый объект недвижимости с номером <a href=''/realestate/apartment/edit/349''>57BB141B01</a>', 0, 1, '2016-08-22 18:02:51', '2016-08-22 18:02:51'),
(342, 1, 'Новое оповещение', 'За вами закреплен новый объект недвижимости с номером <a href=''/realestate/apartment/edit/350''>57BB146D01</a>', 0, 1, '2016-08-22 18:04:13', '2016-08-22 18:04:13'),
(343, 1, 'Новое оповещение', 'За вами закреплен новый объект недвижимости с номером <a href=''/realestate/households/edit/351''>57BB152901</a>', 0, 1, '2016-08-22 18:07:21', '2016-08-22 18:07:21'),
(344, 1, 'Новое оповещение', 'За вами закреплен новый объект недвижимости с номером <a href=''/realestate/apartment/edit/352''>57BC1C7501</a>', 0, 1, '2016-08-23 12:50:45', '2016-08-23 12:50:45'),
(345, 1, 'Новое оповещение', 'За вами закреплен новый объект недвижимости с номером <a href=''/realestate/commercial/edit/353''>57BC1EA501</a>', 0, 1, '2016-08-23 13:00:05', '2016-08-23 13:00:05'),
(346, 1, 'Новое оповещение', 'За вами закреплен новый объект недвижимости с номером <a href=''/realestate/commercial/edit/354''>57BC208601</a>', 0, 1, '2016-08-23 13:08:06', '2016-08-23 13:08:06'),
(347, 1, 'Новое оповещение', 'За вами закреплен новый объект недвижимости с номером <a href=''/realestate/commercial/edit/355''>57BC209801</a>', 0, 1, '2016-08-23 13:08:24', '2016-08-23 13:08:24'),
(348, 1, 'Новое оповещение', 'За вами закреплен новый объект недвижимости с номером <a href=''/realestate/commercial/edit/356''>57BC20AC01</a>', 0, 1, '2016-08-23 13:08:44', '2016-08-23 13:08:44'),
(349, 1, 'Новое оповещение', 'За вами закреплен новый объект недвижимости с номером <a href=''/realestate/apartment/edit/357''>57BC4B6D01</a>', 0, 1, '2016-08-23 16:11:09', '2016-08-23 16:11:09'),
(350, 1, 'Новое оповещение', 'За вами закреплен новый объект недвижимости с номером <a href=''/realestate/apartment/edit/358''>57BD737A01</a>', 0, 1, '2016-08-24 13:14:18', '2016-08-24 13:14:18'),
(351, 1, 'Новое оповещение', 'За вами закреплен новый объект недвижимости с номером <a href=''/realestate/apartment/edit/359''>57BD799F01</a>', 0, 1, '2016-08-24 13:40:31', '2016-08-24 13:40:31');

-- --------------------------------------------------------

--
-- Table structure for table `mail_types`
--

CREATE TABLE IF NOT EXISTS `mail_types` (
  `id` bigint(20) NOT NULL AUTO_INCREMENT,
  `type` varchar(50) NOT NULL,
  PRIMARY KEY (`id`)
) ENGINE=InnoDB  DEFAULT CHARSET=utf8 AUTO_INCREMENT=8 ;

--
-- Dumping data for table `mail_types`
--

INSERT INTO `mail_types` (`id`, `type`) VALUES
(1, 'Новое оповещение'),
(2, 'Добавление нового сотрудника'),
(3, 'Изменение пароля'),
(4, 'Поздравление с первым задатком'),
(5, 'Поздравление с первой сделкой'),
(6, ' Поздравление с Днем Рождения'),
(7, 'Оповещение о предстоящем учебном мероприятии');

-- --------------------------------------------------------

--
-- Table structure for table `meetings`
--

CREATE TABLE IF NOT EXISTS `meetings` (
  `id` bigint(20) NOT NULL AUTO_INCREMENT,
  `id_employee_initiator` bigint(20) NOT NULL,
  `target` varchar(255) NOT NULL,
  `place` varchar(255) NOT NULL,
  `description` varchar(255) NOT NULL,
  `dateFrom` datetime NOT NULL,
  `dateTo` datetime NOT NULL,
  `allDay` tinyint(1) NOT NULL,
  `participant_can_change` tinyint(1) NOT NULL,
  `participant_can_invite` tinyint(1) NOT NULL,
  `is_break` tinyint(1) DEFAULT NULL,
  PRIMARY KEY (`id`),
  KEY `id_employee_initiator` (`id_employee_initiator`)
) ENGINE=InnoDB  DEFAULT CHARSET=utf8 AUTO_INCREMENT=128 ;

--
-- Dumping data for table `meetings`
--

INSERT INTO `meetings` (`id`, `id_employee_initiator`, `target`, `place`, `description`, `dateFrom`, `dateTo`, `allDay`, `participant_can_change`, `participant_can_invite`, `is_break`) VALUES
(119, 1, 'перерыв 30 мин', '', '', '2016-09-06 11:18:00', '2016-09-06 11:48:00', 0, 0, 0, NULL),
(120, 48, 'перерыв 30 мин', '', '', '2016-09-06 11:30:00', '2016-09-06 12:00:00', 0, 0, 0, NULL),
(121, 26, 'перерыв 30 мин', '', '', '2016-09-06 11:30:00', '2016-09-06 12:00:00', 0, 0, 0, NULL),
(122, 48, 'показ квартиры', 'волкова', '', '2016-09-06 12:30:00', '2016-09-06 13:00:00', 0, 0, 0, NULL),
(123, 26, 'перерыв 10 мин', '', '', '2016-09-06 12:26:00', '2016-09-06 12:36:00', 0, 0, 0, NULL),
(124, 26, 'перерыв 30 мин', '', '', '2016-09-06 12:48:00', '2016-09-06 13:18:00', 0, 0, 0, NULL),
(125, 1, 'перерыв 30 мин', '', '', '2016-09-06 16:35:00', '2016-09-06 17:05:00', 0, 0, 0, NULL),
(126, 26, 'перерыв 10 мин', '', '', '2016-10-04 17:02:00', '2016-10-04 17:12:00', 0, 0, 0, 1),
(127, 26, 'показ квартиры', 'соколова 80', '', '2016-10-05 18:30:00', '2016-10-05 19:00:00', 0, 0, 0, NULL);

-- --------------------------------------------------------

--
-- Table structure for table `meetings_files`
--

CREATE TABLE IF NOT EXISTS `meetings_files` (
  `id` bigint(20) NOT NULL AUTO_INCREMENT,
  `id_meeting` bigint(20) NOT NULL,
  `name` varchar(255) NOT NULL,
  `path` varchar(255) NOT NULL,
  PRIMARY KEY (`id`),
  KEY `id_meeting` (`id_meeting`)
) ENGINE=InnoDB DEFAULT CHARSET=utf8 AUTO_INCREMENT=1 ;

--
-- Dumping data for table `meetings_files`
--


-- --------------------------------------------------------

--
-- Table structure for table `meeting_participant`
--

CREATE TABLE IF NOT EXISTS `meeting_participant` (
  `id` bigint(20) NOT NULL AUTO_INCREMENT,
  `id_meeting` bigint(20) NOT NULL,
  `id_employee` bigint(20) NOT NULL,
  `id_participant_status` bigint(20) DEFAULT NULL,
  PRIMARY KEY (`id`),
  KEY `id_meeting` (`id_meeting`,`id_participant_status`),
  KEY `id_participant_status` (`id_participant_status`),
  KEY `id_employee` (`id_employee`)
) ENGINE=InnoDB  DEFAULT CHARSET=utf8 AUTO_INCREMENT=136 ;

--
-- Dumping data for table `meeting_participant`
--

INSERT INTO `meeting_participant` (`id`, `id_meeting`, `id_employee`, `id_participant_status`) VALUES
(126, 119, 1, 1),
(128, 121, 26, 1),
(130, 123, 26, 1),
(131, 124, 26, 1),
(132, 120, 26, 1),
(133, 122, 26, 1),
(134, 125, 1, 1),
(135, 126, 26, 1);

-- --------------------------------------------------------

--
-- Table structure for table `menu`
--

CREATE TABLE IF NOT EXISTS `menu` (
  `id` bigint(20) NOT NULL AUTO_INCREMENT,
  `name` varchar(255) NOT NULL,
  `url` varchar(255) NOT NULL DEFAULT '#',
  `icon` varchar(255) NOT NULL DEFAULT 'circle-o',
  `permission` varchar(255) DEFAULT NULL,
  `id_parent` bigint(20) DEFAULT '0',
  PRIMARY KEY (`id`)
) ENGINE=InnoDB  DEFAULT CHARSET=utf8 AUTO_INCREMENT=50 ;

--
-- Dumping data for table `menu`
--

INSERT INTO `menu` (`id`, `name`, `url`, `icon`, `permission`, `id_parent`) VALUES
(1, 'Персонал', '#', 'share', 'permission_staff', 0),
(2, 'Сотрудники', 'staff/index', 'file-code-o', 'permission_staff_employee', 1),
(3, 'Курсы и семинары', 'course/index', 'circle-o', 'permission_staff_courses', 1),
(4, 'Достижения', 'achievements/events', 'circle-o', 'permission_staff_achievements', 1),
(5, 'Недвижимость', '#', 'building-o', 'permission_realestate', 0),
(6, 'Свои варианты', 'realestate/index', 'circle-o', 'permission_realestate_self_variants', 5),
(7, 'Поступившие заявки с сайта', 'realestate/site', 'globe', 'permission_realestate_site', 5),
(8, 'Вынесение', 'realestate/removal', 'circle-o', 'permission_realestate_pronouncement', 5),
(9, 'Договора сотрудничества', 'realestate/cooperation', 'file-text', 'permission_realestate_agreement_cooperation', 5),
(10, 'Новые варианты', 'realestate/new', 'plus', 'permission_realestate_new', 5),
(11, 'Дубли', 'realestate/duplicate', 'files-o', 'permission_realestate_duplication', 5),
(12, 'Клиенты', '#', 'share', 'permission_clients', 0),
(13, 'Список клиентов', '#', 'circle-o', 'all', 12),
(14, 'Квартиры', '#', 'home', 'all', 13),
(15, 'Аренда', '#', 'home', 'all', 13),
(16, 'Домовлодения', '#', 'home', 'all', 13),
(17, 'Коммерчиская недвижимость', '#', 'home', 'all', 13),
(18, 'Звонки', '#', 'circle-o', 'all', 12),
(19, 'Договора показа', '#', 'circle-o', 'all', 12),
(20, 'Сделки и оформление', '#', 'rub', 'permission_deals', 0),
(21, 'Задатки', 'deals/zadatki', 'file-text-o', 'all', 20),
(22, 'Справочник доп. услуг', 'deals/services', 'file-text-o', 'all', 20),
(23, 'Справочник документов по сделкам', 'deals/documents', 'file-text-o', 'all', 20),
(24, 'Оформление сделок', 'deals/deals', 'file-text-o', 'all', 20),
(25, 'Список документов', 'deals/documents', 'file-text-o', 'all', 20),
(26, 'Реклама и акции', 'advertisement/index', 'star', 'permission_adv', 0),
(27, 'Статистика', '#', 'share', 'permission_statistics', 0),
(28, 'Рейтинги', '#', 'file-code-o', 'all', 27),
(29, 'Рейтинг среди офисов', '#', 'home', 'all', 28),
(30, 'Рейтинг работы отделов компании', '#', 'home', 'all', 28),
(31, 'Рейтинг сотрудников', '#', 'home', 'all', 28),
(32, 'Отчет по работе с базой', '#', 'circle-o', 'all', 27),
(33, 'Реклама и отчет по информационным источникам', '#', 'circle-o', 'all', 27),
(34, 'Активность сотрудника', '#', 'circle-o', 'all', 27),
(35, 'Черный список', '#', 'list', 'permission_blacklist', 0),
(36, 'Маклеры и фирмы', 'blacklist/index', 'university', 'all', 35),
(37, 'Недвижимость', '#', 'circle-o', 'all', 35),
(38, 'Почта', 'mail/index', 'envelope-o', 'permission_mail', 0),
(39, 'Приглашения', 'invations/index', 'users', 'permission_invitations', 0),
(40, 'Администрирование', '#', 'cogs', 'permission_administration', 0),
(41, 'Учетные записи', 'administration/users', 'list', 'permission_administration_users', 40),
(42, 'Роли и доступы', 'administration/roles', 'warning', 'permission_administration_roles', 40),
(43, 'Характеристики агенства', 'administration/features', 'university', 'permission_administration_features', 40),
(44, 'Справочник параметров', 'administration/parameters', 'list', 'permission_administration_parameters', 40),
(45, 'Характеристики объектов недвижимости и клиентов', 'administration/property_reference', 'list', 'permission_administration_property_prealestates', 40),
(46, 'Корпоративная информация ', '#', 'share', 'permission_corporate_information', 0),
(47, 'Корпоративная информация', 'corporate_information/index', 'circle-o', 'permission_corporate_information_index', 46),
(48, 'Лента новостей', 'news/index', 'circle-o', 'permission_corporate_information_list_news', 46),
(49, 'Встречи', 'meeting/index', 'calendar', 'permission_meeting', 0);

-- --------------------------------------------------------

--
-- Table structure for table `migrations`
--

CREATE TABLE IF NOT EXISTS `migrations` (
  `migration` varchar(255) COLLATE utf8_unicode_ci NOT NULL,
  `batch` int(11) NOT NULL
) ENGINE=InnoDB DEFAULT CHARSET=utf8 COLLATE=utf8_unicode_ci;

--
-- Dumping data for table `migrations`
--

INSERT INTO `migrations` (`migration`, `batch`) VALUES
('2016_03_22_214034_create_achievements_table', 1),
('2016_03_22_214034_create_apartment_table', 1),
('2016_03_22_214034_create_apartment_types_table', 1),
('2016_03_22_214034_create_area_table', 1),
('2016_03_22_214034_create_balcony_table', 1),
('2016_03_22_214034_create_blocked_employees_table', 1),
('2016_03_22_214034_create_canalization_table', 1),
('2016_03_22_214034_create_career_table', 1),
('2016_03_22_214034_create_category_table', 1),
('2016_03_22_214034_create_certifications_table', 1),
('2016_03_22_214034_create_commercial_communications_table', 1),
('2016_03_22_214034_create_commercial_lifts_table', 1),
('2016_03_22_214034_create_commercial_phone_components_table', 1),
('2016_03_22_214034_create_commercial_price_components_table', 1),
('2016_03_22_214034_create_commercial_realty_table', 1),
('2016_03_22_214034_create_communications_table', 1),
('2016_03_22_214034_create_conducted_table', 1),
('2016_03_22_214034_create_contact_info_table', 1),
('2016_03_22_214034_create_contacts_table', 1),
('2016_03_22_214034_create_contract_exclusive_table', 1),
('2016_03_22_214034_create_contract_status_table', 1),
('2016_03_22_214034_create_courses_employees_table', 1),
('2016_03_22_214034_create_courses_table', 1),
('2016_03_22_214034_create_departments_table', 1),
('2016_03_22_214034_create_directions_table', 1),
('2016_03_22_214034_create_elevator_type_table', 1),
('2016_03_22_214034_create_employes_offices_table', 1),
('2016_03_22_214034_create_employes_table', 1),
('2016_03_22_214034_create_entry_types_table', 1),
('2016_03_22_214034_create_facilities_table', 1),
('2016_03_22_214034_create_fired_employees_table', 1),
('2016_03_22_214034_create_floors_table', 1),
('2016_03_22_214034_create_funds_table', 1),
('2016_03_22_214034_create_furniture_table', 1),
('2016_03_22_214034_create_grades_expanded_table', 1),
('2016_03_22_214034_create_grades_table', 1),
('2016_03_22_214034_create_heating_table', 1),
('2016_03_22_214034_create_hot_water_table', 1),
('2016_03_22_214034_create_house_and_grounds_table', 1),
('2016_03_22_214034_create_infrastructures_table', 1),
('2016_03_22_214034_create_level_numbers_table', 1),
('2016_03_22_214034_create_lifts_table', 1),
('2016_03_22_214034_create_lodgia_table', 1),
('2016_03_22_214034_create_materials_house_table', 1),
('2016_03_22_214034_create_materials_table', 1),
('2016_03_22_214034_create_my_test_table_child_table', 1),
('2016_03_22_214034_create_my_test_table_host_child_table', 1),
('2016_03_22_214034_create_my_test_table_host_table', 1),
('2016_03_22_214034_create_offices_table', 1),
('2016_03_22_214034_create_parameters_table', 1),
('2016_03_22_214034_create_permissions_table', 1),
('2016_03_22_214034_create_phone_components_table', 1),
('2016_03_22_214034_create_possibly_realty_conducted_table', 1),
('2016_03_22_214034_create_posts_table', 1),
('2016_03_22_214034_create_price_components_table', 1),
('2016_03_22_214034_create_profiles_table', 1),
('2016_03_22_214034_create_proring_result_table', 1),
('2016_03_22_214034_create_proring_table', 1),
('2016_03_22_214034_create_realty_adress_table', 1),
('2016_03_22_214034_create_realty_conducted_table', 1),
('2016_03_22_214034_create_realty_contacts_table', 1),
('2016_03_22_214034_create_realty_history_table', 1),
('2016_03_22_214034_create_rent_status_table', 1),
('2016_03_22_214034_create_rent_statuses_table', 1),
('2016_03_22_214034_create_rent_table', 1),
('2016_03_22_214034_create_rent_types_table', 1),
('2016_03_22_214034_create_rents_types_table', 1),
('2016_03_22_214034_create_roles_permissions_table', 1),
('2016_03_22_214034_create_roles_table', 1),
('2016_03_22_214034_create_roof_type_table', 1),
('2016_03_22_214034_create_security_table', 1),
('2016_03_22_214034_create_sources_table', 1),
('2016_03_22_214034_create_states_table', 1),
('2016_03_22_214034_create_subdivisions_table', 1),
('2016_03_22_214034_create_test_models_table', 1),
('2016_03_22_214034_create_tutorship_table', 1),
('2016_03_22_214034_create_users_roles_table', 1),
('2016_03_22_214034_create_users_table', 1),
('2016_03_22_214034_create_vacation_table', 1),
('2016_03_22_214034_create_vacation_types_table', 1),
('2016_03_22_214034_create_wc_table', 1),
('2016_03_22_214034_create_window_material_table', 1),
('2016_03_22_214042_add_foreign_keys_to_achievements_table', 1),
('2016_03_22_214042_add_foreign_keys_to_apartment_table', 1),
('2016_03_22_214042_add_foreign_keys_to_apartment_types_table', 1),
('2016_03_22_214042_add_foreign_keys_to_area_table', 1),
('2016_03_22_214042_add_foreign_keys_to_balcony_table', 1),
('2016_03_22_214042_add_foreign_keys_to_blocked_employees_table', 1),
('2016_03_22_214042_add_foreign_keys_to_canalization_table', 1),
('2016_03_22_214042_add_foreign_keys_to_career_table', 1),
('2016_03_22_214042_add_foreign_keys_to_certifications_table', 1),
('2016_03_22_214042_add_foreign_keys_to_commercial_realty_table', 1),
('2016_03_22_214042_add_foreign_keys_to_communications_table', 1),
('2016_03_22_214042_add_foreign_keys_to_conducted_table', 1),
('2016_03_22_214042_add_foreign_keys_to_contact_info_table', 1),
('2016_03_22_214042_add_foreign_keys_to_contacts_table', 1),
('2016_03_22_214042_add_foreign_keys_to_contract_status_table', 1),
('2016_03_22_214042_add_foreign_keys_to_courses_employees_table', 1),
('2016_03_22_214042_add_foreign_keys_to_elevator_type_table', 1),
('2016_03_22_214042_add_foreign_keys_to_employes_offices_table', 1),
('2016_03_22_214042_add_foreign_keys_to_employes_table', 1),
('2016_03_22_214042_add_foreign_keys_to_entry_types_table', 1),
('2016_03_22_214042_add_foreign_keys_to_facilities_table', 1),
('2016_03_22_214042_add_foreign_keys_to_fired_employees_table', 1),
('2016_03_22_214042_add_foreign_keys_to_floors_table', 1),
('2016_03_22_214042_add_foreign_keys_to_funds_table', 1),
('2016_03_22_214042_add_foreign_keys_to_furniture_table', 1),
('2016_03_22_214042_add_foreign_keys_to_grades_expanded_table', 1),
('2016_03_22_214042_add_foreign_keys_to_grades_table', 1),
('2016_03_22_214042_add_foreign_keys_to_heating_table', 1),
('2016_03_22_214042_add_foreign_keys_to_hot_water_table', 1),
('2016_03_22_214042_add_foreign_keys_to_house_and_grounds_table', 1),
('2016_03_22_214042_add_foreign_keys_to_infrastructures_table', 1),
('2016_03_22_214042_add_foreign_keys_to_level_numbers_table', 1),
('2016_03_22_214042_add_foreign_keys_to_lifts_table', 1),
('2016_03_22_214042_add_foreign_keys_to_lodgia_table', 1),
('2016_03_22_214042_add_foreign_keys_to_materials_house_table', 1),
('2016_03_22_214042_add_foreign_keys_to_materials_table', 1),
('2016_03_22_214042_add_foreign_keys_to_my_test_table_host_child_table', 1),
('2016_03_22_214042_add_foreign_keys_to_phone_components_table', 1),
('2016_03_22_214042_add_foreign_keys_to_price_components_table', 1),
('2016_03_22_214042_add_foreign_keys_to_profiles_table', 1),
('2016_03_22_214042_add_foreign_keys_to_proring_result_table', 1),
('2016_03_22_214042_add_foreign_keys_to_proring_table', 1),
('2016_03_22_214042_add_foreign_keys_to_realty_adress_table', 1),
('2016_03_22_214042_add_foreign_keys_to_rent_status_table', 1),
('2016_03_22_214042_add_foreign_keys_to_rent_statuses_table', 1),
('2016_03_22_214042_add_foreign_keys_to_rent_table', 1),
('2016_03_22_214042_add_foreign_keys_to_rent_types_table', 1),
('2016_03_22_214042_add_foreign_keys_to_roles_permissions_table', 1),
('2016_03_22_214042_add_foreign_keys_to_roof_type_table', 1),
('2016_03_22_214042_add_foreign_keys_to_security_table', 1),
('2016_03_22_214042_add_foreign_keys_to_sources_table', 1),
('2016_03_22_214042_add_foreign_keys_to_states_table', 1),
('2016_03_22_214042_add_foreign_keys_to_tutorship_table', 1),
('2016_03_22_214042_add_foreign_keys_to_users_roles_table', 1),
('2016_03_22_214042_add_foreign_keys_to_users_table', 1),
('2016_03_22_214042_add_foreign_keys_to_vacation_table', 1),
('2016_03_22_214042_add_foreign_keys_to_wc_table', 1),
('2016_03_22_214042_add_foreign_keys_to_window_material_table', 1),
('2016_03_28_135856_alter_table_offices', 1),
('2016_03_28_142517_insert_permissions_data', 1);

-- --------------------------------------------------------

--
-- Table structure for table `news`
--

CREATE TABLE IF NOT EXISTS `news` (
  `id` bigint(20) NOT NULL AUTO_INCREMENT,
  `id_employee_creator` bigint(20) NOT NULL,
  `name` varchar(100) NOT NULL,
  `description` text NOT NULL,
  `content` text NOT NULL,
  `allow_comments` tinyint(1) NOT NULL,
  `publication` tinyint(1) DEFAULT NULL,
  `created_at` timestamp NULL DEFAULT NULL,
  `updated_at` timestamp NULL DEFAULT NULL,
  PRIMARY KEY (`id`),
  KEY `news_ibfk_1` (`id_employee_creator`)
) ENGINE=InnoDB  DEFAULT CHARSET=utf8 AUTO_INCREMENT=27 ;

--
-- Dumping data for table `news`
--

INSERT INTO `news` (`id`, `id_employee_creator`, `name`, `description`, `content`, `allow_comments`, `publication`, `created_at`, `updated_at`) VALUES
(2, 1, 'Tуры по новостройкам', 'Как провести июньские праздники с максимальной пользой? Правильный ответ на этот вопрос нашли участники 12-го автобусного тура по новостройкам\r\nКак провести июньские праздники с максимальной пользой? Правильный ответ на этот вопрос нашли участники 12-го автобусного тура по новостройкам\r\n            ', 'Some text Some text Some text Some text Some text Some text Some text Some text Some text Some text Some text Some text Some text Some text Some text\n', 1, 0, '2016-09-30 13:58:01', NULL),
(3, 1, 'День отличника', '21 июня в нашем учебном центре прошел «День отличника» для детей сотрудников, посвященный успешному окончанию учебного года!\r\n21 июня в нашем учебном центре прошел «День отличника» для детей сотрудников, посвященный успешному окончанию учебного года!', '21 июня в нашем учебном центре прошел «День отличника» для детей сотрудников, посвященный успешному окончанию учебного года!\r\n21 июня в нашем учебном центре прошел «День отличника» для детей сотрудников, посвященный успешному окончанию учебного года!', 0, 0, '2016-09-30 13:48:53', NULL),
(4, 1, 'Новость 3', 'Краткое описание новости 3', 'Some text Some text Some text Some text Some text Some text Some text Some text Some text Some text Some text Some text Some text Some text Some text\n', 1, 0, '2016-08-24 17:26:38', NULL),
(5, 1, 'Новость 4', 'Краткое описание новости 4', 'Some text Some text Some text Some text Some text Some text Some text Some text Some text Some text Some text Some text Some text Some text Some text\n', 0, 0, '2016-08-24 17:26:38', NULL),
(6, 1, 'Новость 5', 'Краткое описание', 'Some text Some text Some text Some text Some text Some text Some text Some text Some text Some text Some text Some text Some text Some text Some text\n', 0, 0, '2016-08-24 17:26:38', NULL),
(7, 1, 'Новость 6', 'пвпвапавпавп', 'Some text Some text Some text Some text Some text Some text Some text Some text Some text Some text Some text Some text Some text Some text Some text\n', 0, 0, '2016-08-24 17:26:38', NULL),
(8, 1, 'Новость 7', 'ыппвапва', 'Some text Some text Some text Some text Some text Some text Some text Some text Some text Some text Some text Some text Some text Some text Some text\n', 1, 0, '2016-08-24 17:26:38', NULL),
(11, 1, 'Новость 10', 'ывавымчмчс', 'Some text Some text Some text Some text Some text Some text Some text Some text Some text Some text Some text Some text Some text Some text Some text\n', 1, 0, '2016-08-24 17:26:38', NULL),
(12, 1, 'Новость 11', 'пвапвапав', 'Some text Some text Some text Some text Some text Some text Some text Some text Some text Some text Some text Some text Some text Some text Some text\n', 1, 0, '2016-08-24 17:26:38', NULL),
(15, 1, 'Новость 12', 'Описание 12', 'Some text Some text Some text Some text Some text Some text Some text Some text Some text Some text Some text Some text Some text Some text Some text\n', 1, 0, '2016-08-24 17:26:38', NULL),
(16, 1, 'Новость 13', 'Описание 13', 'Some text Some text Some text Some text Some text Some text Some text Some text Some text Some text Some text Some text Some text Some text Some text\n', 1, 0, '2016-08-24 17:26:38', NULL),
(19, 1, 'new_sub', '', '', 0, 0, '2016-08-24 17:26:38', '2016-08-19 13:30:44'),
(20, 1, 'Новость Car', 'Car', '<p>Some text Some text Some text Some text Some text Some text</p>\r\n<ol>\r\n<li>hdfh</li>\r\n<li>dfgdfg</li>\r\n<li>dfgfdg<img style="display: block; margin-left: auto; margin-right: auto;" src="http://www.anywalls.com/min/201211/39682.jpg" alt="car" width="134" height="76" /></li>\r\n</ol>', 1, 0, '2016-08-24 17:26:38', NULL),
(21, 1, 'Темная материя и черные дыры', 'Как темная материя взаимодействует с черными дырами', '<p>Черные дыры &mdash; это, пожалуй, самые неописуемые объекты во Вселенной: концентрация такой массы, что она коллапсирует, как следует из общей теории относительности, до сингулярности в центре. <img style="float: right;" src="http://cs630929.vk.me/v630929187/46cda/a8H6aK3WTzs.jpg" alt="" width="267" height="200" />Атомы, ядра и даже фундаментальные частицы сжимаются в бесконечно малую точку нашего трехмерного пространства. Все, что попадает в черную дыру, обречено оставаться в ней до скончания&nbsp;времен, захваченное ее гравитацией, которую не может покинуть даже свет. Какая судьба ждет темную материю при встрече с черной дырой?<br /><br />Будет ли она засосана в сингулярность, как обычная материя, и внесет свой вклад в массу черной дыры? Если да, то когда черная дыра испарится вследствие излучения Хокинга, что будет с темной материей?</p>\r\n<p><em>Здесь, на Земле, если вы хотите отправить что-то в космос, вам нужно преодолеть гравитационное притяжение Земли.</em></p>\r\n<p>&nbsp;</p>\r\n<ol>\r\n<li><em>sfsdf</em></li>\r\n<li><em>sfsdfsd</em></li>\r\n<li><em>sfsdf</em></li>\r\n</ol>', 0, 0, '2016-08-24 17:26:38', '2016-08-23 12:06:46'),
(22, 1, 'Dodge Challenger', 'статья', '<p style="text-align: left;"><strong>Dodge Challenger</strong>&nbsp;&mdash; культовый автомобиль производства компании <a title="Dodge" href="https://ru.wikipedia.org/wiki/Dodge">Dodge</a>, принадлежащей концерну <a class="mw-redirect" title="Chrysler Corporation" href="https://ru.wikipedia.org/wiki/Chrysler_Corporation">Chrysler Corporation</a>. Был предназначен конкурировать с такими автомобилями, как <a title="Chevrolet Camaro" href="https://ru.wikipedia.org/wiki/Chevrolet_Camaro">Chevrolet Cama</a><a title="Chevrolet Camaro" href="https://ru.wikipedia.org/wiki/Chevrolet_Camaro">ro</a>, <a title="Ford Mustang" href="https://ru.wikipedia.org/wiki/Ford_Mustang">Ford Mustang</a>, <a class="new" title="Mercury Cougar (страница отсутствует)" href="https://ru.wikipedia.org/w/index.php?title=Mercury_Cougar&amp;action=edit&amp;redlink=1">Mercu</a><a class="new" title="Mercury Cougar (страница отсутствует)" href="https://ru.wikipedia.org/w/index.php?title=Mercury_Cougar&amp;action=edit&amp;redlink=1">ry Cougar</a> и <a title="Pontiac Firebird" href="https://ru.wikipedia.org/wiki/Pontiac_Firebird">Pontiac Firebird</a>.</p>\r\n<p style="text-align: left;">&nbsp;</p>\r\n<p style="text-align: left;">&nbsp;</p>', 0, 0, '2016-08-24 17:26:38', '2016-08-23 11:18:18'),
(23, 1, 'Новая новость', 'бла-бла-бла', '<p>Полный текст новости.</p>', 1, 0, '2016-08-24 17:26:38', NULL),
(24, 26, '11-стажерский курс', 'сегодня  состоялось плановое вапр', '<p>&nbsp;реаналгнлге</p>\r\n<p>гнадгнпдшпшгп</p>\r\n<p>гнпдшгдшгп</p>', 0, 0, '2016-08-24 17:26:38', NULL),
(25, 26, 'мпоьапро', 'апо', '<p>&nbsp;апо</p>', 0, 0, '2016-08-24 17:26:38', NULL),
(26, 39, 'орыфлпарвыпаловрп', 'орыфпсародывпаоыпти счт ', '<p>ыловрпмровыавафврасмовапмдвыроимфвлим</p>', 1, 0, '2016-08-24 17:26:38', NULL);

-- --------------------------------------------------------

--
-- Table structure for table `news_comments`
--

CREATE TABLE IF NOT EXISTS `news_comments` (
  `id` bigint(20) NOT NULL AUTO_INCREMENT,
  `id_news` bigint(20) NOT NULL,
  `id_employee` bigint(20) NOT NULL,
  `comment` text NOT NULL,
  `date` timestamp NULL DEFAULT NULL,
  PRIMARY KEY (`id`),
  KEY `id_news` (`id_news`),
  KEY `id_employee` (`id_employee`)
) ENGINE=InnoDB  DEFAULT CHARSET=utf8 AUTO_INCREMENT=25 ;

--
-- Dumping data for table `news_comments`
--

INSERT INTO `news_comments` (`id`, `id_news`, `id_employee`, `comment`, `date`) VALUES
(1, 2, 1, 'dfsdfsdf', '2016-08-11 17:10:06'),
(2, 2, 1, 'dfsfsdfsd', '2016-08-11 17:10:06'),
(3, 16, 1, 'Some text Some text SSome text Some text SSome text Some text S', '2016-08-12 12:13:16'),
(4, 16, 1, 'Some text Some text SSome text Some text SSome text Some text S', '2016-08-12 12:13:16'),
(6, 16, 1, 'Норм пост', '2016-08-13 15:16:32'),
(7, 16, 1, 'Мне понравилось', '2016-08-13 15:17:12'),
(9, 21, 1, 'Норм пост', '2016-08-13 15:31:13'),
(10, 21, 1, 'Еще раз норм', '2016-08-13 15:32:13'),
(11, 21, 1, 'Мне понравилось', '2016-08-14 17:25:48'),
(16, 19, 1, 'Норм пост', '2016-08-15 11:09:22'),
(17, 19, 1, 'авыаваыв', '2016-08-15 11:09:33'),
(18, 19, 1, 'dsfsdfsdf', '2016-08-15 11:10:02'),
(19, 21, 1, 'ываыва', '2016-08-17 17:18:00'),
(20, 21, 1, 'new comment', '2016-08-17 18:55:00'),
(21, 19, 1, 'fgdfgfd', '2016-08-17 18:55:35'),
(22, 22, 1, 'Тестовый коментарий.', '2016-08-23 11:16:54'),
(23, 22, 1, 'Еще один комментарий', '2016-08-23 11:17:08'),
(24, 21, 26, 'парпапрп', '2016-08-23 12:04:37');

-- --------------------------------------------------------

--
-- Table structure for table `news_likes`
--

CREATE TABLE IF NOT EXISTS `news_likes` (
  `id` bigint(20) NOT NULL AUTO_INCREMENT,
  `id_employee` bigint(20) NOT NULL,
  `id_news` bigint(20) NOT NULL,
  `like` tinyint(1) NOT NULL,
  PRIMARY KEY (`id`),
  KEY `id_employee` (`id_employee`),
  KEY `id_news` (`id_news`)
) ENGINE=InnoDB  DEFAULT CHARSET=utf8 AUTO_INCREMENT=36 ;

--
-- Dumping data for table `news_likes`
--

INSERT INTO `news_likes` (`id`, `id_employee`, `id_news`, `like`) VALUES
(1, 1, 16, 1),
(2, 1, 16, 1),
(3, 1, 16, 0),
(26, 1, 16, 0),
(27, 1, 19, 0),
(28, 1, 20, 0),
(29, 1, 21, 1),
(30, 1, 21, 1),
(31, 1, 21, 1),
(32, 1, 19, 0),
(33, 1, 22, 1),
(34, 1, 23, 0),
(35, 1, 24, 1);

-- --------------------------------------------------------

--
-- Table structure for table `notification_agreement_exclusive`
--

CREATE TABLE IF NOT EXISTS `notification_agreement_exclusive` (
  `id` bigint(10) NOT NULL AUTO_INCREMENT,
  `email` varchar(100) NOT NULL,
  `content` text NOT NULL,
  `created_at` timestamp NULL DEFAULT NULL,
  `updated_at` timestamp NULL DEFAULT NULL,
  `id_agreement_exclusive` bigint(10) NOT NULL,
  PRIMARY KEY (`id`),
  KEY `id_agreement_exclusive` (`id_agreement_exclusive`)
) ENGINE=InnoDB  DEFAULT CHARSET=utf8 AUTO_INCREMENT=15 ;

--
-- Dumping data for table `notification_agreement_exclusive`
--

INSERT INTO `notification_agreement_exclusive` (`id`, `email`, `content`, `created_at`, `updated_at`, `id_agreement_exclusive`) VALUES
(14, 'aaa@example.com', 'оформление документов', '2016-08-02 00:00:00', NULL, 1);

-- --------------------------------------------------------

--
-- Table structure for table `offices`
--

CREATE TABLE IF NOT EXISTS `offices` (
  `id` bigint(20) NOT NULL AUTO_INCREMENT,
  `office` varchar(25) COLLATE utf8_unicode_ci NOT NULL,
  `address` varchar(255) COLLATE utf8_unicode_ci NOT NULL,
  `telephone` varchar(255) COLLATE utf8_unicode_ci NOT NULL,
  `email` varchar(255) COLLATE utf8_unicode_ci NOT NULL,
  `money` double(30,2) NOT NULL,
  `id_type_city` bigint(10) NOT NULL DEFAULT '1' COMMENT 'Город',
  `skype` varchar(50) COLLATE utf8_unicode_ci NOT NULL COMMENT 'Скайп офиса',
  `work_time` varchar(255) COLLATE utf8_unicode_ci NOT NULL COMMENT 'Рабочие часы',
  `latitude` double NOT NULL COMMENT 'Широта',
  `longitude` double NOT NULL COMMENT 'Долгота',
  PRIMARY KEY (`id`),
  UNIQUE KEY `office_UNIQUE` (`office`),
  KEY `id_type_city` (`id_type_city`)
) ENGINE=InnoDB  DEFAULT CHARSET=utf8 COLLATE=utf8_unicode_ci AUTO_INCREMENT=16 ;

--
-- Dumping data for table `offices`
--

INSERT INTO `offices` (`id`, `office`, `address`, `telephone`, `email`, `money`, `id_type_city`, `skype`, `work_time`, `latitude`, `longitude`) VALUES
(1, 'Центральный офис', 'пр. Соколова, 80, второй этаж', '2 910-910 многоканальный', 'centre@landlord.ru', 1000000.00, 1, '', 'Понедельник-Четверг, 9:00-16:00', 47.2332639, 39.7155936),
(2, 'Офис в Нахичевани', 'ул. Советская, 56', '2 955-955 многоканальный', 'sovet@landlord.ru', 0.00, 2, '', 'Пн-Пт: 09:00-19:00', 0, 0),
(3, 'Офис в СЖМ', 'пр. Космонавтов, 15 (магазин «Книги»)', '2 926-426', 'north@landlord.ru', 0.00, 1, 'sjmonlink', 'Понедельник-Четверг, 9:00-16:00', 47.288178, 39.713975),
(4, 'Офис в ЗЖМ', 'ул. Зорге, 72 (угол ул. Еременко)', '2 901-901', 'west@landlord.ru', 0.00, 2, '', 'Пн-Пт: 09:00-19:00', 0, 0),
(5, 'Офис на Чкаловском', 'ул. Вятская, 41 (угол пер. Сальский)', '2 507-507', 'chkal@landlord.ru', 0.00, 2, '', 'Понедельник-Четверг, 9:00-16:00', 0, 0),
(7, 'Офис на Военведе', 'ул. Таганрогская, 133/1', '2 908-908', 'voenved@landlord.ru', 0.00, 2, '', 'Пн-Пт: 09:00-19:00', 0, 0),
(10, 'Офис на Варфоломеева', 'ул. Варфоломеева, 227', '2 990-990', 'var@landlord.ru', 0.00, 2, '', '', 0, 0),
(12, 'Офис в Батайске', 'ул. Кирова, 18-а офис 14', '8 (86354) 5-77-77', 'bataysk@landlord.ru', 0.00, 2, '', '', 0, 0),
(13, 'Офис в Новочеркасске', 'пр. Платовский, 98 А', '8 (8635) 22-65-65', 'novoch@landlord.ru', 0.00, 2, '', '', 0, 0),
(14, 'Офисец9*/', 'Адресец0/', 'Телефонец', 'aaa@example.com', 100.00, 2, '', '', 0, 0),
(15, '', '', '', '', 0.00, 2, '', 'Пн-Пт: 09:00-19:00', 0, 0);

-- --------------------------------------------------------

--
-- Table structure for table `offices_departments`
--

CREATE TABLE IF NOT EXISTS `offices_departments` (
  `id` bigint(20) NOT NULL AUTO_INCREMENT,
  `id_office` bigint(20) NOT NULL,
  `id_department` bigint(20) NOT NULL,
  PRIMARY KEY (`id`),
  KEY `id_office` (`id_office`),
  KEY `id_department` (`id_department`)
) ENGINE=InnoDB  DEFAULT CHARSET=latin1 AUTO_INCREMENT=72 ;

--
-- Dumping data for table `offices_departments`
--

INSERT INTO `offices_departments` (`id`, `id_office`, `id_department`) VALUES
(65, 1, 5),
(66, 1, 6),
(67, 1, 7),
(68, 12, 11),
(69, 4, 5),
(70, 4, 6),
(71, 4, 8);

-- --------------------------------------------------------

--
-- Table structure for table `offices_subdivisions`
--

CREATE TABLE IF NOT EXISTS `offices_subdivisions` (
  `id` bigint(20) NOT NULL AUTO_INCREMENT,
  `id_office` bigint(20) NOT NULL,
  `id_subdivisions` bigint(20) NOT NULL,
  PRIMARY KEY (`id`),
  KEY `id_office` (`id_office`),
  KEY `id_subdivisions` (`id_subdivisions`)
) ENGINE=InnoDB  DEFAULT CHARSET=utf8 AUTO_INCREMENT=148 ;

--
-- Dumping data for table `offices_subdivisions`
--

INSERT INTO `offices_subdivisions` (`id`, `id_office`, `id_subdivisions`) VALUES
(114, 1, 2),
(115, 1, 11),
(116, 1, 9),
(118, 1, 3),
(137, 1, 1),
(138, 2, 1),
(139, 3, 1),
(140, 4, 1),
(141, 5, 1),
(142, 7, 1),
(143, 10, 1),
(144, 12, 1),
(145, 13, 1),
(147, 1, 12);

-- --------------------------------------------------------

--
-- Table structure for table `opensale_schedule`
--

CREATE TABLE IF NOT EXISTS `opensale_schedule` (
  `id` bigint(20) NOT NULL AUTO_INCREMENT,
  `id_realestate` bigint(20) DEFAULT NULL COMMENT 'Экземпляр объекта недвижимости',
  `opensale_start` timestamp NULL DEFAULT NULL COMMENT 'Дата и время начала открытой продажи',
  `opensale_end` timestamp NULL DEFAULT NULL COMMENT 'Дата и время окончания открытой продажи',
  `is_sell` tinyint(1) DEFAULT NULL COMMENT 'Флажок: открытая продажа (1) или аренда (0)',
  `created_at` timestamp NULL DEFAULT NULL,
  `updated_at` timestamp NULL DEFAULT NULL,
  PRIMARY KEY (`id`),
  KEY `id_realestate` (`id_realestate`)
) ENGINE=InnoDB DEFAULT CHARSET=utf8 COMMENT='Таблица с расписанием открытой продажи / аренды.' AUTO_INCREMENT=1 ;

--
-- Triggers `opensale_schedule`
--
DROP TRIGGER IF EXISTS `landlord_new_db`.`before_insert_opensale_schedule`;
DELIMITER //
CREATE TRIGGER `landlord_new_db`.`before_insert_opensale_schedule` BEFORE INSERT ON `landlord_new_db`.`opensale_schedule`
 FOR EACH ROW BEGIN
    SET new.created_at = now();
END
//
DELIMITER ;
DROP TRIGGER IF EXISTS `landlord_new_db`.`before_update_opensale_schedule`;
DELIMITER //
CREATE TRIGGER `landlord_new_db`.`before_update_opensale_schedule` BEFORE UPDATE ON `landlord_new_db`.`opensale_schedule`
 FOR EACH ROW BEGIN
    SET new.updated_at = now();
END
//
DELIMITER ;

--
-- Dumping data for table `opensale_schedule`
--


-- --------------------------------------------------------

--
-- Table structure for table `parameters`
--

CREATE TABLE IF NOT EXISTS `parameters` (
  `id` bigint(20) NOT NULL AUTO_INCREMENT,
  `parameter` varchar(20) COLLATE utf8_unicode_ci NOT NULL,
  PRIMARY KEY (`id`),
  UNIQUE KEY `parameter_UNIQUE` (`parameter`)
) ENGINE=InnoDB  DEFAULT CHARSET=utf8 COLLATE=utf8_unicode_ci AUTO_INCREMENT=9 ;

--
-- Dumping data for table `parameters`
--

INSERT INTO `parameters` (`id`, `parameter`) VALUES
(3, 'Инициативность'),
(1, 'Коммуникабельность'),
(2, 'Лидерство'),
(8, 'Новый параметр'),
(5, 'Обучаемость'),
(6, 'Ответственность'),
(7, 'Пунктуальность'),
(4, 'Стрессоустойчивость');

-- --------------------------------------------------------

--
-- Table structure for table `participant_status`
--

CREATE TABLE IF NOT EXISTS `participant_status` (
  `id` bigint(20) NOT NULL AUTO_INCREMENT,
  `participant_status` varchar(30) NOT NULL,
  PRIMARY KEY (`id`)
) ENGINE=InnoDB  DEFAULT CHARSET=utf8 AUTO_INCREMENT=4 ;

--
-- Dumping data for table `participant_status`
--

INSERT INTO `participant_status` (`id`, `participant_status`) VALUES
(1, 'Подтверждено'),
(2, 'Ожидает подтверждения'),
(3, 'Отменено');

-- --------------------------------------------------------

--
-- Table structure for table `permissions`
--

CREATE TABLE IF NOT EXISTS `permissions` (
  `id` bigint(20) NOT NULL AUTO_INCREMENT,
  `id_parent` bigint(20) NOT NULL,
  `permission_name` varchar(50) COLLATE utf8_unicode_ci NOT NULL,
  `permission` varchar(100) COLLATE utf8_unicode_ci NOT NULL,
  PRIMARY KEY (`id`),
  UNIQUE KEY `permission_UNIQUE` (`permission`)
) ENGINE=InnoDB  DEFAULT CHARSET=utf8 COLLATE=utf8_unicode_ci AUTO_INCREMENT=322 ;

--
-- Dumping data for table `permissions`
--

INSERT INTO `permissions` (`id`, `id_parent`, `permission_name`, `permission`) VALUES
(1, 0, 'Персонал', 'permission_staff'),
(2, 1, 'Сотрудники', 'permission_staff_employee'),
(3, 2, 'Карточка сотрудника', 'permission_staff_employee_profile'),
(4, 3, 'Общая информация', 'permission_staff_employee_profile_general'),
(5, 3, 'Наставничество', 'permission_staff_employee_profile_guidance'),
(8, 3, 'Карьера', 'permission_staff_employee_profile_career'),
(9, 3, 'Аттестации сотрудника', 'permission_staff_employee_profile_certifications'),
(13, 3, 'Рейтинги', 'permission_staff_employee_profile_ratings'),
(14, 3, 'Оценки', 'permission_staff_employee_profile_grades'),
(17, 3, 'Курсы', 'permission_staff_employee_profile_courses'),
(19, 3, 'Достижения', 'permission_staff_employee_profile_achievements'),
(21, 2, 'Добавить сотрудника', 'permission_staff_employee_add'),
(22, 2, 'Просмотр информации о сотруднике', 'permission_staff_employee_show_info'),
(23, 2, 'Редактировать сотрудника', 'permission_staff_employee_edit'),
(28, 2, 'Восстановить сотрудника', 'permission_staff_employee_restore'),
(29, 2, 'Перевод сотрудника', 'permission_staff_employee_transfer'),
(30, 1, 'Курсы и семинары', 'permission_staff_courses'),
(31, 30, 'Запланировать курс обучения', 'permission_staff_courses_plan'),
(32, 30, 'Редактировать курс обучения', 'permission_staff_courses_edit'),
(33, 30, 'Изменить результаты прохождения курса', 'permission_staff_courses_edit_results'),
(34, 1, 'Достижения', 'permission_staff_achievements'),
(36, 34, 'События', 'permission_staff_achievements_events'),
(37, 36, 'Удаление события', 'permission_staff_achievements_events_delete'),
(38, 36, 'Добавить событие', 'permission_staff_achievements_events_add'),
(39, 36, 'Подвести итог', 'permission_staff_achievements_events_summarize'),
(40, 36, 'Результаты события', 'permission_staff_achievements_events_results'),
(41, 0, 'Администрирование', 'permission_administration'),
(42, 41, 'Роли и доступы', 'permission_administration_roles'),
(43, 42, 'Добавить новую роль', 'permission_administration_roles_add'),
(59, 41, 'Характеристики объектов недвижимости и клиентов', 'permission_administration_property_prealestates'),
(60, 59, 'Справочник №1', 'permission_administration_property_prealestates_dir_1'),
(61, 59, 'Справочник №2', 'permission_administration_property_prealestates_dir_2'),
(62, 59, 'Справочник №3', 'permission_administration_property_prealestates_dir_3'),
(63, 59, 'Справочник №4', 'permission_administration_property_prealestates_dir_4'),
(65, 59, 'Справочник №5', 'permission_administration_property_prealestates_dir_5'),
(66, 60, 'Справочник квартир', 'permission_administration_property_prealestates_apartment'),
(67, 60, 'Справочник балконов', 'permission_administration_property_prealestates_balcony'),
(68, 60, 'Справочник Сан. узлов', 'permission_administration_property_prealestates_bathroom'),
(69, 60, 'Справочник городов', 'permission_administration_property_prealestates_cities'),
(70, 60, 'Справочник удобств', 'permission_administration_property_prealestates_comfort'),
(71, 60, 'Справочник составляющих цен КН', 'permission_administration_property_prealestates_commercial_payment'),
(72, 60, 'Справочник коммуникаций', 'permission_administration_property_prealestates_communication'),
(73, 60, 'Справочник районов', 'permission_administration_property_prealestates_district'),
(74, 60, 'Справочник лифтов', 'permission_administration_property_prealestates_elevator'),
(75, 60, 'Справочник въездов', 'permission_administration_property_prealestates_entry'),
(76, 61, 'Справочник статусов строительства', 'permission_administration_property_prealestates_finish_build'),
(77, 61, 'Справочник полов', 'permission_administration_property_prealestates_floors'),
(78, 61, 'Справочник фондов', 'permission_administration_property_prealestates_funds'),
(79, 61, 'Справочник мебели', 'permission_administration_property_prealestates_furniture'),
(80, 61, 'Справочник отопления', 'permission_administration_property_prealestates_heating'),
(81, 61, 'Справочник горячей воды', 'permission_administration_property_prealestates_hot_water'),
(82, 61, 'Справочник инфраструктуры', 'permission_administration_property_prealestates_infrastructure'),
(83, 61, 'Справочник подъемного оборудования', 'permission_administration_property_prealestates_lifting_equipment'),
(84, 62, 'Справочник расположений', 'permission_administration_property_prealestates_location'),
(85, 62, 'Справочник лоджий', 'permission_administration_property_prealestates_loggia'),
(86, 62, 'Справочник этажности', 'permission_administration_property_prealestates_number_storeys'),
(87, 62, 'Справочник собственности', 'permission_administration_property_prealestates_ownership'),
(88, 62, 'Справочник профилей', 'permission_administration_property_prealestates_profile'),
(89, 62, 'Справочник состояний недвижимости', 'permission_administration_property_prealestates_realestate_state'),
(90, 62, 'Справочник статусов недвижимости', 'permission_administration_property_prealestates_realestate_status'),
(91, 62, 'Справочник аренд', 'permission_administration_property_prealestates_rent'),
(92, 63, 'Справочник результатов прозвона', 'permission_administration_property_prealestates_result_prorings'),
(93, 63, 'Справочник тип/материалов крыш', 'permission_administration_property_prealestates_roof'),
(94, 63, 'Справочник охраны', 'permission_administration_property_prealestates_security'),
(95, 63, 'Справочник канализаций', 'permission_administration_property_prealestates_sewerage'),
(96, 63, 'Справочник типов источников недвижимости', 'permission_administration_property_prealestates_type_sources'),
(97, 63, 'Справочник станций', 'permission_administration_property_prealestates_station'),
(98, 63, 'Справочник дворов', 'permission_administration_property_prealestates_yard'),
(99, 63, 'Справочник мат. окон', 'permission_administration_property_prealestates_windows'),
(100, 65, 'Справочник статусов запросов сотрудничества', 'permission_administration_property_prealestates_status_requests'),
(101, 65, 'Справочник типов стен квартир', 'permission_administration_property_prealestates_wall_material_apartments'),
(102, 65, 'Справочник типов стен домовладений', 'permission_administration_property_prealestates_wall_material_households'),
(103, 65, 'Справочник типов материалов окон', 'permission_administration_property_prealestates_window_materials'),
(104, 65, 'Справочник источников получения информации', 'permission_administration_property_prealestates_sources'),
(106, 66, 'Добавлять запись', 'permission_administration_property_prealestates_apartment_add'),
(107, 66, 'Редактировать запись', 'permission_administration_property_prealestates_apartment_edit'),
(108, 66, 'Удалять запись', 'permission_administration_property_prealestates_apartment_delete'),
(109, 67, 'Добавлять запись', 'permission_administration_property_prealestates_balcony_add'),
(110, 67, 'Редактировать запись', 'permission_administration_property_prealestates_balcony_edit'),
(111, 67, 'Удалять запись', 'permission_administration_property_prealestates_balcony_delete'),
(112, 68, 'Добавлять запись', 'permission_administration_property_prealestates_bathroom_add'),
(113, 68, 'Редактировать запись', 'permission_administration_property_prealestates_bathroom_edit'),
(114, 68, 'Удалять запись', 'permission_administration_property_prealestates_bathroom_delete'),
(115, 69, 'Добавлять запись', 'permission_administration_property_prealestates_cities_add'),
(116, 69, 'Редактировать запись', 'permission_administration_property_prealestates_cities_edit'),
(117, 69, 'Удалять запись', 'permission_administration_property_prealestates_cities_delete'),
(118, 70, 'Добавлять запись', 'permission_administration_property_prealestates_comfort_add'),
(119, 70, 'Редактировать запись', 'permission_administration_property_prealestates_comfort_edit'),
(120, 70, 'Удалять запись', 'permission_administration_property_prealestates_comfort_delete'),
(121, 71, 'Добавлять запись', 'permission_administration_property_prealestates_commercial_payment_add'),
(122, 71, 'Редактировать запись', 'permission_administration_property_prealestates_commercial_payment_edit'),
(123, 71, 'Удалять запись', 'permission_administration_property_prealestates_commercial_payment_delete'),
(124, 72, 'Добавлять запись', 'permission_administration_property_prealestates_communication_add'),
(125, 72, 'Редактировать запись', 'permission_administration_property_prealestates_communication_edit'),
(126, 72, 'Удалять запись', 'permission_administration_property_prealestates_communication_delete'),
(127, 73, 'Добавлять запись', 'permission_administration_property_prealestates_district_add'),
(128, 73, 'Редактировать запись', 'permission_administration_property_prealestates_district_edit'),
(129, 73, 'Удалять запись', 'permission_administration_property_prealestates_district_delete'),
(130, 74, 'Добавлять запись', 'permission_administration_property_prealestates_elevator_add'),
(131, 74, 'Редактировать запись', 'permission_administration_property_prealestates_elevator_edit'),
(132, 74, 'Удалять запись', 'permission_administration_property_prealestates_elevator_delete'),
(133, 75, 'Добавлять запись', 'permission_administration_property_prealestates_entry_add'),
(134, 75, 'Редактировать запись', 'permission_administration_property_prealestates_entry_edit'),
(135, 75, 'Удалять запись', 'permission_administration_property_prealestates_entry_delete'),
(136, 76, 'Добавлять запись', 'permission_administration_property_prealestates_finish_build_add'),
(137, 76, 'Редактировать запись', 'permission_administration_property_prealestates_finish_build_edit'),
(138, 76, 'Удалять запись', 'permission_administration_property_prealestates_finish_build_delete'),
(139, 77, 'Добавлять запись', 'permission_administration_property_prealestates_floors_add'),
(140, 77, 'Редактировать запись', 'permission_administration_property_prealestates_floors_edit'),
(141, 77, 'Удалять запись', 'permission_administration_property_prealestates_floors_delete'),
(142, 78, 'Добавлять запись', 'permission_administration_property_prealestates_funds_add'),
(143, 78, 'Редактировать запись', 'permission_administration_property_prealestates_funds_edit'),
(144, 78, 'Удалять запись', 'permission_administration_property_prealestates_funds_delete'),
(145, 79, 'Добавлять запись', 'permission_administration_property_prealestates_furniture_add'),
(146, 79, 'Редактировать запись', 'permission_administration_property_prealestates_furniture_edit'),
(147, 79, 'Удалять запись', 'permission_administration_property_prealestates_furniture_delete'),
(148, 80, 'Добавлять запись', 'permission_administration_property_prealestates_heating_add'),
(149, 80, 'Редактировать запись', 'permission_administration_property_prealestates_heating_edit'),
(150, 80, 'Удалять запись', 'permission_administration_property_prealestates_heating_delete'),
(151, 81, 'Добавлять запись', 'permission_administration_property_prealestates_hot_water_add'),
(152, 81, 'Редактировать запись', 'permission_administration_property_prealestates_hot_water_edit'),
(153, 81, 'Удалять запись', 'permission_administration_property_prealestates_hot_water_delete'),
(154, 82, 'Добавлять запись', 'permission_administration_property_prealestates_infrastructure_add'),
(155, 82, 'Редактировать запись', 'permission_administration_property_prealestates_infrastructure_edit'),
(156, 82, 'Удалять запись', 'permission_administration_property_prealestates_infrastructure_delete'),
(157, 83, 'Добавлять запись', 'permission_administration_property_prealestates_lifting_equipment_add'),
(158, 83, 'Редактировать запись', 'permission_administration_property_prealestates_lifting_equipment_edir'),
(159, 83, 'Удалять запись', 'permission_administration_property_prealestates_lifting_equipment_delete'),
(160, 84, 'Добавлять запись', 'permission_administration_property_prealestates_location_add'),
(161, 84, 'Редактировать запись', 'permission_administration_property_prealestates_location_edit'),
(162, 84, 'Удалять запись', 'permission_administration_property_prealestates_location_delete'),
(163, 85, 'Добавлять запись', 'permission_administration_property_prealestates_loggia_add'),
(164, 85, 'Редактировать запись', 'permission_administration_property_prealestates_loggia_edit'),
(165, 85, 'Удалять запись', 'permission_administration_property_prealestates_loggia_delete'),
(166, 86, 'Добавлять запись', 'permission_administration_property_prealestates_number_storeys_add'),
(167, 86, 'Редактировать запись', 'permission_administration_property_prealestates_number_storeys_edit'),
(168, 86, 'Удалять запись', 'permission_administration_property_prealestates_number_storeys_delete'),
(169, 87, 'Добавлять запись', 'permission_administration_property_prealestates_ownership_add'),
(170, 87, 'Редактировать запись', 'permission_administration_property_prealestates_ownership_edit'),
(171, 87, 'Удалять запись', 'permission_administration_property_prealestates_ownership_delete'),
(172, 88, 'Добавлять запись', 'permission_administration_property_prealestates_profile_add'),
(173, 88, 'Редактировать запись', 'permission_administration_property_prealestates_profile_edit'),
(174, 88, 'Удалять запись', 'permission_administration_property_prealestates_profile_delete'),
(175, 89, 'Добавлять запись', 'permission_administration_property_prealestates_realestate_state_add'),
(176, 89, 'Редактировать запись', 'permission_administration_property_prealestates_realestate_state_edit'),
(177, 89, 'Удалять запись', 'permission_administration_property_prealestates_realestate_state_delete'),
(178, 90, 'Добавлять запись', 'permission_administration_property_prealestates_realestate_status_add'),
(179, 90, 'Редактировать запись', 'permission_administration_property_prealestates_realestate_status_edit'),
(180, 90, 'Удалять запись', 'permission_administration_property_prealestates_realestate_status_delete'),
(181, 91, 'Добавлять запись', 'permission_administration_property_prealestates_rent_add'),
(182, 91, 'Редактировать запись', 'permission_administration_property_prealestates_rent_edit'),
(183, 91, 'Удалять запись', 'permission_administration_property_prealestates_rent_delete'),
(184, 92, 'Добавлять запись', 'permission_administration_property_prealestates_result_prorings_add'),
(185, 92, 'Редактировать запись', 'permission_administration_property_prealestates_result_prorings_edit'),
(186, 92, 'Удалять запись', 'permission_administration_property_prealestates_result_prorings_delete'),
(187, 93, 'Добавлять запись', 'permission_administration_property_prealestates_roof_add'),
(188, 93, 'Редактировать запись', 'permission_administration_property_prealestates_roof_edit'),
(189, 93, 'Удалять запись', 'permission_administration_property_prealestates_roof_delete'),
(190, 94, 'Добавлять запись', 'permission_administration_property_prealestates_security_add'),
(191, 94, 'Редактировать запись', 'permission_administration_property_prealestates_security_edit'),
(192, 94, 'Удалять запись', 'permission_administration_property_prealestates_security_delete'),
(193, 95, 'Добавлять запись', 'permission_administration_property_prealestates_sewerage_add'),
(194, 95, 'Редактировать запись', 'permission_administration_property_prealestates_sewerage_edit'),
(195, 95, 'Удалять запись', 'permission_administration_property_prealestates_sewerage_delete'),
(196, 96, 'Добавлять запись', 'permission_administration_property_prealestates_type_sources_add'),
(197, 96, 'Редактировать запись', 'permission_administration_property_prealestates_type_sources_edit'),
(198, 96, 'Удалять запись', 'permission_administration_property_prealestates_type_sources_delete'),
(199, 97, 'Добавлять запись', 'permission_administration_property_prealestates_station_add'),
(200, 97, 'Редактировать запись', 'permission_administration_property_prealestates_station_edit'),
(201, 97, 'Удалять запись', 'permission_administration_property_prealestates_station_delete'),
(202, 98, 'Добавлять запись', 'permission_administration_property_prealestates_yard_add'),
(203, 98, 'Редактировать запись', 'permission_administration_property_prealestates_yard_edit'),
(204, 98, 'Удалять запись', 'permission_administration_property_prealestates_yard_delete'),
(205, 99, 'Добавлять запись', 'permission_administration_property_prealestates_windows_add'),
(206, 99, 'Редактировать запись', 'permission_administration_property_prealestates_windows_edit'),
(207, 99, 'Удалять запись', 'permission_administration_property_prealestates_windows_delete'),
(208, 100, 'Добавлять запись', 'permission_administration_property_prealestates_status_requests_add'),
(209, 100, 'Редактировать запись', 'permission_administration_property_prealestates_status_requests_edit'),
(210, 100, 'Удалять запись', 'permission_administration_property_prealestates_status_requests_delete'),
(211, 101, 'Добавлять запись', 'permission_administration_property_prealestates_wall_material_apartments_add'),
(212, 101, 'Редактировать запись', 'permission_administration_property_prealestates_wall_material_apartments_edit'),
(213, 101, 'Удалять запись', 'permission_administration_property_prealestates_wall_material_apartments_delete'),
(214, 102, 'Добавлять запись', 'permission_administration_property_prealestates_wall_material_households_add'),
(215, 102, 'Редактировать запись', 'permission_administration_property_prealestates_wall_material_households_edit'),
(216, 102, 'Удалять запись', 'permission_administration_property_prealestates_wall_material_households_delete'),
(217, 103, 'Добавлять запись', 'permission_administration_property_prealestates_window_materials_add'),
(218, 103, 'Редактировать запись', 'permission_administration_property_prealestates_window_materials_edit'),
(219, 103, 'Удалять запись', 'permission_administration_property_prealestates_window_materials_delete'),
(220, 104, 'Добавлять запись', 'permission_administration_property_prealestates_sources_add'),
(221, 104, 'Редактировать запись', 'permission_administration_property_prealestates_sources_edit'),
(222, 104, 'Удалять запись', 'permission_administration_property_prealestates_sources_delete'),
(223, 0, 'Недвижимость', 'permission_realestate'),
(224, 223, 'Дубли', 'permission_realestate_duplication'),
(225, 223, 'Свои варианты', 'permission_realestate_self_variants'),
(226, 225, 'Квартиры', 'permission_realestate_self_variants_apartment'),
(227, 226, 'Добавить', 'permission_realestate_self_variants_apartment_add'),
(228, 226, 'Редактировать', 'permission_realestate_self_variants_apartment_edit'),
(230, 226, 'Вынесение', 'permission_realestate_self_variants_apartment_pronouncement'),
(231, 226, 'Архив', 'permission_realestate_self_variants_apartment_archieve'),
(232, 225, 'Домовладения', 'permission_realestate_self_variants_households'),
(233, 232, 'Добавить', 'permission_realestate_self_variants_households_add'),
(234, 232, 'Редактировать', 'permission_realestate_self_variants_households_edit'),
(235, 232, 'Вынесение', 'permission_realestate_self_variants_households_pronouncement'),
(236, 232, 'Архив', 'permission_realestate_self_variants_households_archieve'),
(237, 225, 'Аренда', 'permission_realestate_self_variants_rent'),
(238, 237, 'Добавить', 'permission_realestate_self_variants_rent_add'),
(239, 237, 'Редактировать', 'permission_realestate_self_variants_rent_edit'),
(240, 237, 'Вынесение', 'permission_realestate_self_variants_rent_pronouncement'),
(241, 237, 'Архив', 'permission_realestate_self_variants_rent_archieve'),
(242, 225, 'Участки', 'permission_realestate_self_variants_land'),
(243, 242, 'Добавить', 'permission_realestate_self_variants_land_add'),
(244, 242, 'Редактировать', 'permission_realestate_self_variants_land_edit'),
(245, 242, 'Вынесение', 'permission_realestate_self_variants_land_pronouncement'),
(246, 242, 'Архив', 'permission_realestate_self_variants_land_archieve'),
(247, 225, 'Коммерческая недвижимость', 'permission_realestate_self_variants_commercial'),
(248, 247, 'Добавить', 'permission_realestate_self_variants_commercial_add'),
(249, 247, 'Редактировать', 'permission_realestate_self_variants_commercial_edit'),
(252, 247, 'Вынесение', 'permission_realestate_self_variants_commercial_pronouncement'),
(253, 247, 'Архив', 'permission_realestate_self_variants_commercial_archieve'),
(254, 60, 'Справочник административных районов', 'permission_administration_property_prealestates_administrative_district'),
(255, 254, 'Добавлять запись', 'permission_administration_property_prealestates_administrative_district_add'),
(256, 254, 'Редактировать запись', 'permission_administration_property_prealestates_administrative_district_edit'),
(257, 254, 'Удалять запись', 'permission_administration_property_prealestates_administrative_district_delete'),
(258, 42, 'Изменить роль', 'permission_administration_roles_edit'),
(259, 42, 'Удалить роль', 'permission_administration_roles_delete'),
(260, 41, 'Характеристики агенства', 'permission_administration_features'),
(261, 260, 'Офисы', 'permission_administration_features_offices'),
(262, 260, 'Подразделения', 'permission_administration_features_subdivisions'),
(263, 260, 'Отделы', 'permission_administration_features_departments'),
(264, 260, 'Должности', 'permission_administration_features_posts'),
(265, 264, 'Добавить должность', 'permission_administration_features_posts_add'),
(266, 264, 'Изменить должность', 'permission_administration_features_posts_edit'),
(267, 264, 'Удалить должность', 'permission_administration_features_posts_delete'),
(268, 264, 'Добавить категорию', 'permission_administration_features_posts_category_add'),
(269, 264, 'Изменить категорию', 'permission_administration_features_posts_category_edit'),
(270, 264, 'Удалить категорию', 'permission_administration_features_posts_category_delete'),
(271, 41, 'Учетные записи', 'permission_administration_users'),
(272, 41, 'Справочник параметров', 'permission_administration_parameters'),
(273, 272, 'Параметры', 'permission_administration_parameters_rate'),
(274, 273, 'Добавить', 'permission_administration_parameters_rate_add'),
(275, 273, 'Изменить', 'permission_administration_parameters_rate_edit'),
(276, 273, 'Удалить', 'permission_administration_parameters_rate_delete'),
(277, 223, 'Договора сотрудничества', 'permission_realestate_agreement_cooperation'),
(278, 223, 'Новые варианты', 'permission_realestate_new'),
(279, 278, 'Квартиры', 'permission_realestate_new_apartment'),
(280, 278, 'Домовладения', 'permission_realestate_new_households'),
(281, 278, 'Аренда', 'permission_realestate_new_rent'),
(282, 278, 'Участки', 'permission_realestate_new_land'),
(283, 278, 'Коммерческая недвижимость', 'permission_realestate_new_commercial'),
(284, 223, 'Поступившие заявки с сайта', 'permission_realestate_site'),
(285, 223, 'Вынесение', 'permission_realestate_pronouncement'),
(286, 285, 'Квартиры', 'permission_realestate_pronouncement_apartment'),
(287, 285, 'Домовладения', 'permission_realestate_pronouncement_households'),
(288, 285, 'Аренда', 'permission_realestate_pronouncement_rent'),
(289, 285, 'Участки', 'permission_realestate_pronouncement_land'),
(290, 285, 'Коммерческая недвижимость', 'permission_realestate_pronouncement_commercial'),
(291, 284, 'Квартиры', 'permission_realestate_site_apartment'),
(292, 284, 'Домовладения', 'permission_realestate_site_households'),
(293, 284, 'Аренда', 'permission_realestate_site_rent'),
(294, 284, 'Участки', 'permission_realestate_site_land'),
(295, 284, 'Коммерческая недвижимость', 'permission_realestate_site_commercial'),
(296, 224, 'Квартиры', 'permission_realestate_duplication_apartment'),
(297, 224, 'Домовладения', 'permission_realestate_duplication_households'),
(298, 224, 'Аренда', 'permission_realestate_duplication_rent'),
(299, 224, 'Участки', 'permission_realestate_duplication_land'),
(300, 224, 'Коммерческая недвижимость', 'permission_realestate_duplication_commercial'),
(301, 0, 'Корпоративная информация ', 'permission_corporate_information'),
(302, 301, 'Лента новостей', 'permission_corporate_information_list_news'),
(303, 301, 'Корпоративная информация', 'permission_corporate_information_index'),
(304, 302, 'Добавление новости', 'permission_corporate_information_list_news_add'),
(305, 302, 'Редактирование новостей', 'permission_corporate_information_list_news_edit'),
(306, 302, 'Удаление новостей', 'permission_corporate_information_list_news_delete'),
(307, 302, 'Фильтр по новостям', 'permission_corporate_information_list_news_search'),
(308, 303, 'Добавление раздела', 'permission_corporate_information_index_add_item'),
(309, 303, 'Добавление подраздела ', 'permission_corporate_information_index_add_subitem'),
(310, 303, 'Редактирование подразделов', 'permission_corporate_information_index_edit'),
(311, 303, 'Удаление подразделов', 'permission_corporate_information_index_delete'),
(312, 303, 'Фильтр по разделам ', 'permission_corporate_information_index_search'),
(313, 2, 'Блокировка / Разблокировка сотрудника', 'permission_staff_employee_block'),
(314, 2, 'Увольнение сотрудника', 'permission_staff_employee_fire'),
(315, 2, 'Отпуск / отгул / больничный', 'permission_staff_employee_vacation'),
(317, 36, 'Редактировать событие', 'permission_staff_achievements_events_edit'),
(318, 303, 'Удаление раздела', 'permission_corporate_information_index_delete_item'),
(319, 0, 'Встречи', 'permission_meeting'),
(320, 0, 'Добавление встречи', 'permission_meeting_add'),
(321, 0, 'Редактирование встречи', 'permission_meeting_edit');

-- --------------------------------------------------------

--
-- Table structure for table `permissions_`
--

CREATE TABLE IF NOT EXISTS `permissions_` (
  `id` bigint(20) NOT NULL AUTO_INCREMENT,
  `id_parent` bigint(20) NOT NULL,
  `permission_name` varchar(50) COLLATE utf8_unicode_ci NOT NULL,
  `permission` varchar(100) COLLATE utf8_unicode_ci NOT NULL,
  PRIMARY KEY (`id`),
  UNIQUE KEY `permission_UNIQUE` (`permission`)
) ENGINE=InnoDB  DEFAULT CHARSET=utf8 COLLATE=utf8_unicode_ci AUTO_INCREMENT=67 ;

--
-- Dumping data for table `permissions_`
--

INSERT INTO `permissions_` (`id`, `id_parent`, `permission_name`, `permission`) VALUES
(1, -1, 'Достижения', 'permission_achievments'),
(2, 0, 'Администрирование', 'permission_administration'),
(3, 0, 'Реклама и акции', 'permission_adv'),
(4, 3, 'Добавление', 'permission_adv_add'),
(5, 3, 'Удаление', 'permission_adv_delete'),
(6, 3, 'Просмотр', 'permission_adv_show'),
(7, 0, 'Черный список', 'permission_blacklist'),
(8, 7, 'Недвижимость', 'permission_blacklist_land'),
(9, 8, 'Добавление', 'permission_blacklist_land_add'),
(10, 8, 'Удаление', 'permission_blacklist_land_delete'),
(11, 8, 'Редактирование', 'permission_blacklist_land_edit'),
(12, 8, 'Просмотр', 'permission_blacklist_land_show'),
(13, 7, 'Маклеры и фирмы', 'permission_blacklist_maklers'),
(14, 13, 'Добавление', 'permission_blacklist_maklers_add'),
(15, 13, 'Удаление', 'permission_blacklist_maklers_delete'),
(16, 13, 'Редактирование', 'permission_blacklist_maklers_edit'),
(17, 13, 'Просмотр', 'permission_blacklist_maklers_show'),
(18, 0, 'Клиенты', 'permission_clients'),
(19, -1, 'Курсы и семинары', 'permission_courses'),
(20, 0, 'Сделки и оформление', 'permission_deals'),
(21, 0, 'Приглашения', 'permission_invitations'),
(22, 0, 'Недвижимость', 'permission_land'),
(23, 0, 'Почта', 'permission_mail'),
(24, 0, 'Персонал', 'permission_staff'),
(25, 24, 'Достижения', 'permission_staff_achievments'),
(26, 24, 'Курсы и семинары', 'permission_staff_courses'),
(27, 24, 'Сотрудники', 'permission_staff_employee'),
(28, 27, 'Добавление', 'permission_staff_employee_add'),
(29, 27, 'Редактирование', 'permission_staff_employee_edit'),
(30, 27, 'Просмотр', 'permission_staff_employee_show'),
(31, 0, 'Статистика', 'permission_statistics'),
(32, 31, 'Распределение', 'permission_statistics_distribution'),
(33, 31, 'Просмотр', 'permission_statistics_show'),
(34, 2, 'Роли и доступы', 'permission_roles'),
(35, 34, 'Добавление', 'permission_roles_add'),
(36, 34, 'Редактирование', 'permission_roles_edit'),
(37, 34, 'Удаление', 'permission_roles_delete'),
(38, 2, 'Характеристика агентства', 'permission_features'),
(42, 27, 'Увольнение', 'permission_staff_employee_dismissal'),
(43, 38, 'Подразделения', 'permission_features_subdivisions'),
(44, 38, 'Офисы', 'permission_features_offices'),
(45, 38, 'Отделы', 'permission_features_departments'),
(46, 38, 'Должности', 'permission_features_posts'),
(63, 2, 'Пользователи', 'permission_users'),
(64, 2, 'Справочник параметров', 'permission_parameters'),
(65, 2, 'Справочник недвижимости', 'permission_property_realestates'),
(66, 64, 'Показатели', 'permission_parameters_rate');

-- --------------------------------------------------------

--
-- Table structure for table `photo_realestate`
--

CREATE TABLE IF NOT EXISTS `photo_realestate` (
  `id` bigint(10) NOT NULL AUTO_INCREMENT,
  `id_realestate` bigint(10) NOT NULL COMMENT 'Объект недвижимости',
  `filename` varchar(255) NOT NULL COMMENT 'Название и расширение файла',
  `src` varchar(255) NOT NULL COMMENT 'Путь к файлу',
  `src_orientation` tinyint(4) DEFAULT NULL COMMENT 'Ориентация изображения',
  PRIMARY KEY (`id`),
  KEY `id_realestate` (`id_realestate`)
) ENGINE=InnoDB  DEFAULT CHARSET=utf8 COMMENT='Фотографии объектов недвижимости' AUTO_INCREMENT=238 ;

--
-- Dumping data for table `photo_realestate`
--

INSERT INTO `photo_realestate` (`id`, `id_realestate`, `filename`, `src`, `src_orientation`) VALUES
(43, 47, '0.jpg', 'public/realestate/photos/47/0.jpg', NULL),
(44, 47, '1.jpg', 'public/realestate/photos/47/1.jpg', NULL),
(45, 51, '0.jpg', 'public/realestate/photos/51/0.jpg', NULL),
(46, 52, '0.jpg', 'public/realestate/photos/52/0.jpg', NULL),
(47, 52, '1.jpg', 'public/realestate/photos/52/1.jpg', NULL),
(48, 60, '0.jpg', 'public/realestate/photos/60/0.jpg', NULL),
(50, 61, '0.jpg', 'public/realestate/photos/61/0.jpg', NULL),
(51, 62, '0.jpg', 'public/realestate/photos/62/0.jpg', NULL),
(52, 63, '0.jpg', 'public/realestate/photos/63/0.jpg', NULL),
(53, 64, '0.jpg', 'public/realestate/photos/64/0.jpg', NULL),
(54, 65, '0.jpg', 'public/realestate/photos/65/0.jpg', NULL),
(55, 66, '0.jpg', 'public/realestate/photos/66/0.jpg', NULL),
(56, 175, '0.jpg', 'public/realestate/photos/175/0.jpg', NULL),
(57, 175, '1.jpg', 'public/realestate/photos/175/1.jpg', NULL),
(58, 175, '2.jpg', 'public/realestate/photos/175/2.jpg', NULL),
(59, 175, '3.jpg', 'public/realestate/photos/175/3.jpg', NULL),
(60, 175, '4.jpg', 'public/realestate/photos/175/4.jpg', NULL),
(61, 175, '5.jpg', 'public/realestate/photos/175/5.jpg', NULL),
(62, 175, '6.jpg', 'public/realestate/photos/175/6.jpg', NULL),
(63, 175, '7.jpg', 'public/realestate/photos/175/7.jpg', NULL),
(64, 175, '8.jpg', 'public/realestate/photos/175/8.jpg', NULL),
(65, 60, '1.jpg', 'public/realestate/photos/60/1.jpg', NULL),
(66, 60, '2.jpg', 'public/realestate/photos/60/2.jpg', NULL),
(67, 204, '0.JPG', 'public/realestate/photos/204/0.JPG', NULL),
(68, 204, '1.JPG', 'public/realestate/photos/204/1.JPG', NULL),
(69, 254, '0.jpg', 'public/realestate/photos/254/0.jpg', NULL),
(70, 254, '1.jpg', 'public/realestate/photos/254/1.jpg', NULL),
(71, 254, '2.jpg', 'public/realestate/photos/254/2.jpg', NULL),
(72, 256, '0.jpg', 'public/realestate/photos/256/0.jpg', NULL),
(73, 258, '0.jpg', 'public/realestate/photos/258/0.jpg', NULL),
(74, 259, '0.jpg', 'public/realestate/photos/259/0.jpg', NULL),
(75, 261, '0.jpg', 'public/realestate/photos/261/0.jpg', NULL),
(76, 262, '0.jpg', 'public/realestate/photos/262/0.jpg', NULL),
(77, 262, '1.jpg', 'public/realestate/photos/262/1.jpg', NULL),
(78, 263, '0.jpeg', 'public/realestate/photos/263/0.jpeg', NULL),
(79, 263, '1.jpg', 'public/realestate/photos/263/1.jpg', NULL),
(80, 263, '2.jpg', 'public/realestate/photos/263/2.jpg', NULL),
(81, 263, '3.jpg', 'public/realestate/photos/263/3.jpg', NULL),
(82, 263, '4.jpg', 'public/realestate/photos/263/4.jpg', NULL),
(83, 266, '0.jpg', 'public/realestate/photos/266/0.jpg', NULL),
(84, 266, '1.jpg', 'public/realestate/photos/266/1.jpg', NULL),
(85, 266, '2.jpg', 'public/realestate/photos/266/2.jpg', NULL),
(86, 266, '3.jpg', 'public/realestate/photos/266/3.jpg', NULL),
(87, 266, '4.jpg', 'public/realestate/photos/266/4.jpg', NULL),
(88, 267, '0.jpeg', 'public/realestate/photos/267/0.jpeg', NULL),
(89, 267, '1.jpg', 'public/realestate/photos/267/1.jpg', NULL),
(90, 267, '2.jpg', 'public/realestate/photos/267/2.jpg', NULL),
(91, 267, '3.jpg', 'public/realestate/photos/267/3.jpg', NULL),
(92, 267, '4.jpg', 'public/realestate/photos/267/4.jpg', NULL),
(93, 269, '0.jpg', 'public/realestate/photos/269/0.jpg', NULL),
(94, 269, '1.jpg', 'public/realestate/photos/269/1.jpg', NULL),
(95, 269, '2.jpg', 'public/realestate/photos/269/2.jpg', NULL),
(96, 269, '3.jpg', 'public/realestate/photos/269/3.jpg', NULL),
(97, 269, '4.jpg', 'public/realestate/photos/269/4.jpg', NULL),
(98, 270, '0.jpeg', 'public/realestate/photos/270/0.jpeg', NULL),
(99, 270, '1.jpg', 'public/realestate/photos/270/1.jpg', NULL),
(100, 271, '0.jpg', 'public/realestate/photos/271/0.jpg', NULL),
(101, 271, '1.jpg', 'public/realestate/photos/271/1.jpg', NULL),
(102, 271, '2.jpg', 'public/realestate/photos/271/2.jpg', NULL),
(103, 271, '3.jpg', 'public/realestate/photos/271/3.jpg', NULL),
(104, 271, '4.jpg', 'public/realestate/photos/271/4.jpg', NULL),
(105, 272, '0.jpg', 'public/realestate/photos/272/0.jpg', NULL),
(106, 272, '1.jpg', 'public/realestate/photos/272/1.jpg', NULL),
(107, 272, '2.jpg', 'public/realestate/photos/272/2.jpg', NULL),
(108, 272, '3.jpg', 'public/realestate/photos/272/3.jpg', NULL),
(109, 272, '4.jpg', 'public/realestate/photos/272/4.jpg', NULL),
(110, 273, '0.jpeg', 'public/realestate/photos/273/0.jpeg', NULL),
(111, 273, '1.jpg', 'public/realestate/photos/273/1.jpg', NULL),
(112, 276, '0.jpeg', 'public/realestate/photos/276/0.jpeg', NULL),
(113, 276, '1.jpg', 'public/realestate/photos/276/1.jpg', NULL),
(114, 276, '2.jpg', 'public/realestate/photos/276/2.jpg', NULL),
(115, 276, '3.jpg', 'public/realestate/photos/276/3.jpg', NULL),
(116, 276, '4.jpg', 'public/realestate/photos/276/4.jpg', NULL),
(117, 277, '0.jpg', 'public/realestate/photos/277/0.jpg', NULL),
(118, 279, '0.jpeg', 'public/realestate/photos/279/0.jpeg', NULL),
(119, 279, '1.jpg', 'public/realestate/photos/279/1.jpg', NULL),
(120, 279, '2.jpg', 'public/realestate/photos/279/2.jpg', NULL),
(121, 279, '3.jpg', 'public/realestate/photos/279/3.jpg', NULL),
(122, 279, '4.jpg', 'public/realestate/photos/279/4.jpg', NULL),
(123, 280, '0.jpeg', 'public/realestate/photos/280/0.jpeg', NULL),
(124, 280, '1.jpg', 'public/realestate/photos/280/1.jpg', NULL),
(125, 280, '2.jpg', 'public/realestate/photos/280/2.jpg', NULL),
(126, 280, '3.jpg', 'public/realestate/photos/280/3.jpg', NULL),
(127, 280, '4.jpg', 'public/realestate/photos/280/4.jpg', NULL),
(128, 281, '0.jpeg', 'public/realestate/photos/281/0.jpeg', NULL),
(129, 281, '1.jpg', 'public/realestate/photos/281/1.jpg', NULL),
(130, 281, '2.jpg', 'public/realestate/photos/281/2.jpg', NULL),
(131, 281, '3.jpg', 'public/realestate/photos/281/3.jpg', NULL),
(132, 281, '4.jpg', 'public/realestate/photos/281/4.jpg', NULL),
(133, 282, '0.jpeg', 'public/realestate/photos/282/0.jpeg', NULL),
(134, 282, '1.jpg', 'public/realestate/photos/282/1.jpg', NULL),
(135, 282, '2.jpg', 'public/realestate/photos/282/2.jpg', NULL),
(136, 282, '3.jpg', 'public/realestate/photos/282/3.jpg', NULL),
(137, 282, '4.jpg', 'public/realestate/photos/282/4.jpg', NULL),
(138, 285, '0.jpeg', 'public/realestate/photos/285/0.jpeg', NULL),
(139, 285, '1.jpg', 'public/realestate/photos/285/1.jpg', NULL),
(140, 285, '2.jpg', 'public/realestate/photos/285/2.jpg', NULL),
(141, 285, '3.jpg', 'public/realestate/photos/285/3.jpg', NULL),
(142, 285, '4.jpg', 'public/realestate/photos/285/4.jpg', NULL),
(143, 287, '0.png', 'public/realestate/photos/287/0.png', NULL),
(144, 287, '1.png', 'public/realestate/photos/287/1.png', NULL),
(145, 288, '0.png', 'public/realestate/photos/288/0.png', NULL),
(146, 288, '1.png', 'public/realestate/photos/288/1.png', NULL),
(147, 289, '0.png', 'public/realestate/photos/289/0.png', NULL),
(148, 289, '1.png', 'public/realestate/photos/289/1.png', NULL),
(149, 290, '0.png', 'public/realestate/photos/290/0.png', NULL),
(150, 290, '1.png', 'public/realestate/photos/290/1.png', NULL),
(151, 291, '0.png', 'public/realestate/photos/291/0.png', NULL),
(152, 291, '1.png', 'public/realestate/photos/291/1.png', NULL),
(153, 294, '0.png', 'public/realestate/photos/294/0.png', NULL),
(154, 294, '1.png', 'public/realestate/photos/294/1.png', NULL),
(155, 297, '0.jpg', 'public/realestate/photos/297/0.jpg', NULL),
(156, 297, '1.jpg', 'public/realestate/photos/297/1.jpg', NULL),
(157, 297, '2.jpg', 'public/realestate/photos/297/2.jpg', NULL),
(158, 297, '3.gif', 'public/realestate/photos/297/3.gif', NULL),
(159, 297, '4.gif', 'public/realestate/photos/297/4.gif', NULL),
(160, 69, '0.jpg', 'public/realestate/photos/69/0.jpg', NULL),
(161, 303, '0.png', 'public/realestate/photos/303/0.png', NULL),
(162, 303, '1.png', 'public/realestate/photos/303/1.png', NULL),
(163, 304, '0.png', 'public/realestate/photos/304/0.png', NULL),
(164, 304, '1.png', 'public/realestate/photos/304/1.png', NULL),
(165, 316, '0.jpg', 'public/realestate/photos/316/0.jpg', NULL),
(166, 316, '1.jpg', 'public/realestate/photos/316/1.jpg', NULL),
(167, 316, '2.jpg', 'public/realestate/photos/316/2.jpg', NULL),
(168, 316, '3.jpg', 'public/realestate/photos/316/3.jpg', NULL),
(169, 320, '0.jpg', 'public/realestate/photos/320/0.jpg', NULL),
(170, 320, '1.jpg', 'public/realestate/photos/320/1.jpg', NULL),
(171, 320, '2.jpeg', 'public/realestate/photos/320/2.jpeg', NULL),
(172, 320, '3.jpg', 'public/realestate/photos/320/3.jpg', NULL),
(173, 321, '0.jpeg', 'public/realestate/photos/321/0.jpeg', NULL),
(174, 321, '1.jpg', 'public/realestate/photos/321/1.jpg', NULL),
(175, 321, '2.jpg', 'public/realestate/photos/321/2.jpg', NULL),
(176, 321, '3.jpg', 'public/realestate/photos/321/3.jpg', NULL),
(177, 321, '4.jpg', 'public/realestate/photos/321/4.jpg', NULL),
(178, 322, '0.jpeg', 'public/realestate/photos/322/0.jpeg', NULL),
(179, 322, '1.jpg', 'public/realestate/photos/322/1.jpg', NULL),
(180, 322, '2.jpg', 'public/realestate/photos/322/2.jpg', NULL),
(181, 322, '3.jpg', 'public/realestate/photos/322/3.jpg', NULL),
(182, 322, '4.jpg', 'public/realestate/photos/322/4.jpg', NULL),
(183, 324, '0.jpeg', 'public/realestate/photos/324/0.jpeg', NULL),
(184, 324, '1.jpg', 'public/realestate/photos/324/1.jpg', NULL),
(185, 324, '2.jpg', 'public/realestate/photos/324/2.jpg', NULL),
(186, 324, '3.jpg', 'public/realestate/photos/324/3.jpg', NULL),
(187, 324, '4.jpg', 'public/realestate/photos/324/4.jpg', NULL),
(188, 326, '0.jpeg', 'public/realestate/photos/326/0.jpeg', NULL),
(189, 326, '1.jpg', 'public/realestate/photos/326/1.jpg', NULL),
(190, 326, '2.jpg', 'public/realestate/photos/326/2.jpg', NULL),
(191, 326, '3.jpg', 'public/realestate/photos/326/3.jpg', NULL),
(192, 326, '4.jpg', 'public/realestate/photos/326/4.jpg', NULL),
(193, 332, '0.jpg', 'public/realestate/photos/332/0.jpg', NULL),
(194, 332, '1.jpg', 'public/realestate/photos/332/1.jpg', NULL),
(195, 332, '2.jpg', 'public/realestate/photos/332/2.jpg', NULL),
(196, 332, '3.jpg', 'public/realestate/photos/332/3.jpg', NULL),
(197, 332, '4.jpg', 'public/realestate/photos/332/4.jpg', NULL),
(198, 333, '0.jpg', 'public/realestate/photos/333/0.jpg', NULL),
(199, 333, '1.jpg', 'public/realestate/photos/333/1.jpg', NULL),
(200, 333, '2.jpg', 'public/realestate/photos/333/2.jpg', NULL),
(201, 333, '3.jpg', 'public/realestate/photos/333/3.jpg', NULL),
(202, 333, '4.jpg', 'public/realestate/photos/333/4.jpg', NULL),
(203, 340, '0.jpeg', 'public/realestate/photos/340/0.jpeg', NULL),
(204, 340, '1.jpg', 'public/realestate/photos/340/1.jpg', NULL),
(205, 340, '2.jpg', 'public/realestate/photos/340/2.jpg', NULL),
(206, 340, '3.jpg', 'public/realestate/photos/340/3.jpg', NULL),
(207, 340, '4.jpg', 'public/realestate/photos/340/4.jpg', NULL),
(208, 341, '0.jpg', 'public/realestate/photos/341/0.jpg', NULL),
(209, 341, '1.jpg', 'public/realestate/photos/341/1.jpg', NULL),
(210, 341, '2.jpg', 'public/realestate/photos/341/2.jpg', NULL),
(211, 341, '3.jpg', 'public/realestate/photos/341/3.jpg', NULL),
(212, 341, '4.jpg', 'public/realestate/photos/341/4.jpg', NULL),
(213, 346, '0.jpg', 'public/realestate/photos/346/0.jpg', NULL),
(214, 346, '1.jpg', 'public/realestate/photos/346/1.jpg', NULL),
(215, 346, '2.jpg', 'public/realestate/photos/346/2.jpg', NULL),
(216, 346, '3.jpg', 'public/realestate/photos/346/3.jpg', NULL),
(217, 346, '4.jpg', 'public/realestate/photos/346/4.jpg', NULL),
(218, 347, '0.jpg', 'public/realestate/photos/347/0.jpg', NULL),
(219, 347, '1.jpg', 'public/realestate/photos/347/1.jpg', NULL),
(220, 347, '2.jpg', 'public/realestate/photos/347/2.jpg', NULL),
(221, 347, '3.jpg', 'public/realestate/photos/347/3.jpg', NULL),
(222, 347, '4.jpg', 'public/realestate/photos/347/4.jpg', NULL),
(223, 349, '0.jpg', 'public/realestate/photos/349/0.jpg', NULL),
(224, 349, '1.jpg', 'public/realestate/photos/349/1.jpg', NULL),
(225, 349, '2.jpg', 'public/realestate/photos/349/2.jpg', NULL),
(226, 349, '3.jpg', 'public/realestate/photos/349/3.jpg', NULL),
(227, 349, '4.jpg', 'public/realestate/photos/349/4.jpg', NULL),
(228, 350, '0.jpg', 'public/realestate/photos/350/0.jpg', NULL),
(229, 350, '1.jpg', 'public/realestate/photos/350/1.jpg', NULL),
(230, 350, '2.jpg', 'public/realestate/photos/350/2.jpg', NULL),
(231, 350, '3.jpg', 'public/realestate/photos/350/3.jpg', NULL),
(232, 350, '4.jpg', 'public/realestate/photos/350/4.jpg', NULL),
(233, 351, '0.jpeg', 'public/realestate/photos/351/0.jpeg', NULL),
(234, 351, '1.jpg', 'public/realestate/photos/351/1.jpg', NULL),
(235, 351, '2.jpg', 'public/realestate/photos/351/2.jpg', NULL),
(236, 351, '3.jpg', 'public/realestate/photos/351/3.jpg', NULL),
(237, 351, '4.jpg', 'public/realestate/photos/351/4.jpg', NULL);

-- --------------------------------------------------------

--
-- Table structure for table `pivot_realestate_apartments_reference_elevators`
--

CREATE TABLE IF NOT EXISTS `pivot_realestate_apartments_reference_elevators` (
  `id` bigint(20) NOT NULL AUTO_INCREMENT,
  `id_realestate_apartment` bigint(20) NOT NULL COMMENT 'Объект: квартиры',
  `id_reference_elevator` bigint(20) NOT NULL COMMENT 'Объект справочника "Лифты"',
  PRIMARY KEY (`id`),
  KEY `id_realestate_apartment` (`id_realestate_apartment`),
  KEY `id_reference_elevator` (`id_reference_elevator`)
) ENGINE=InnoDB DEFAULT CHARSET=utf8 COMMENT='Перекрестная таблица: квартиры - лифты.' AUTO_INCREMENT=1 ;

--
-- Dumping data for table `pivot_realestate_apartments_reference_elevators`
--


-- --------------------------------------------------------

--
-- Table structure for table `pivot_realestate_apartments_reference_legal_documents`
--

CREATE TABLE IF NOT EXISTS `pivot_realestate_apartments_reference_legal_documents` (
  `id` bigint(20) NOT NULL AUTO_INCREMENT,
  `id_realestate_apartment` bigint(20) DEFAULT NULL COMMENT 'Объект квартир',
  `id_reference_legal_document` bigint(20) DEFAULT NULL COMMENT 'Объект правового документа',
  PRIMARY KEY (`id`),
  KEY `id_realestate_apartment` (`id_realestate_apartment`),
  KEY `id_reference_legal_document` (`id_reference_legal_document`)
) ENGINE=InnoDB DEFAULT CHARSET=utf8 COMMENT='Перекрестная таблица: квартиры - правовые документы' AUTO_INCREMENT=1 ;

--
-- Dumping data for table `pivot_realestate_apartments_reference_legal_documents`
--


-- --------------------------------------------------------

--
-- Table structure for table `pivot_realestate_apartments_reference_specific_facilities`
--

CREATE TABLE IF NOT EXISTS `pivot_realestate_apartments_reference_specific_facilities` (
  `id` bigint(20) NOT NULL AUTO_INCREMENT,
  `id_realestate_apartment` bigint(20) DEFAULT NULL COMMENT 'Объект недвижимости: квартира',
  `id_reference_specific_facility` bigint(20) DEFAULT NULL COMMENT 'Справочник: конкретное удобство / услуга / приспособление',
  PRIMARY KEY (`id`),
  KEY `id_realestate_apartment` (`id_realestate_apartment`),
  KEY `id_reference_specific_facility` (`id_reference_specific_facility`)
) ENGINE=InnoDB DEFAULT CHARSET=utf8 COMMENT='Перекрестная таблица: квартиры - конкретные виды удобств / приспособлений / услуг.' AUTO_INCREMENT=1 ;

--
-- Dumping data for table `pivot_realestate_apartments_reference_specific_facilities`
--


-- --------------------------------------------------------

--
-- Table structure for table `pivot_realestate_apartments_reference_windows`
--

CREATE TABLE IF NOT EXISTS `pivot_realestate_apartments_reference_windows` (
  `id` bigint(20) NOT NULL AUTO_INCREMENT,
  `id_realestate_apartment` bigint(20) DEFAULT NULL COMMENT 'Объект квартиры',
  `id_reference_window` bigint(20) DEFAULT NULL COMMENT 'Объект справочника окон',
  PRIMARY KEY (`id`),
  KEY `id_realestate_apartment` (`id_realestate_apartment`),
  KEY `id_reference_window` (`id_reference_window`)
) ENGINE=InnoDB DEFAULT CHARSET=utf8 COMMENT='Перекрестная таблица: объект квартиры - справочник окон' AUTO_INCREMENT=1 ;

--
-- Dumping data for table `pivot_realestate_apartments_reference_windows`
--


-- --------------------------------------------------------

--
-- Table structure for table `pivot_realestate_commercial_reference_additional_expenses`
--

CREATE TABLE IF NOT EXISTS `pivot_realestate_commercial_reference_additional_expenses` (
  `id` bigint(20) NOT NULL AUTO_INCREMENT,
  `id_realestate_commercial` bigint(20) DEFAULT NULL COMMENT 'Объект КН',
  `id_reference_additional_expense` bigint(20) DEFAULT NULL COMMENT 'Справочник дополнительных расходов',
  PRIMARY KEY (`id`),
  KEY `id_realestate_commercial` (`id_realestate_commercial`),
  KEY `id_reference_additional_expense` (`id_reference_additional_expense`)
) ENGINE=InnoDB DEFAULT CHARSET=utf8 COMMENT='Перекрестная таблица: объекты КН - дополнительные расходы.' AUTO_INCREMENT=1 ;

--
-- Dumping data for table `pivot_realestate_commercial_reference_additional_expenses`
--


-- --------------------------------------------------------

--
-- Table structure for table `pivot_realestate_commercial_reference_comminications`
--

CREATE TABLE IF NOT EXISTS `pivot_realestate_commercial_reference_comminications` (
  `id` bigint(20) NOT NULL AUTO_INCREMENT,
  `id_realestate_commercial` bigint(20) DEFAULT NULL COMMENT 'Объект КН',
  `id_pivot_communication` bigint(20) DEFAULT NULL COMMENT 'Перекрестная таблица: "Коммуникации - Подвиды коммуникаций"',
  `distance_to_communication` tinyint(4) DEFAULT NULL COMMENT 'Расстояние до точки подключения коммуникации.',
  PRIMARY KEY (`id`),
  KEY `id_realestate_commercial` (`id_realestate_commercial`),
  KEY `id_pivot_communication` (`id_pivot_communication`)
) ENGINE=InnoDB DEFAULT CHARSET=utf8 COMMENT='Перекрестная таблица: КН - коммуникации.' AUTO_INCREMENT=1 ;

--
-- Dumping data for table `pivot_realestate_commercial_reference_comminications`
--


-- --------------------------------------------------------

--
-- Table structure for table `pivot_realestate_commercial_reference_elevators`
--

CREATE TABLE IF NOT EXISTS `pivot_realestate_commercial_reference_elevators` (
  `id` bigint(20) NOT NULL AUTO_INCREMENT,
  `id_realestate_commercial` bigint(20) DEFAULT NULL COMMENT 'Объект недвижимости: КН',
  `id_reference_elevator` bigint(20) DEFAULT NULL COMMENT 'Справочник: лифты',
  PRIMARY KEY (`id`)
) ENGINE=InnoDB DEFAULT CHARSET=utf8 COMMENT='Перекрестная таблица: КН - лифты.' AUTO_INCREMENT=1 ;

--
-- Dumping data for table `pivot_realestate_commercial_reference_elevators`
--


-- --------------------------------------------------------

--
-- Table structure for table `pivot_realestate_commercial_reference_legal_documents_commercial`
--

CREATE TABLE IF NOT EXISTS `pivot_realestate_commercial_reference_legal_documents_commercial` (
  `id` bigint(20) NOT NULL AUTO_INCREMENT,
  `id_realestate_commercial` bigint(20) DEFAULT NULL COMMENT 'Объект недвижимости: КН',
  `id_reference_legal_document_commercial` bigint(20) DEFAULT NULL COMMENT 'Справочник: правовые документы КН',
  PRIMARY KEY (`id`),
  KEY `pivot_realestate_ibfk_1` (`id_realestate_commercial`),
  KEY `pivot_realestate_ibfk_2` (`id_reference_legal_document_commercial`)
) ENGINE=InnoDB DEFAULT CHARSET=utf8 COMMENT='Перекрестная таблица: КН - правовые документы КН' AUTO_INCREMENT=1 ;

--
-- Dumping data for table `pivot_realestate_commercial_reference_legal_documents_commercial`
--


-- --------------------------------------------------------

--
-- Table structure for table `pivot_realestate_commercial_reference_profiles`
--

CREATE TABLE IF NOT EXISTS `pivot_realestate_commercial_reference_profiles` (
  `id` bigint(20) NOT NULL AUTO_INCREMENT,
  `id_commercial` bigint(20) DEFAULT NULL COMMENT 'Объект коммерческой недвижимости',
  `id_pivot_profile` bigint(20) DEFAULT NULL COMMENT 'Таблица пересения профилей и категорий.',
  PRIMARY KEY (`id`),
  KEY `id_commercial` (`id_commercial`),
  KEY `id_pivot_profile` (`id_pivot_profile`)
) ENGINE=InnoDB DEFAULT CHARSET=utf8 COMMENT='Таблица пересечения: объекты КН - профили.' AUTO_INCREMENT=1 ;

--
-- Dumping data for table `pivot_realestate_commercial_reference_profiles`
--


-- --------------------------------------------------------

--
-- Table structure for table `pivot_realestate_commercial_reference_specific_facilities`
--

CREATE TABLE IF NOT EXISTS `pivot_realestate_commercial_reference_specific_facilities` (
  `id` bigint(20) NOT NULL AUTO_INCREMENT,
  `id_realestate_commercial` bigint(20) NOT NULL COMMENT 'Объект недвижимости КН',
  `id_reference_specific_commercial_facility` bigint(20) NOT NULL COMMENT 'Справочник: конкретные типы удобств КН',
  PRIMARY KEY (`id`),
  KEY `id_realestate_commercial` (`id_realestate_commercial`,`id_reference_specific_commercial_facility`),
  KEY `id_reference_specific_commercial_facility` (`id_reference_specific_commercial_facility`)
) ENGINE=InnoDB DEFAULT CHARSET=utf8 COMMENT='Перекрестная таблица: КН -конкретные удобства' AUTO_INCREMENT=1 ;

--
-- Dumping data for table `pivot_realestate_commercial_reference_specific_facilities`
--


-- --------------------------------------------------------

--
-- Table structure for table `pivot_realestate_commercial_reference_windows`
--

CREATE TABLE IF NOT EXISTS `pivot_realestate_commercial_reference_windows` (
  `id` bigint(20) NOT NULL AUTO_INCREMENT,
  `id_realestate_commercial` bigint(20) NOT NULL COMMENT 'Объект КН',
  `id_reference_window` bigint(20) NOT NULL COMMENT 'Справочник окон',
  PRIMARY KEY (`id`),
  KEY `id_realestate_commercial` (`id_realestate_commercial`),
  KEY `id_reference_window` (`id_reference_window`)
) ENGINE=InnoDB DEFAULT CHARSET=utf8 COMMENT='Перекрестная таблица: КН - справочник окон' AUTO_INCREMENT=1 ;

--
-- Dumping data for table `pivot_realestate_commercial_reference_windows`
--


-- --------------------------------------------------------

--
-- Table structure for table `pivot_realestate_contracts`
--

CREATE TABLE IF NOT EXISTS `pivot_realestate_contracts` (
  `id` bigint(20) NOT NULL AUTO_INCREMENT,
  `id_realestate` bigint(20) DEFAULT NULL COMMENT 'Объект недвижимости',
  `id_contract` bigint(20) DEFAULT NULL COMMENT 'Контракт',
  PRIMARY KEY (`id`),
  KEY `id_realestate` (`id_realestate`),
  KEY `id_contract` (`id_contract`)
) ENGINE=InnoDB DEFAULT CHARSET=utf8 COMMENT='Перекрестная таблица: объекты недвижимости - контракты' AUTO_INCREMENT=1 ;

--
-- Dumping data for table `pivot_realestate_contracts`
--


-- --------------------------------------------------------

--
-- Table structure for table `pivot_realestate_households_reference_additional`
--

CREATE TABLE IF NOT EXISTS `pivot_realestate_households_reference_additional` (
  `id` bigint(20) NOT NULL AUTO_INCREMENT,
  `id_realestate_household` bigint(20) DEFAULT NULL COMMENT 'Объект домовладений',
  `id_reference_additional_buildings` bigint(20) DEFAULT NULL COMMENT 'Справочник: дополнительные постройки',
  PRIMARY KEY (`id`),
  KEY `id_realestate_household` (`id_realestate_household`),
  KEY `id_reference_additional_buildings` (`id_reference_additional_buildings`)
) ENGINE=InnoDB DEFAULT CHARSET=utf8 COMMENT='Перекрестная таблица: домовладения - справчоник дополнительных построек возле дома.' AUTO_INCREMENT=1 ;

--
-- Dumping data for table `pivot_realestate_households_reference_additional`
--


-- --------------------------------------------------------

--
-- Table structure for table `pivot_realestate_households_reference_communications`
--

CREATE TABLE IF NOT EXISTS `pivot_realestate_households_reference_communications` (
  `id` bigint(20) NOT NULL AUTO_INCREMENT,
  `id_realestate_household` bigint(20) DEFAULT NULL COMMENT 'Объект домовладений.',
  `id_pivot_communication` bigint(20) DEFAULT NULL COMMENT 'Ссылка на перекрестную таблицу "Коммуникации - Подвиды коммуникаций"',
  `distance_to_communication` tinyint(4) DEFAULT NULL COMMENT 'Расстояние до точки подключения коммуникации.',
  PRIMARY KEY (`id`),
  KEY `id_realestate_household` (`id_realestate_household`),
  KEY `id_pivot_communication` (`id_pivot_communication`)
) ENGINE=InnoDB  DEFAULT CHARSET=utf8 COMMENT='Перекрестная таблица: домовладения - коммуникации - подвиды коммуникаций.' AUTO_INCREMENT=5 ;

--
-- Dumping data for table `pivot_realestate_households_reference_communications`
--

INSERT INTO `pivot_realestate_households_reference_communications` (`id`, `id_realestate_household`, `id_pivot_communication`, `distance_to_communication`) VALUES
(1, 29, 1, NULL),
(2, 29, 3, NULL),
(3, 29, 4, NULL),
(4, 27, 1, NULL);

-- --------------------------------------------------------

--
-- Table structure for table `pivot_realestate_households_reference_communications_mutual`
--

CREATE TABLE IF NOT EXISTS `pivot_realestate_households_reference_communications_mutual` (
  `id` bigint(20) NOT NULL AUTO_INCREMENT,
  `id_realestate_household` bigint(20) DEFAULT NULL COMMENT 'Объект недвижимости: домовладение',
  `id_reference_communication` bigint(20) DEFAULT NULL COMMENT 'Справочник_ коммуникации',
  PRIMARY KEY (`id`),
  KEY `id_realestate_household` (`id_realestate_household`),
  KEY `pivot_communications_mutual_ibfk_2` (`id_reference_communication`)
) ENGINE=InnoDB  DEFAULT CHARSET=utf8 COMMENT='Перекрестная таблица: домовладения - коммуникации с паевыми взносами.' AUTO_INCREMENT=3 ;

--
-- Dumping data for table `pivot_realestate_households_reference_communications_mutual`
--

INSERT INTO `pivot_realestate_households_reference_communications_mutual` (`id`, `id_realestate_household`, `id_reference_communication`) VALUES
(1, 29, 2),
(2, 29, 4);

-- --------------------------------------------------------

--
-- Table structure for table `pivot_realestate_households_reference_engineer_systems`
--

CREATE TABLE IF NOT EXISTS `pivot_realestate_households_reference_engineer_systems` (
  `id` bigint(20) NOT NULL AUTO_INCREMENT,
  `id_realestate_household` bigint(20) DEFAULT NULL COMMENT 'Объект домовладения.',
  `id_reference_engineer_system` bigint(20) DEFAULT NULL COMMENT 'Справочник: инженерные системы дома.',
  PRIMARY KEY (`id`),
  KEY `id_realestate_household` (`id_realestate_household`),
  KEY `id_reference_engineer_system` (`id_reference_engineer_system`)
) ENGINE=InnoDB  DEFAULT CHARSET=utf8 COMMENT='Перекрестная таблица: домовладения - инженерные системы дома.' AUTO_INCREMENT=5 ;

--
-- Dumping data for table `pivot_realestate_households_reference_engineer_systems`
--

INSERT INTO `pivot_realestate_households_reference_engineer_systems` (`id`, `id_realestate_household`, `id_reference_engineer_system`) VALUES
(2, 29, 1),
(3, 29, 3),
(4, 29, 8);

-- --------------------------------------------------------

--
-- Table structure for table `pivot_realestate_households_reference_legal_documents_house`
--

CREATE TABLE IF NOT EXISTS `pivot_realestate_households_reference_legal_documents_house` (
  `id` bigint(20) NOT NULL AUTO_INCREMENT,
  `id_realestate_household` bigint(20) DEFAULT NULL COMMENT 'Объект домовладения',
  `id_reference_legal_document` bigint(20) DEFAULT NULL COMMENT 'Справочник: правовые документы',
  PRIMARY KEY (`id`),
  KEY `pivot_ibfk_1` (`id_realestate_household`),
  KEY `pivot_ibfk_2` (`id_reference_legal_document`)
) ENGINE=InnoDB DEFAULT CHARSET=utf8 COMMENT='Перекрестная таблица: домовладения - правовые документы на дом.' AUTO_INCREMENT=1 ;

--
-- Dumping data for table `pivot_realestate_households_reference_legal_documents_house`
--


-- --------------------------------------------------------

--
-- Table structure for table `pivot_realestate_households_reference_legal_documents_lands`
--

CREATE TABLE IF NOT EXISTS `pivot_realestate_households_reference_legal_documents_lands` (
  `id` bigint(20) NOT NULL AUTO_INCREMENT,
  `id_realestate_household` bigint(20) DEFAULT NULL COMMENT 'Обхект домовладения',
  `id_reference_legal_document` bigint(20) DEFAULT NULL COMMENT 'Справочник: правовые документы.',
  PRIMARY KEY (`id`),
  KEY `pivot1_ibfk_1` (`id_realestate_household`),
  KEY `pivot2_ibfk_2` (`id_reference_legal_document`)
) ENGINE=InnoDB DEFAULT CHARSET=utf8 COMMENT='Перекрестная таблица: домовладения - правовые документы на участок' AUTO_INCREMENT=1 ;

--
-- Dumping data for table `pivot_realestate_households_reference_legal_documents_lands`
--


-- --------------------------------------------------------

--
-- Table structure for table `pivot_realestate_households_reference_specific_facilities`
--

CREATE TABLE IF NOT EXISTS `pivot_realestate_households_reference_specific_facilities` (
  `id` bigint(20) NOT NULL AUTO_INCREMENT,
  `id_realestate_household` bigint(20) NOT NULL COMMENT 'Объект домовладения',
  `id_reference_specific_facility` bigint(20) NOT NULL COMMENT 'Справочник: конкретные типы удосбств',
  PRIMARY KEY (`id`),
  KEY `id_realestate_household` (`id_realestate_household`),
  KEY `id_reference_specific_facility` (`id_reference_specific_facility`)
) ENGINE=InnoDB DEFAULT CHARSET=utf8 COMMENT='Перекрестная таблица: домовладения - конкретные типы удобств' AUTO_INCREMENT=1 ;

--
-- Dumping data for table `pivot_realestate_households_reference_specific_facilities`
--


-- --------------------------------------------------------

--
-- Table structure for table `pivot_realestate_households_reference_windows`
--

CREATE TABLE IF NOT EXISTS `pivot_realestate_households_reference_windows` (
  `id` bigint(20) NOT NULL AUTO_INCREMENT,
  `id_realestate_household` bigint(20) DEFAULT NULL COMMENT 'Объект домовладения',
  `id_reference_window` bigint(20) DEFAULT NULL COMMENT 'Справочник: окна',
  PRIMARY KEY (`id`),
  KEY `id_realestate_household` (`id_realestate_household`),
  KEY `id_reference_window` (`id_reference_window`)
) ENGINE=InnoDB DEFAULT CHARSET=utf8 COMMENT='Перекрестная таблица: домовладения - справчоник окон.' AUTO_INCREMENT=1 ;

--
-- Dumping data for table `pivot_realestate_households_reference_windows`
--


-- --------------------------------------------------------

--
-- Table structure for table `pivot_realestate_lands_reference_communications`
--

CREATE TABLE IF NOT EXISTS `pivot_realestate_lands_reference_communications` (
  `id` bigint(20) NOT NULL AUTO_INCREMENT,
  `id_realestate_land` bigint(20) DEFAULT NULL COMMENT 'Объект недвижимости: участок',
  `id_pivot_communication` bigint(20) DEFAULT NULL COMMENT 'Справочник: коммуникации',
  `distance_to_communication` tinyint(4) DEFAULT NULL COMMENT 'Расстояние до точки поключения коммуникации.',
  PRIMARY KEY (`id`),
  KEY `id_realestate_land` (`id_realestate_land`),
  KEY `id_pivot_communication` (`id_pivot_communication`)
) ENGINE=InnoDB DEFAULT CHARSET=utf8 COMMENT='Перекрестная таблица: участки - справчоник коммуникаций.' AUTO_INCREMENT=1 ;

--
-- Dumping data for table `pivot_realestate_lands_reference_communications`
--


-- --------------------------------------------------------

--
-- Table structure for table `pivot_realestate_lands_reference_communications_mutual`
--

CREATE TABLE IF NOT EXISTS `pivot_realestate_lands_reference_communications_mutual` (
  `id` bigint(20) NOT NULL AUTO_INCREMENT,
  `id_realestate_land` bigint(20) DEFAULT NULL COMMENT 'Объект недвижимости: участок',
  `id_reference_communication` bigint(20) DEFAULT NULL COMMENT 'Справочник коммуникаций',
  PRIMARY KEY (`id`),
  KEY `id_realestate_land` (`id_realestate_land`),
  KEY `id_reference_communication` (`id_reference_communication`)
) ENGINE=InnoDB DEFAULT CHARSET=utf8 COMMENT='Перекрестная таблица: участки - справочник коммуникаций с паевыми взносами' AUTO_INCREMENT=1 ;

--
-- Dumping data for table `pivot_realestate_lands_reference_communications_mutual`
--


-- --------------------------------------------------------

--
-- Table structure for table `pivot_realestate_lands_reference_legal_documents`
--

CREATE TABLE IF NOT EXISTS `pivot_realestate_lands_reference_legal_documents` (
  `id` bigint(20) NOT NULL AUTO_INCREMENT,
  `id_realestate_land` bigint(20) DEFAULT NULL COMMENT 'Объект недвижимости: участок',
  `id_reference_legal_document` bigint(20) DEFAULT NULL COMMENT 'Справочник: правовые документы',
  PRIMARY KEY (`id`),
  KEY `id_realestate_land` (`id_realestate_land`),
  KEY `id_reference_legal_document` (`id_reference_legal_document`)
) ENGINE=InnoDB DEFAULT CHARSET=utf8 COMMENT='Перекрестная таблица: участки - справочник правовых документов.' AUTO_INCREMENT=1 ;

--
-- Dumping data for table `pivot_realestate_lands_reference_legal_documents`
--


-- --------------------------------------------------------

--
-- Table structure for table `pivot_realestate_rent_reference_elevators`
--

CREATE TABLE IF NOT EXISTS `pivot_realestate_rent_reference_elevators` (
  `id` bigint(20) NOT NULL AUTO_INCREMENT,
  `id_realestate_rent` bigint(20) DEFAULT NULL COMMENT 'Объект недвижимости: аренда.',
  `id_reference_elevator` bigint(20) DEFAULT NULL COMMENT 'Справочник: лифты.',
  PRIMARY KEY (`id`),
  KEY `id_realestate_rent` (`id_realestate_rent`),
  KEY `id_reference_elevator` (`id_reference_elevator`)
) ENGINE=InnoDB DEFAULT CHARSET=utf8 COMMENT='Перекрестная таблица: аренда - справочник лифтов.' AUTO_INCREMENT=1 ;

--
-- Dumping data for table `pivot_realestate_rent_reference_elevators`
--


-- --------------------------------------------------------

--
-- Table structure for table `pivot_realestate_rent_reference_specific_appliances`
--

CREATE TABLE IF NOT EXISTS `pivot_realestate_rent_reference_specific_appliances` (
  `id` bigint(20) NOT NULL AUTO_INCREMENT,
  `id_realestate_rent` bigint(20) DEFAULT NULL COMMENT 'Объект недвижимости: аренда',
  `id_reference_specific_appliance` bigint(20) DEFAULT NULL COMMENT 'Справочник: конкретная техника.',
  PRIMARY KEY (`id`),
  KEY `id_realestate_rent` (`id_realestate_rent`),
  KEY `id_reference_specific_appliance` (`id_reference_specific_appliance`)
) ENGINE=InnoDB DEFAULT CHARSET=utf8 COMMENT='Перекрестная таблица: аренда - конкретная техника.' AUTO_INCREMENT=1 ;

--
-- Dumping data for table `pivot_realestate_rent_reference_specific_appliances`
--


-- --------------------------------------------------------

--
-- Table structure for table `pivot_realestate_rent_reference_specific_facilities`
--

CREATE TABLE IF NOT EXISTS `pivot_realestate_rent_reference_specific_facilities` (
  `id` bigint(20) NOT NULL AUTO_INCREMENT,
  `id_realestate_rent` bigint(20) DEFAULT NULL COMMENT 'Объект недвижимости: аренда.',
  `id_reference_specific_facility` bigint(20) DEFAULT NULL COMMENT 'Справочник: конкретные удобства / услуги / приспособления',
  PRIMARY KEY (`id`),
  KEY `id_realestate_rent` (`id_realestate_rent`),
  KEY `id_reference_specific_facility` (`id_reference_specific_facility`)
) ENGINE=InnoDB DEFAULT CHARSET=utf8 COMMENT='Перекрестна таблица: аренда - справочник услуг / удобств / приспособлений.' AUTO_INCREMENT=1 ;

--
-- Dumping data for table `pivot_realestate_rent_reference_specific_facilities`
--


-- --------------------------------------------------------

--
-- Table structure for table `pivot_realestate_rent_reference_specific_furniture`
--

CREATE TABLE IF NOT EXISTS `pivot_realestate_rent_reference_specific_furniture` (
  `id` bigint(20) NOT NULL AUTO_INCREMENT,
  `id_realestate_rent` bigint(20) DEFAULT NULL COMMENT 'Объект недвижимости: аренда.',
  `id_reference_specific_furniture` bigint(20) DEFAULT NULL COMMENT 'Справочник: конкретная мебель.',
  PRIMARY KEY (`id`),
  KEY `id_realestate_rent` (`id_realestate_rent`),
  KEY `id_reference_specific_furniture` (`id_reference_specific_furniture`)
) ENGINE=InnoDB DEFAULT CHARSET=utf8 COMMENT='Перекрестная таблица: аренда - конкретные виды мебели.' AUTO_INCREMENT=1 ;

--
-- Dumping data for table `pivot_realestate_rent_reference_specific_furniture`
--


-- --------------------------------------------------------

--
-- Table structure for table `pivot_realestate_rent_reference_windows`
--

CREATE TABLE IF NOT EXISTS `pivot_realestate_rent_reference_windows` (
  `id` bigint(20) NOT NULL AUTO_INCREMENT,
  `id_realestate_rent` bigint(20) DEFAULT NULL COMMENT 'Объект недвижимости: аренда.',
  `id_reference_window` bigint(20) DEFAULT NULL COMMENT 'Справочник: окна.',
  PRIMARY KEY (`id`),
  KEY `id_realestate_rent` (`id_realestate_rent`),
  KEY `id_reference_window` (`id_reference_window`)
) ENGINE=InnoDB DEFAULT CHARSET=utf8 COMMENT='Перекрестная таблица: аренда - справочник окон.' AUTO_INCREMENT=1 ;

--
-- Dumping data for table `pivot_realestate_rent_reference_windows`
--


-- --------------------------------------------------------

--
-- Table structure for table `pivot_reference_commercial_lands_reference_commercial_sublands`
--

CREATE TABLE IF NOT EXISTS `pivot_reference_commercial_lands_reference_commercial_sublands` (
  `id` bigint(20) NOT NULL AUTO_INCREMENT,
  `id_reference_commercial_land` bigint(20) DEFAULT NULL COMMENT 'Справочник: участки КН',
  `id_reference_commercial_subland` bigint(20) DEFAULT NULL COMMENT 'Справочник: подвиды участков КН',
  PRIMARY KEY (`id`),
  KEY `pivot_reference_sublands_ibfk_1` (`id_reference_commercial_land`),
  KEY `id_reference_commercial_subland` (`id_reference_commercial_subland`)
) ENGINE=InnoDB  DEFAULT CHARSET=utf8 COMMENT='Перекрестная таблица: участки КН - подвиды участков КН' AUTO_INCREMENT=6 ;

--
-- Dumping data for table `pivot_reference_commercial_lands_reference_commercial_sublands`
--

INSERT INTO `pivot_reference_commercial_lands_reference_commercial_sublands` (`id`, `id_reference_commercial_land`, `id_reference_commercial_subland`) VALUES
(1, 3, 1),
(2, 3, 2),
(3, 3, 3),
(4, 3, 4),
(5, 3, 5);

-- --------------------------------------------------------

--
-- Table structure for table `pivot_reference_communications_reference_subcommunications`
--

CREATE TABLE IF NOT EXISTS `pivot_reference_communications_reference_subcommunications` (
  `id` bigint(20) NOT NULL AUTO_INCREMENT,
  `id_reference_communication` bigint(20) DEFAULT NULL COMMENT 'Коммуникация',
  `id_reference_subcommunication` bigint(20) DEFAULT NULL COMMENT 'Подвид коммуникации',
  PRIMARY KEY (`id`),
  KEY `pivot_reference_subcommunications_ibfk_1` (`id_reference_communication`),
  KEY `pivot_reference_subcommunications_ibfk_2` (`id_reference_subcommunication`)
) ENGINE=InnoDB  DEFAULT CHARSET=utf8 COMMENT='Перекрестная таблица: коммуникации - подвиды коммуникаций' AUTO_INCREMENT=18 ;

--
-- Dumping data for table `pivot_reference_communications_reference_subcommunications`
--

INSERT INTO `pivot_reference_communications_reference_subcommunications` (`id`, `id_reference_communication`, `id_reference_subcommunication`) VALUES
(1, 1, 1),
(2, 1, 2),
(3, 2, 3),
(4, 2, 4),
(5, 2, 5),
(6, 2, 6),
(7, 2, 7),
(8, 3, 8),
(9, 3, 9),
(10, 3, 10),
(11, 4, 1),
(12, 4, 11),
(13, 4, 7),
(14, 5, 7),
(15, 5, 12),
(16, 6, 7),
(17, 6, 12);

-- --------------------------------------------------------

--
-- Table structure for table `pivot_reference_profiles_category_reference_profiles_subcategory`
--

CREATE TABLE IF NOT EXISTS `pivot_reference_profiles_category_reference_profiles_subcategory` (
  `id` bigint(20) NOT NULL AUTO_INCREMENT,
  `id_reference_profile_category` bigint(20) DEFAULT NULL COMMENT 'Справочник: категория профиля.',
  `id_reference_profile_subcategory` bigint(20) DEFAULT NULL COMMENT 'Справчоник подвидов категорий.',
  PRIMARY KEY (`id`),
  KEY `pivot_profiles_subcategory_ibfk_1` (`id_reference_profile_category`),
  KEY `pivot_profiles_subcategory_ibfk_2` (`id_reference_profile_subcategory`)
) ENGINE=InnoDB  DEFAULT CHARSET=utf8 COMMENT='Перекрестная таблица: категории профилей - подвиды категорий профилей.' AUTO_INCREMENT=7 ;

--
-- Dumping data for table `pivot_reference_profiles_category_reference_profiles_subcategory`
--

INSERT INTO `pivot_reference_profiles_category_reference_profiles_subcategory` (`id`, `id_reference_profile_category`, `id_reference_profile_subcategory`) VALUES
(1, 1, 1),
(2, 1, 2),
(3, 2, 3),
(4, 2, 4),
(5, 3, 5),
(6, 3, 6);

-- --------------------------------------------------------

--
-- Table structure for table `pivot_reference_profiles_reference_profile_classifications`
--

CREATE TABLE IF NOT EXISTS `pivot_reference_profiles_reference_profile_classifications` (
  `id` bigint(20) NOT NULL AUTO_INCREMENT,
  `id_reference_profile` bigint(20) DEFAULT NULL COMMENT 'Профиль',
  `id_reference_profile_classification` bigint(20) DEFAULT NULL COMMENT 'Классификация профиля',
  PRIMARY KEY (`id`),
  KEY `pivot_classifications_ibfk_1` (`id_reference_profile`),
  KEY `pivot_classifications_ibfk_2` (`id_reference_profile_classification`)
) ENGINE=InnoDB  DEFAULT CHARSET=utf8 COMMENT='Перекрестная таблица: профили - категории профилей.' AUTO_INCREMENT=28 ;

--
-- Dumping data for table `pivot_reference_profiles_reference_profile_classifications`
--

INSERT INTO `pivot_reference_profiles_reference_profile_classifications` (`id`, `id_reference_profile`, `id_reference_profile_classification`) VALUES
(1, 1, 1),
(2, 1, 2),
(3, 1, 3),
(4, 2, NULL),
(5, 3, 4),
(6, 3, 5),
(7, 3, 6),
(8, 4, 7),
(9, 4, 8),
(10, 4, 9),
(11, 5, 10),
(12, 5, 11),
(13, 6, 12),
(14, 6, 13),
(15, 6, 14),
(16, 6, 15),
(17, 7, 22),
(18, 7, 23),
(19, 7, 24),
(20, 7, 25),
(21, 7, 26),
(22, 8, 16),
(23, 8, 17),
(24, 8, 18),
(25, 9, 19),
(26, 9, 20),
(27, 9, 21);

-- --------------------------------------------------------

--
-- Table structure for table `pivot_unofficial_districts_unofficial_subdistricts`
--

CREATE TABLE IF NOT EXISTS `pivot_unofficial_districts_unofficial_subdistricts` (
  `id` bigint(20) NOT NULL AUTO_INCREMENT,
  `id_reference_city` bigint(20) NOT NULL COMMENT 'Справочник: города',
  `id_reference_unofficial_district` bigint(20) NOT NULL COMMENT 'Справочник неофициальных районов',
  `id_reference_unofficial_subdistrict` bigint(20) DEFAULT NULL COMMENT 'Справочник неофициальных подрайонов',
  PRIMARY KEY (`id`),
  KEY `id_reference_unofficial_district` (`id_reference_unofficial_district`,`id_reference_unofficial_subdistrict`),
  KEY `id_reference_city` (`id_reference_city`),
  KEY `id_reference_unofficial_subdistrict` (`id_reference_unofficial_subdistrict`)
) ENGINE=InnoDB  DEFAULT CHARSET=utf8 COMMENT='Перекрестная таблица: неоф. районы - неоф. подрайоны' AUTO_INCREMENT=246 ;

--
-- Dumping data for table `pivot_unofficial_districts_unofficial_subdistricts`
--

INSERT INTO `pivot_unofficial_districts_unofficial_subdistricts` (`id`, `id_reference_city`, `id_reference_unofficial_district`, `id_reference_unofficial_subdistrict`) VALUES
(1, 1, 1, 1),
(2, 1, 1, 2),
(3, 1, 1, 3),
(4, 1, 1, 4),
(5, 1, 1, 5),
(6, 1, 1, 6),
(7, 1, 1, 7),
(8, 1, 1, 8),
(9, 1, 1, 9),
(10, 1, 1, 10),
(11, 1, 1, 11),
(12, 1, 1, 12),
(13, 1, 1, 13),
(14, 1, 1, 14),
(15, 1, 1, 15),
(16, 1, 1, 16),
(17, 1, 1, 17),
(18, 1, 1, 18),
(19, 1, 1, 19),
(20, 1, 1, 20),
(21, 1, 1, 21),
(22, 1, 1, 22),
(23, 1, 2, 23),
(24, 1, 2, 24),
(25, 1, 2, 25),
(26, 1, 2, 26),
(27, 1, 2, 27),
(28, 1, 2, 28),
(29, 1, 2, 29),
(30, 1, 2, 30),
(31, 1, 2, 31),
(32, 1, 2, 32),
(33, 1, 2, 33),
(34, 1, 2, 34),
(35, 1, 2, 35),
(36, 1, 2, 36),
(37, 1, 2, 37),
(38, 1, 2, 38),
(39, 1, 2, 39),
(40, 1, 2, 40),
(41, 1, 2, 41),
(42, 1, 2, 42),
(43, 1, 2, 43),
(44, 1, 2, 44),
(45, 1, 2, 45),
(46, 1, 2, 46),
(47, 1, 2, 47),
(48, 1, 2, 48),
(49, 1, 2, 49),
(50, 1, 2, 50),
(51, 1, 2, 51),
(52, 1, 3, 52),
(53, 1, 3, 53),
(54, 1, 3, 54),
(55, 1, 3, 55),
(56, 1, 3, 56),
(57, 1, 3, 57),
(58, 1, 3, 58),
(59, 1, 4, 59),
(60, 1, 4, 60),
(61, 1, 4, 61),
(62, 1, 4, 62),
(63, 1, 4, 63),
(64, 1, 4, 64),
(65, 1, 4, 65),
(66, 1, 4, 66),
(67, 1, 5, 67),
(68, 1, 5, 68),
(69, 1, 6, 69),
(70, 1, 6, 70),
(71, 1, 6, 71),
(72, 1, 6, 72),
(73, 1, 6, 73),
(74, 1, 6, 74),
(75, 1, 7, 75),
(76, 1, 7, 76),
(77, 1, 7, 77),
(78, 1, 7, 78),
(79, 1, 8, 79),
(80, 1, 8, 80),
(81, 1, 8, 81),
(82, 1, 8, 82),
(83, 1, 8, 83),
(84, 1, 8, 84),
(85, 1, 8, 85),
(86, 1, 8, 86),
(87, 1, 8, 87),
(88, 1, 8, 88),
(89, 1, 8, 89),
(90, 1, 8, 90),
(91, 1, 8, 91),
(92, 1, 8, 92),
(93, 1, 9, 93),
(94, 1, 9, 94),
(95, 1, 9, 95),
(96, 1, 9, 96),
(97, 1, 9, 97),
(98, 1, 9, 98),
(99, 1, 9, 99),
(100, 1, 9, 100),
(101, 1, 9, 101),
(102, 1, 9, 102),
(103, 1, 9, 103),
(104, 1, 9, 104),
(105, 1, 9, 105),
(106, 1, 9, 106),
(107, 1, 9, 107),
(108, 1, 10, 108),
(109, 1, 10, 109),
(110, 1, 11, 110),
(111, 1, 11, 111),
(112, 1, 11, 112),
(113, 1, 11, 113),
(114, 1, 11, 114),
(115, 1, 11, 115),
(116, 1, 11, 116),
(117, 1, 11, 117),
(118, 1, 11, 118),
(119, 1, 11, 119),
(120, 1, 11, 120),
(121, 1, 12, 121),
(122, 1, 12, 122),
(123, 1, 12, 123),
(124, 1, 12, 124),
(125, 1, 12, 125),
(126, 1, 12, 126),
(127, 1, 12, 127),
(128, 1, 12, 128),
(129, 1, 12, 129),
(130, 1, 13, 67),
(131, 1, 13, 130),
(132, 1, 14, 131),
(133, 1, 14, 132),
(134, 1, 14, 133),
(135, 1, 14, 134),
(136, 1, 14, 78),
(137, 1, 15, 135),
(138, 1, 15, 136),
(139, 1, 15, 137),
(140, 1, 15, 138),
(141, 1, 15, 139),
(142, 1, 15, 140),
(143, 1, 15, 141),
(144, 1, 15, 142),
(145, 1, 16, 143),
(146, 1, 16, 144),
(147, 1, 16, 145),
(148, 1, 16, 146),
(149, 1, 17, 147),
(150, 1, 17, 148),
(151, 1, 17, 149),
(152, 1, 17, 150),
(153, 1, 17, 151),
(154, 1, 18, 152),
(155, 1, 18, 153),
(156, 1, 19, 154),
(157, 1, 19, 155),
(158, 1, 19, 156),
(159, 1, 19, 157),
(160, 1, 19, 100),
(161, 1, 19, 158),
(162, 1, 19, 159),
(163, 1, 19, 160),
(164, 1, 19, 161),
(165, 1, 19, 162),
(166, 1, 19, 163),
(167, 1, 20, 164),
(168, 1, 20, 165),
(169, 1, 20, 166),
(170, 1, 21, NULL),
(171, 2, 1, NULL),
(172, 2, 22, NULL),
(173, 2, 23, NULL),
(174, 2, 24, NULL),
(175, 2, 25, NULL),
(176, 2, 26, NULL),
(177, 2, 27, NULL),
(178, 2, 28, NULL),
(179, 2, 29, NULL),
(180, 2, 30, NULL),
(181, 2, 31, NULL),
(182, 2, 32, NULL),
(183, 2, 33, NULL),
(184, 2, 34, NULL),
(185, 2, 35, NULL),
(186, 2, 36, NULL),
(187, 2, 37, NULL),
(188, 2, 38, NULL),
(189, 2, 39, NULL),
(190, 2, 40, NULL),
(191, 2, 41, NULL),
(192, 2, 42, NULL),
(193, 2, 43, NULL),
(194, 2, 44, NULL),
(195, 2, 45, NULL),
(196, 2, 46, NULL),
(197, 2, 47, NULL),
(198, 2, 19, NULL),
(199, 3, 1, NULL),
(200, 3, 48, NULL),
(201, 3, 49, NULL),
(202, 3, 9, NULL),
(203, 3, 50, NULL),
(204, 3, 51, NULL),
(205, 3, 52, NULL),
(206, 3, 53, NULL),
(207, 3, 54, NULL),
(208, 3, 55, NULL),
(209, 3, 56, NULL),
(210, 3, 57, NULL),
(211, 3, 58, NULL),
(212, 3, 59, NULL),
(213, 3, 60, NULL),
(214, 3, 61, NULL),
(215, 3, 19, NULL),
(216, 4, 62, NULL),
(217, 4, 9, NULL),
(218, 4, 2, NULL),
(219, 4, 1, NULL),
(220, 4, 63, NULL),
(221, 4, 64, NULL),
(222, 4, 65, NULL),
(223, 4, 66, NULL),
(224, 4, 67, NULL),
(225, 4, 68, NULL),
(226, 4, 69, NULL),
(227, 4, 70, NULL),
(228, 4, 60, NULL),
(229, 4, 19, NULL),
(230, 5, 35, NULL),
(231, 5, 2, NULL),
(232, 5, 71, NULL),
(233, 5, 72, NULL),
(234, 5, 73, NULL),
(235, 5, 74, NULL),
(236, 5, 75, NULL),
(237, 5, 76, NULL),
(238, 5, 1, NULL),
(239, 5, 77, NULL),
(240, 5, 78, NULL),
(241, 5, 79, NULL),
(242, 5, 80, NULL),
(243, 5, 81, NULL),
(244, 5, 82, NULL),
(245, 5, 19, NULL);

-- --------------------------------------------------------

--
-- Table structure for table `posts`
--

CREATE TABLE IF NOT EXISTS `posts` (
  `id` bigint(20) NOT NULL AUTO_INCREMENT,
  `post` varchar(50) COLLATE utf8_unicode_ci NOT NULL,
  `id_post_type` bigint(20) DEFAULT NULL,
  PRIMARY KEY (`id`),
  UNIQUE KEY `post_UNIQUE` (`post`),
  KEY `id_post_type` (`id_post_type`)
) ENGINE=InnoDB  DEFAULT CHARSET=utf8 COLLATE=utf8_unicode_ci AUTO_INCREMENT=43 ;

--
-- Dumping data for table `posts`
--

INSERT INTO `posts` (`id`, `post`, `id_post_type`) VALUES
(5, 'Секретарь', 3),
(6, 'Агент', 1),
(7, 'Управляющий', 2),
(8, 'Директор', 2),
(9, 'Заместитель генерального директора', 2),
(10, 'Генеральный директор', 2),
(11, 'Акционер', 4),
(12, 'Менеджер по персоналу', 3),
(13, 'Бухгалтер', 5),
(14, 'Инспектор отдела кадров', 3),
(17, 'Менежер по рекламе', 3),
(18, 'Сотрудник IT отдела', 3),
(19, 'руководитель СЮО', 3),
(23, 'Руководитель службы персонала', 3),
(24, 'Офис-менеджер', 2),
(25, 'Главный бухгалтер', 5),
(26, 'кассир', 5),
(27, 'SMM- специалист', 3),
(36, 'Новая руководящая должность', 2),
(37, 'Новая', 1),
(38, 'qw12', 1),
(40, 'zzz', 1),
(41, 'Новенькая должность', 1),
(42, 'й3', 1);

-- --------------------------------------------------------

--
-- Table structure for table `posts_categories`
--

CREATE TABLE IF NOT EXISTS `posts_categories` (
  `id` bigint(20) NOT NULL AUTO_INCREMENT,
  `id_post` bigint(20) NOT NULL,
  `id_category` bigint(20) DEFAULT NULL,
  PRIMARY KEY (`id`),
  KEY `id_post` (`id_post`),
  KEY `id_category` (`id_category`)
) ENGINE=InnoDB  DEFAULT CHARSET=utf8 AUTO_INCREMENT=134 ;

--
-- Dumping data for table `posts_categories`
--

INSERT INTO `posts_categories` (`id`, `id_post`, `id_category`) VALUES
(1, 5, 4),
(2, 5, 5),
(3, 5, 6),
(4, 6, 7),
(7, 6, 10),
(9, 6, 12),
(11, 6, 14),
(12, 6, 15),
(13, 6, 16),
(14, 6, 17),
(16, 6, 19),
(17, 6, 20),
(18, 6, 21),
(19, 6, 22),
(20, 6, 23),
(21, 7, 26),
(22, 7, 27),
(23, 7, 28),
(24, 8, 29),
(25, 8, 30),
(26, 8, 31),
(27, 9, 32),
(28, 9, 33),
(29, 9, 34),
(30, 9, 35),
(31, 9, 36),
(32, 9, 37),
(33, 10, NULL),
(35, 12, NULL),
(36, 13, NULL),
(37, 14, NULL),
(40, 17, NULL),
(41, 18, 38),
(42, 18, 39),
(43, 19, 40),
(44, 19, 41),
(45, 19, 42),
(51, 6, 48),
(52, 6, 49),
(53, 6, 50),
(54, 23, NULL),
(55, 36, NULL),
(56, 27, NULL),
(89, 11, NULL),
(90, 37, NULL),
(93, 40, NULL),
(95, 11, 115),
(96, 11, 116),
(97, 11, 117),
(98, 38, 118),
(99, 38, 119),
(100, 38, 120),
(101, 38, 121),
(103, 38, 123),
(130, 38, 141),
(131, 41, NULL),
(132, 38, 142),
(133, 42, NULL);

-- --------------------------------------------------------

--
-- Table structure for table `posts_types`
--

CREATE TABLE IF NOT EXISTS `posts_types` (
  `id` bigint(20) NOT NULL AUTO_INCREMENT,
  `post_type` varchar(100) NOT NULL,
  PRIMARY KEY (`id`)
) ENGINE=InnoDB  DEFAULT CHARSET=utf8 AUTO_INCREMENT=6 ;

--
-- Dumping data for table `posts_types`
--

INSERT INTO `posts_types` (`id`, `post_type`) VALUES
(1, 'Агент'),
(2, 'Руководящая должность'),
(3, 'ИТР'),
(4, 'Акционеры'),
(5, 'Сотрудник офиса');

-- --------------------------------------------------------

--
-- Table structure for table `promotion`
--

CREATE TABLE IF NOT EXISTS `promotion` (
  `id` bigint(10) NOT NULL AUTO_INCREMENT,
  `name` varchar(100) NOT NULL COMMENT 'Наименование акции',
  `cost` double NOT NULL COMMENT 'Стоимость акции',
  `date_from` timestamp NULL DEFAULT NULL COMMENT 'Дата с',
  `date_to` timestamp NULL DEFAULT NULL COMMENT 'Дата по',
  `comment` text NOT NULL COMMENT 'Комментарий',
  `id_employee` bigint(10) NOT NULL COMMENT 'Сотрудник, добавивший акцию',
  `created_at` timestamp NULL DEFAULT NULL,
  `updated_at` timestamp NULL DEFAULT NULL,
  PRIMARY KEY (`id`),
  KEY `id_employee` (`id_employee`)
) ENGINE=InnoDB  DEFAULT CHARSET=utf8 AUTO_INCREMENT=2 ;

--
-- Dumping data for table `promotion`
--

INSERT INTO `promotion` (`id`, `name`, `cost`, `date_from`, `date_to`, `comment`, `id_employee`, `created_at`, `updated_at`) VALUES
(1, 'Акция 1', 1558, NULL, NULL, '###', 1, NULL, NULL);

-- --------------------------------------------------------

--
-- Table structure for table `prorings`
--

CREATE TABLE IF NOT EXISTS `prorings` (
  `id` bigint(10) NOT NULL AUTO_INCREMENT,
  `id_realestate` bigint(10) NOT NULL COMMENT 'Объект недвижимости',
  `date_proring` timestamp NULL DEFAULT NULL COMMENT 'Дата прозвона',
  `date_removing` timestamp NULL DEFAULT NULL COMMENT 'До какой даты снят',
  `proring_comment` text COMMENT 'Комментарий',
  `id_result` bigint(10) DEFAULT NULL COMMENT 'Результат прозвона',
  `created_at` timestamp NULL DEFAULT NULL,
  `updated_at` timestamp NULL DEFAULT NULL,
  PRIMARY KEY (`id`),
  KEY `id_realestate` (`id_realestate`),
  KEY `result` (`id_result`)
) ENGINE=InnoDB  DEFAULT CHARSET=utf8 COMMENT='Таблица с прозвонами' AUTO_INCREMENT=4 ;

--
-- Dumping data for table `prorings`
--

INSERT INTO `prorings` (`id`, `id_realestate`, `date_proring`, `date_removing`, `proring_comment`, `id_result`, `created_at`, `updated_at`) VALUES
(3, 47, NULL, NULL, NULL, NULL, NULL, NULL);

-- --------------------------------------------------------

--
-- Table structure for table `publication_site_info`
--

CREATE TABLE IF NOT EXISTS `publication_site_info` (
  `id` bigint(10) NOT NULL AUTO_INCREMENT,
  `id_realestate` bigint(10) NOT NULL COMMENT 'Объект недвижимости',
  `date_moderation` timestamp NULL DEFAULT '0000-00-00 00:00:00' COMMENT 'Дата модерации',
  `is_awaiting_moderation` tinyint(1) NOT NULL COMMENT 'Флажок: ожидает модерации',
  `is_denied` tinyint(1) DEFAULT NULL COMMENT 'Отклонено?',
  `reason_denied` varchar(255) NOT NULL COMMENT 'Причина отклонения',
  `created_at` timestamp NULL DEFAULT NULL,
  `updated_at` timestamp NULL DEFAULT NULL,
  PRIMARY KEY (`id`),
  UNIQUE KEY `id_realestate` (`id_realestate`)
) ENGINE=InnoDB  DEFAULT CHARSET=utf8 COMMENT='Публикация на сайте' AUTO_INCREMENT=99 ;

--
-- Dumping data for table `publication_site_info`
--

INSERT INTO `publication_site_info` (`id`, `id_realestate`, `date_moderation`, `is_awaiting_moderation`, `is_denied`, `reason_denied`, `created_at`, `updated_at`) VALUES
(1, 86, '0000-00-00 00:00:00', 1, NULL, '', NULL, NULL),
(2, 87, '0000-00-00 00:00:00', 1, NULL, '', NULL, NULL),
(3, 115, '0000-00-00 00:00:00', 1, NULL, '', NULL, NULL),
(4, 117, '0000-00-00 00:00:00', 1, NULL, '', NULL, NULL),
(5, 118, '0000-00-00 00:00:00', 1, NULL, '', NULL, NULL),
(6, 119, '0000-00-00 00:00:00', 1, NULL, '', NULL, NULL),
(7, 173, '0000-00-00 00:00:00', 1, NULL, '', NULL, NULL),
(8, 175, '0000-00-00 00:00:00', 1, NULL, '', NULL, NULL),
(9, 176, '0000-00-00 00:00:00', 1, NULL, '', NULL, NULL),
(10, 181, '0000-00-00 00:00:00', 1, NULL, '', NULL, NULL),
(11, 182, '0000-00-00 00:00:00', 1, NULL, '', NULL, NULL),
(12, 183, '0000-00-00 00:00:00', 1, NULL, '', NULL, NULL),
(13, 184, '0000-00-00 00:00:00', 1, NULL, '', NULL, NULL),
(14, 185, '0000-00-00 00:00:00', 1, NULL, '', NULL, NULL),
(15, 186, '0000-00-00 00:00:00', 1, NULL, '', NULL, NULL),
(16, 187, '0000-00-00 00:00:00', 1, NULL, '', NULL, NULL),
(17, 188, '0000-00-00 00:00:00', 1, NULL, '', NULL, NULL),
(18, 204, '0000-00-00 00:00:00', 1, NULL, '', NULL, NULL),
(19, 252, '0000-00-00 00:00:00', 1, NULL, '', NULL, NULL),
(20, 254, '0000-00-00 00:00:00', 1, NULL, '', NULL, NULL),
(21, 255, '0000-00-00 00:00:00', 1, NULL, '', NULL, NULL),
(22, 256, '0000-00-00 00:00:00', 1, NULL, '', NULL, NULL),
(23, 258, '0000-00-00 00:00:00', 1, NULL, '', NULL, NULL),
(24, 259, '0000-00-00 00:00:00', 1, NULL, '', NULL, NULL),
(25, 261, '0000-00-00 00:00:00', 1, NULL, '', NULL, NULL),
(26, 262, '0000-00-00 00:00:00', 1, NULL, '', NULL, NULL),
(27, 263, '0000-00-00 00:00:00', 1, NULL, '', NULL, NULL),
(28, 264, '0000-00-00 00:00:00', 1, NULL, '', NULL, NULL),
(29, 265, '0000-00-00 00:00:00', 1, NULL, '', NULL, NULL),
(30, 266, '0000-00-00 00:00:00', 1, NULL, '', NULL, NULL),
(31, 267, '0000-00-00 00:00:00', 1, NULL, '', NULL, NULL),
(32, 269, '0000-00-00 00:00:00', 1, NULL, '', NULL, NULL),
(33, 270, '0000-00-00 00:00:00', 1, NULL, '', NULL, NULL),
(34, 271, '0000-00-00 00:00:00', 1, NULL, '', NULL, NULL),
(35, 272, '0000-00-00 00:00:00', 1, NULL, '', NULL, NULL),
(36, 273, '0000-00-00 00:00:00', 1, NULL, '', NULL, NULL),
(37, 274, '0000-00-00 00:00:00', 1, NULL, '', NULL, NULL),
(38, 275, '0000-00-00 00:00:00', 1, NULL, '', NULL, NULL),
(39, 276, '0000-00-00 00:00:00', 1, NULL, '', NULL, NULL),
(40, 277, '0000-00-00 00:00:00', 1, NULL, '', NULL, NULL),
(41, 278, '0000-00-00 00:00:00', 1, NULL, '', NULL, NULL),
(42, 279, '0000-00-00 00:00:00', 1, NULL, '', NULL, NULL),
(43, 280, '0000-00-00 00:00:00', 1, NULL, '', NULL, NULL),
(44, 281, '0000-00-00 00:00:00', 1, NULL, '', NULL, NULL),
(45, 282, '0000-00-00 00:00:00', 1, NULL, '', NULL, NULL),
(46, 283, '0000-00-00 00:00:00', 1, NULL, '', NULL, NULL),
(47, 284, '0000-00-00 00:00:00', 1, NULL, '', NULL, NULL),
(48, 285, '0000-00-00 00:00:00', 1, NULL, '', NULL, NULL),
(49, 286, '0000-00-00 00:00:00', 1, NULL, '', NULL, NULL),
(50, 287, '0000-00-00 00:00:00', 1, NULL, '', NULL, NULL),
(51, 288, '0000-00-00 00:00:00', 1, NULL, '', NULL, NULL),
(52, 289, '0000-00-00 00:00:00', 1, NULL, '', NULL, NULL),
(53, 290, '0000-00-00 00:00:00', 1, NULL, '', NULL, NULL),
(54, 291, '0000-00-00 00:00:00', 1, NULL, '', NULL, NULL),
(55, 292, '0000-00-00 00:00:00', 1, NULL, '', NULL, NULL),
(56, 293, '0000-00-00 00:00:00', 1, NULL, '', NULL, NULL),
(57, 294, '0000-00-00 00:00:00', 1, NULL, '', NULL, NULL),
(58, 295, '0000-00-00 00:00:00', 1, NULL, '', NULL, NULL),
(59, 296, '0000-00-00 00:00:00', 1, NULL, '', NULL, NULL),
(60, 297, '0000-00-00 00:00:00', 1, NULL, '', NULL, NULL),
(61, 298, '0000-00-00 00:00:00', 1, NULL, '', NULL, NULL),
(62, 299, '0000-00-00 00:00:00', 1, NULL, '', NULL, NULL),
(63, 300, '0000-00-00 00:00:00', 1, NULL, '', NULL, NULL),
(64, 301, '0000-00-00 00:00:00', 1, NULL, '', NULL, NULL),
(65, 303, '0000-00-00 00:00:00', 1, NULL, '', NULL, NULL),
(66, 304, '0000-00-00 00:00:00', 1, NULL, '', NULL, NULL),
(67, 305, '0000-00-00 00:00:00', 1, NULL, '', NULL, NULL),
(68, 306, '0000-00-00 00:00:00', 1, NULL, '', NULL, NULL),
(69, 312, '0000-00-00 00:00:00', 1, NULL, '', NULL, NULL),
(70, 313, '0000-00-00 00:00:00', 1, NULL, '', NULL, NULL),
(71, 314, '0000-00-00 00:00:00', 1, NULL, '', NULL, NULL),
(72, 315, '0000-00-00 00:00:00', 1, NULL, '', NULL, NULL),
(73, 316, '0000-00-00 00:00:00', 1, NULL, '', NULL, NULL),
(74, 320, '0000-00-00 00:00:00', 1, NULL, '', NULL, NULL),
(75, 321, '0000-00-00 00:00:00', 1, NULL, '', NULL, NULL),
(76, 322, '0000-00-00 00:00:00', 1, NULL, '', NULL, NULL),
(77, 323, '0000-00-00 00:00:00', 1, NULL, '', NULL, NULL),
(78, 324, '0000-00-00 00:00:00', 1, NULL, '', NULL, NULL),
(79, 326, '0000-00-00 00:00:00', 1, NULL, '', NULL, NULL),
(80, 331, '0000-00-00 00:00:00', 1, NULL, '', NULL, NULL),
(81, 332, '0000-00-00 00:00:00', 1, NULL, '', NULL, NULL),
(82, 333, '0000-00-00 00:00:00', 1, NULL, '', NULL, NULL),
(83, 334, '0000-00-00 00:00:00', 1, NULL, '', NULL, NULL),
(84, 335, '0000-00-00 00:00:00', 1, NULL, '', NULL, NULL),
(85, 336, '0000-00-00 00:00:00', 1, NULL, '', NULL, NULL),
(86, 337, '0000-00-00 00:00:00', 1, NULL, '', NULL, NULL),
(87, 338, '0000-00-00 00:00:00', 1, NULL, '', NULL, NULL),
(88, 339, '0000-00-00 00:00:00', 1, NULL, '', NULL, NULL),
(89, 340, '0000-00-00 00:00:00', 1, NULL, '', NULL, NULL),
(90, 341, '0000-00-00 00:00:00', 1, NULL, '', NULL, NULL),
(91, 345, '0000-00-00 00:00:00', 1, NULL, '', NULL, NULL),
(92, 346, '0000-00-00 00:00:00', 1, NULL, '', NULL, NULL),
(93, 347, '0000-00-00 00:00:00', 1, NULL, '', NULL, NULL),
(94, 348, '0000-00-00 00:00:00', 1, NULL, '', NULL, NULL),
(95, 349, '0000-00-00 00:00:00', 1, NULL, '', NULL, NULL),
(96, 350, '0000-00-00 00:00:00', 1, NULL, '', NULL, NULL),
(97, 351, '0000-00-00 00:00:00', 1, NULL, '', NULL, NULL),
(98, 352, '0000-00-00 00:00:00', 1, NULL, '', NULL, NULL);

-- --------------------------------------------------------

--
-- Table structure for table `realestate`
--

CREATE TABLE IF NOT EXISTS `realestate` (
  `id` bigint(10) NOT NULL AUTO_INCREMENT,
  `realestate_instance_id` bigint(10) DEFAULT NULL COMMENT 'Полиморфическое поле. id конкретного типа недвижимости.',
  `realestate_number` varchar(25) DEFAULT NULL,
  `realestate_instance_type` tinytext COMMENT 'Полиморфическое поле. Тип конкретного типа недвижимости.',
  `id_address` bigint(10) DEFAULT NULL COMMENT 'Объект адреса',
  `id_status_realestate` bigint(10) DEFAULT NULL COMMENT 'Статус типа недвижимости.',
  `is_exclusive` tinyint(1) DEFAULT NULL COMMENT 'Является ли эксклюзивным (подписан ли договор эксклюзива)',
  `is_firm` tinyint(1) DEFAULT NULL COMMENT 'Является ли контактное лицо фирмой',
  `comment` text COMMENT 'Комментарий об объекте недвижимости',
  `advertising_text` text COMMENT 'Текст, выводимый на сайте о данном объекте недвижимости',
  `id_source` bigint(10) DEFAULT NULL COMMENT 'Источник типа недвижимости',
  `cover_name` varchar(255) DEFAULT NULL COMMENT 'Название файла-обложки',
  `cover_src` varchar(255) DEFAULT NULL COMMENT 'Путь к файлу-обложке',
  `id_employee_assigned` bigint(10) DEFAULT NULL COMMENT 'Сотрудник, закрепленный за этим объектом недвижимости',
  `id_employee_create` bigint(10) DEFAULT NULL COMMENT 'Сотрудник, добавивший этот объект недвижимости',
  `sell_price` bigint(20) DEFAULT NULL COMMENT 'Цена продажи (заполняется по совершению сделки)',
  `is_mortgage` tinyint(1) DEFAULT NULL COMMENT 'Флажок: есть ипотека (1), нет ипотеки (0)',
  `credit_bank` varchar(255) DEFAULT NULL COMMENT 'Кредитующий банк (заполняется по совершению сделки)',
  `mortgage_loan_value` bigint(20) DEFAULT NULL COMMENT 'Размер ипотечной ссуды (заполняется по совершению сделки)',
  `commission_value` int(10) DEFAULT NULL COMMENT 'Сумма комиссии агенства.',
  `created_at` timestamp NULL DEFAULT NULL,
  `updated_at` timestamp NULL DEFAULT NULL,
  PRIMARY KEY (`id`),
  UNIQUE KEY `realestate_number` (`realestate_number`) USING BTREE,
  KEY `id_realestate_type` (`realestate_instance_id`),
  KEY `id_status_realestate` (`id_status_realestate`),
  KEY `id_employee_assigned` (`id_employee_assigned`),
  KEY `id_employee_create` (`id_employee_create`),
  KEY `id_source` (`id_source`),
  KEY `id_adress` (`id_address`)
) ENGINE=InnoDB  DEFAULT CHARSET=utf8 COMMENT='Общая таблица, содержащая базовую информацию об объектах недвижимости. Содержит полиморфическую связь для 2 и 3 столбца.' AUTO_INCREMENT=360 ;

--
-- Triggers `realestate`
--
DROP TRIGGER IF EXISTS `landlord_new_db`.`before_insert_realestate`;
DELIMITER //
CREATE TRIGGER `landlord_new_db`.`before_insert_realestate` BEFORE INSERT ON `landlord_new_db`.`realestate`
 FOR EACH ROW BEGIN
    IF ( new.created_at IS NULL) THEN
        SET new.created_at = now();
    END IF;
END
//
DELIMITER ;
DROP TRIGGER IF EXISTS `landlord_new_db`.`before_update_realestate`;
DELIMITER //
CREATE TRIGGER `landlord_new_db`.`before_update_realestate` BEFORE UPDATE ON `landlord_new_db`.`realestate`
 FOR EACH ROW BEGIN
    IF ( new.updated_at IS NULL) THEN
        SET new.updated_at = now();
    END IF;
END
//
DELIMITER ;

--
-- Dumping data for table `realestate`
--

INSERT INTO `realestate` (`id`, `realestate_instance_id`, `realestate_number`, `realestate_instance_type`, `id_address`, `id_status_realestate`, `is_exclusive`, `is_firm`, `comment`, `advertising_text`, `id_source`, `cover_name`, `cover_src`, `id_employee_assigned`, `id_employee_create`, `sell_price`, `is_mortgage`, `credit_bank`, `mortgage_loan_value`, `commission_value`, `created_at`, `updated_at`) VALUES
(4, 123, '57AB0FD901', 'App\\Models\\Realestate\\Realestate_Apartment', 53, 4, 0, 1, 'asds', NULL, 1, NULL, NULL, 43, 1, NULL, NULL, NULL, NULL, NULL, '2016-08-10 14:28:25', '2016-08-29 09:54:01'),
(47, 11, '577B5A8101', 'App\\Models\\Realestate\\Realestate_Apartment', 9, 4, 0, 1, 'Комментарий', 'Текст на сайте', 2, '0.jpg', 'public/realestate/photos/47/0.jpg', 1, 1, NULL, NULL, NULL, NULL, NULL, '2016-07-05 09:58:09', '2016-08-02 12:26:36'),
(48, 2, '577B5BDA01', 'App\\Models\\Realestate\\Realestate_Commercial', 1, 4, 0, 1, '', '', 2, '0.jpg', 'public/realestate/photos/48/0.jpg', 1, 1, NULL, NULL, NULL, NULL, NULL, '2016-07-05 10:03:54', '2016-07-05 10:03:54'),
(49, 3, '577B5C2F01', 'App\\Models\\Realestate\\Realestate_Commercial', 2, 4, 0, 0, '', '', 1, '0.jpg', 'public/realestate/photos/49/0.jpg', 1, 1, NULL, NULL, NULL, NULL, NULL, '2016-07-05 10:05:19', '2016-07-05 10:05:19'),
(50, 12, '577B5C9901', 'App\\Models\\Realestate\\Realestate_Apartment', 11, 4, 1, 0, NULL, NULL, 1, '0.jpg', 'public/realestate/photos/50/0.jpg', 1, 1, NULL, NULL, NULL, NULL, NULL, '2016-07-05 10:07:05', '2016-08-02 11:37:58'),
(51, 13, '577B5DB001', 'App\\Models\\Realestate\\Realestate_Apartment', 12, 4, 0, 1, NULL, NULL, 1, '0.jpg', 'public/realestate/photos/51/0.jpg', 1, 1, NULL, NULL, NULL, NULL, NULL, '2016-07-05 10:11:44', '2016-08-02 10:55:08'),
(52, 13, '577B5FA501', 'App\\Models\\Realestate\\Realestate_Rent', 13, 4, 0, 0, '', '', 2, '1.jpg', 'public/realestate/photos/52/0.jpg', 4, 1, NULL, NULL, NULL, NULL, NULL, '2016-07-05 10:20:05', '2016-07-05 10:20:05'),
(53, 14, '577B607401', 'App\\Models\\Realestate\\Realestate_Rent', 14, 4, 0, 0, '', '', 2, '0.jpg', 'public/realestate/photos/51/0.jpg', 4, 1, NULL, NULL, NULL, NULL, NULL, '2016-07-05 10:23:32', '2016-07-05 10:23:32'),
(54, 10, '577B63E901', 'App\\Models\\Realestate\\Realestate_Households', 7, 4, 0, 0, '', '', 2, '0.jpg', 'public/realestate/photos/54/0.jpg', NULL, 1, NULL, NULL, NULL, NULL, NULL, '2016-07-05 10:38:17', '2016-08-10 15:55:45'),
(55, 14, '577BB9AE01', 'App\\Models\\Realestate\\Realestate_Land', 15, 4, 0, 1, NULL, NULL, 2, '0.jpg', 'public/realestate/photos/55/0.jpg', 4, 1, NULL, NULL, NULL, NULL, NULL, '2016-07-05 16:44:14', '2016-08-02 09:13:16'),
(56, 14, '577E667501', 'App\\Models\\Realestate\\Realestate_Apartment', 16, 4, 0, 0, 'Документы готовы для ипотеки. Сделка нотариальная - несоверш. собственник.', NULL, 2, '0.jpg', 'public/realestate/photos/56/0.jpg', 4, 1, NULL, NULL, NULL, NULL, NULL, '2016-07-07 17:25:57', '2016-08-02 10:55:36'),
(57, 15, '5780D3C701', 'App\\Models\\Realestate\\Realestate_Apartment', 17, 4, 0, 0, '111', '', 2, '0.jpg', 'public/realestate/photos/57/0.jpg', 4, 1, NULL, NULL, NULL, NULL, NULL, '2016-07-09 13:36:55', '2016-07-09 13:36:55'),
(58, 16, '57973E7901', 'App\\Models\\Realestate\\Realestate_Apartment', 19, 4, 0, 1, NULL, NULL, 1, '', '', 43, 1, NULL, NULL, NULL, NULL, NULL, '2016-07-26 13:42:01', '2016-08-29 09:54:01'),
(59, 17, '57973EF501', 'App\\Models\\Realestate\\Realestate_Apartment', 22, 4, 0, 1, '123', '123', 1, '', '', 1, 1, NULL, NULL, NULL, NULL, NULL, '2016-07-26 13:44:05', '2016-07-26 13:44:05'),
(60, 18, '57973F8101', 'App\\Models\\Realestate\\Realestate_Apartment', 24, 4, 0, 1, '123', '123', 1, '0.jpg', 'public/realestate/photos/60/0.jpg', 43, 1, NULL, NULL, NULL, NULL, NULL, '2016-07-26 13:46:25', '2016-08-29 09:54:01'),
(61, 18, '5797437F01', 'App\\Models\\Realestate\\Realestate_Rent', 25, 4, 0, 0, 'Комментарий', 'На сайте', 2, '0.jpg', 'public/realestate/photos/61/0.jpg', 1, 1, NULL, NULL, NULL, NULL, NULL, '2016-07-26 14:03:27', '2016-08-02 09:16:58'),
(62, 16, '5797478B01', 'App\\Models\\Realestate\\Realestate_Households', 20, 4, 0, 1, '', '', 1, '0.jpg', 'public/realestate/photos/62/0.jpg', 1, 1, NULL, NULL, NULL, NULL, NULL, '2016-07-26 14:20:43', '2016-07-26 14:20:43'),
(63, 15, '5797481601', 'App\\Models\\Realestate\\Realestate_Land', 18, 4, 0, 1, 'Комментарий', 'На сайте', 2, '0.jpg', 'public/realestate/photos/63/0.jpg', 1, 1, NULL, NULL, NULL, NULL, NULL, '2016-07-26 14:23:02', '2016-07-26 14:23:03'),
(64, 5, '579748EA01', 'App\\Models\\Realestate\\Realestate_Commercial', 3, 4, 0, 1, 'Комментарий', 'На сайте', 2, '0.jpg', 'public/realestate/photos/64/0.jpg', 1, 1, NULL, NULL, NULL, NULL, NULL, '2016-07-26 14:26:34', '2016-07-26 14:26:34'),
(65, 17, '57974A2201', 'App\\Models\\Realestate\\Realestate_Households', 23, 4, 0, 1, '', '', 2, '0.jpg', 'public/realestate/photos/65/0.jpg', 1, 1, NULL, NULL, NULL, NULL, NULL, '2016-07-26 14:31:46', '2016-07-26 14:31:46'),
(66, 18, '57974A6501', 'App\\Models\\Realestate\\Realestate_Households', 26, 4, 0, 1, 'Комментарий', 'На сайте', 2, '0.jpg', 'public/realestate/photos/66/0.jpg', 1, 1, NULL, NULL, NULL, NULL, NULL, '2016-07-26 14:32:53', '2016-07-26 14:32:53'),
(67, 99, '579F13A201', 'App\\Models\\Realestate\\Realestate_Apartment', 48, 4, 0, 0, 'DGSRG', 'GSRGSEG', 2, '0.jpg', 'public/realestate/photos/67/0.jpg', 1, 26, NULL, NULL, NULL, NULL, NULL, '2016-08-01 12:17:22', '2016-08-03 11:49:32'),
(68, 100, '57A2F54C01', 'App\\Models\\Realestate\\Realestate_Apartment', 49, 4, 0, 0, NULL, 'ыуафуайкйцв]ысфывВ', 1, NULL, NULL, 1, 26, NULL, NULL, NULL, NULL, NULL, '2016-08-04 10:57:00', '2016-08-04 10:57:00'),
(69, 101, '57A2F55D01', 'App\\Models\\Realestate\\Realestate_Apartment', 50, 4, 0, 0, NULL, NULL, 2, '0.jpg', 'public/realestate/photos/69/0.jpg', 43, 1, NULL, NULL, NULL, NULL, NULL, '2016-08-04 14:18:55', '2016-08-29 09:54:01'),
(70, 102, '57A324EE01', 'App\\Models\\Realestate\\Realestate_Apartment', 51, 4, 0, 0, NULL, '', 2, NULL, NULL, 43, 1, NULL, NULL, NULL, NULL, NULL, '2016-08-04 14:20:14', '2016-08-29 09:54:01'),
(71, 103, '57A32C0B01', 'App\\Models\\Realestate\\Realestate_Apartment', 52, 4, 0, 0, NULL, '', 2, NULL, NULL, 43, 1, NULL, NULL, NULL, NULL, NULL, '2016-08-04 14:50:35', '2016-08-29 09:54:01'),
(73, 124, '57AB121801', 'App\\Models\\Realestate\\Realestate_Apartment', 54, 4, 0, 1, 'asds', NULL, 1, NULL, NULL, 43, 1, NULL, NULL, NULL, NULL, NULL, '2016-08-10 14:38:00', '2016-08-29 09:54:01'),
(74, 125, '57AB121B01', 'App\\Models\\Realestate\\Realestate_Apartment', 55, 4, 0, 1, 'asds', NULL, 1, NULL, NULL, 43, 1, NULL, NULL, NULL, NULL, NULL, '2016-08-10 14:38:03', '2016-08-29 09:54:01'),
(75, 126, '57AB123001', 'App\\Models\\Realestate\\Realestate_Apartment', 56, 4, 0, 1, 'asds', NULL, 1, NULL, NULL, 43, 1, NULL, NULL, NULL, NULL, NULL, '2016-08-10 14:38:24', '2016-08-29 09:54:01'),
(76, 127, '57AB123901', 'App\\Models\\Realestate\\Realestate_Apartment', 57, 4, 0, 1, 'asds', NULL, 1, NULL, NULL, 43, 1, NULL, NULL, NULL, NULL, NULL, '2016-08-10 14:38:33', '2016-08-29 09:54:01'),
(77, 128, '57AB126301', 'App\\Models\\Realestate\\Realestate_Apartment', 58, 4, 0, 1, 'asds', NULL, 1, NULL, NULL, 43, 1, NULL, NULL, NULL, NULL, NULL, '2016-08-10 14:39:15', '2016-08-29 09:54:01'),
(78, 129, '57AB129001', 'App\\Models\\Realestate\\Realestate_Apartment', 59, 4, 0, 1, 'asds', NULL, 1, NULL, NULL, 43, 1, NULL, NULL, NULL, NULL, NULL, '2016-08-10 14:40:00', '2016-08-29 09:54:01'),
(79, 130, '57AB129101', 'App\\Models\\Realestate\\Realestate_Apartment', 60, 4, 0, 1, 'asds', NULL, 1, NULL, NULL, 43, 1, NULL, NULL, NULL, NULL, NULL, '2016-08-10 14:40:01', '2016-08-29 09:54:01'),
(80, 131, '57AB131D01', 'App\\Models\\Realestate\\Realestate_Apartment', 61, 4, 0, 1, 'asds', NULL, 1, NULL, NULL, 43, 1, NULL, NULL, NULL, NULL, NULL, '2016-08-10 14:42:21', '2016-08-29 09:54:01'),
(81, 132, '57AB133901', 'App\\Models\\Realestate\\Realestate_Apartment', 62, 4, 0, 1, 'asds', NULL, 1, NULL, NULL, 43, 1, NULL, NULL, NULL, NULL, NULL, '2016-08-10 14:42:49', '2016-08-29 09:54:01'),
(82, 133, '57AB13EA01', 'App\\Models\\Realestate\\Realestate_Apartment', 63, 4, 0, 1, 'asds', NULL, 1, NULL, NULL, 43, 1, NULL, NULL, NULL, NULL, NULL, '2016-08-10 14:45:46', '2016-08-29 09:54:01'),
(83, 134, '57AB13EB01', 'App\\Models\\Realestate\\Realestate_Apartment', 64, 4, 0, 1, 'asds', NULL, 1, NULL, NULL, 43, 1, NULL, NULL, NULL, NULL, NULL, '2016-08-10 14:45:47', '2016-08-29 09:54:01'),
(84, 135, '57AB148B01', 'App\\Models\\Realestate\\Realestate_Apartment', 65, 4, 0, 1, 'asds', NULL, 1, NULL, NULL, 43, 1, NULL, NULL, NULL, NULL, NULL, '2016-08-10 14:48:27', '2016-08-29 09:54:01'),
(85, 136, '57AB148F01', 'App\\Models\\Realestate\\Realestate_Apartment', 66, 4, 0, 1, 'asds', NULL, 1, NULL, NULL, 43, 1, NULL, NULL, NULL, NULL, NULL, '2016-08-10 14:48:31', '2016-08-29 09:54:01'),
(86, 137, '57AB14C401', 'App\\Models\\Realestate\\Realestate_Apartment', 67, 4, 0, 1, 'asds', NULL, 1, NULL, NULL, 43, 1, NULL, NULL, NULL, NULL, NULL, '2016-08-10 14:49:24', '2016-08-29 09:54:01'),
(87, 142, '57AB198F01', 'App\\Models\\Realestate\\Realestate_Apartment', 68, 4, 0, 1, 'asds', NULL, 1, NULL, NULL, 43, 1, NULL, NULL, NULL, NULL, NULL, '2016-08-10 15:09:51', '2016-08-29 09:54:01'),
(88, 145, '57AB1AA401', 'App\\Models\\Realestate\\Realestate_Apartment', 69, 4, 0, 1, 'qwewq', 'wqeqwe', 1, NULL, NULL, 43, 1, NULL, NULL, NULL, NULL, NULL, '2016-08-10 15:14:28', '2016-08-29 09:54:01'),
(89, 146, '57AB1B2C01', 'App\\Models\\Realestate\\Realestate_Apartment', 70, 4, 0, 1, 'qwewq', 'wqeqwe', 1, NULL, NULL, 43, 1, NULL, NULL, NULL, NULL, NULL, '2016-08-10 15:16:44', '2016-08-29 09:54:01'),
(90, 147, '57AB1B4B01', 'App\\Models\\Realestate\\Realestate_Apartment', 71, 4, 0, 1, 'qwewq', 'wqeqwe', 1, NULL, NULL, 43, 1, NULL, NULL, NULL, NULL, NULL, '2016-08-10 15:17:15', '2016-08-29 09:54:01'),
(91, 148, '57AB1C9C01', 'App\\Models\\Realestate\\Realestate_Apartment', 72, 4, 0, 1, 'qwewq', 'wqeqwe', 1, NULL, NULL, 43, 1, NULL, NULL, NULL, NULL, NULL, '2016-08-10 15:22:52', '2016-08-29 09:54:01'),
(92, 149, '57AB1CBB01', 'App\\Models\\Realestate\\Realestate_Apartment', 73, 4, 0, 1, 'qwewq', 'wqeqwe', 1, NULL, NULL, 43, 1, NULL, NULL, NULL, NULL, NULL, '2016-08-10 15:23:23', '2016-08-29 09:54:01'),
(93, 150, '57AB1D9801', 'App\\Models\\Realestate\\Realestate_Apartment', 74, 4, 0, 1, 'qwewq', 'wqeqwe', 1, NULL, NULL, 43, 1, NULL, NULL, NULL, NULL, NULL, '2016-08-10 15:27:04', '2016-08-29 09:54:01'),
(94, 151, '57AB1DAB01', 'App\\Models\\Realestate\\Realestate_Apartment', 75, 4, 0, 1, 'qwewq', 'wqeqwe', 1, NULL, NULL, 43, 1, NULL, NULL, NULL, NULL, NULL, '2016-08-10 15:27:23', '2016-08-29 09:54:01'),
(95, 152, '57AB1DE301', 'App\\Models\\Realestate\\Realestate_Apartment', 76, 4, 0, 1, 'qwewq', 'wqeqwe', 1, NULL, NULL, 43, 1, NULL, NULL, NULL, NULL, NULL, '2016-08-10 15:28:19', '2016-08-29 09:54:01'),
(96, 153, '57AB1E0201', 'App\\Models\\Realestate\\Realestate_Apartment', 77, 4, 0, 1, 'qwewq', 'wqeqwe', 1, NULL, NULL, 43, 1, NULL, NULL, NULL, NULL, NULL, '2016-08-10 15:28:50', '2016-08-29 09:54:01'),
(99, 172, '57AB219901', 'App\\Models\\Realestate\\Realestate_Apartment', 78, 4, 0, 1, NULL, '', 1, NULL, NULL, 43, 1, NULL, NULL, NULL, NULL, NULL, '2016-08-10 15:44:09', '2016-08-29 09:54:01'),
(100, 173, '57AB21AB01', 'App\\Models\\Realestate\\Realestate_Apartment', 79, 4, 0, 1, NULL, '', 1, NULL, NULL, 43, 1, NULL, NULL, NULL, NULL, NULL, '2016-08-10 15:44:27', '2016-08-29 09:54:01'),
(101, 174, '57AB21B801', 'App\\Models\\Realestate\\Realestate_Apartment', 80, 4, 0, 1, NULL, '', 1, NULL, NULL, 43, 1, NULL, NULL, NULL, NULL, NULL, '2016-08-10 15:44:40', '2016-08-29 09:54:01'),
(102, 175, '57AB21D101', 'App\\Models\\Realestate\\Realestate_Apartment', 81, 4, 0, 1, NULL, '', 1, NULL, NULL, 43, 1, NULL, NULL, NULL, NULL, NULL, '2016-08-10 15:45:05', '2016-08-29 09:54:01'),
(103, 176, '57AB221701', 'App\\Models\\Realestate\\Realestate_Apartment', 82, 4, 0, 1, NULL, '', 1, NULL, NULL, 43, 1, NULL, NULL, NULL, NULL, NULL, '2016-08-10 15:46:15', '2016-08-29 09:54:01'),
(104, 177, '57AB222301', 'App\\Models\\Realestate\\Realestate_Apartment', 83, 4, 0, 1, NULL, '', 1, NULL, NULL, 43, 1, NULL, NULL, NULL, NULL, NULL, '2016-08-10 15:46:27', '2016-08-29 09:54:01'),
(105, 178, '57AB223A01', 'App\\Models\\Realestate\\Realestate_Apartment', 84, 4, 0, 1, NULL, '', 1, NULL, NULL, 43, 1, NULL, NULL, NULL, NULL, NULL, '2016-08-10 15:46:50', '2016-08-29 09:54:01'),
(106, 179, '57AB225401', 'App\\Models\\Realestate\\Realestate_Apartment', 85, 4, 0, 1, NULL, '', 1, NULL, NULL, 43, 1, NULL, NULL, NULL, NULL, NULL, '2016-08-10 15:47:16', '2016-08-29 09:54:01'),
(107, 180, '57AB227B01', 'App\\Models\\Realestate\\Realestate_Apartment', 86, 4, 0, 1, NULL, '', 1, NULL, NULL, 43, 1, NULL, NULL, NULL, NULL, NULL, '2016-08-10 15:47:55', '2016-08-29 09:54:01'),
(108, 181, '57AB228701', 'App\\Models\\Realestate\\Realestate_Apartment', 87, 4, 0, 1, NULL, '', 1, NULL, NULL, 43, 1, NULL, NULL, NULL, NULL, NULL, '2016-08-10 15:48:07', '2016-08-29 09:54:01'),
(109, 182, '57AB24A201', 'App\\Models\\Realestate\\Realestate_Apartment', 88, 4, 0, 1, NULL, '', 1, NULL, NULL, 43, 1, NULL, NULL, NULL, NULL, NULL, '2016-08-10 15:57:06', '2016-08-29 09:54:01'),
(110, 183, '57AB24EA01', 'App\\Models\\Realestate\\Realestate_Apartment', 89, 4, 0, 1, NULL, '', 1, NULL, NULL, 43, 1, NULL, NULL, NULL, NULL, NULL, '2016-08-10 15:58:18', '2016-08-29 09:54:01'),
(111, 184, '57AB254401', 'App\\Models\\Realestate\\Realestate_Apartment', 90, 4, 0, 1, NULL, '', 1, NULL, NULL, 43, 1, NULL, NULL, NULL, NULL, NULL, '2016-08-10 15:59:48', '2016-08-29 09:54:01'),
(112, 185, '57AB254C01', 'App\\Models\\Realestate\\Realestate_Apartment', 91, 4, 0, 1, NULL, '', 1, NULL, NULL, 43, 1, NULL, NULL, NULL, NULL, NULL, '2016-08-10 15:59:56', '2016-08-29 09:54:01'),
(113, 186, '57AB255901', 'App\\Models\\Realestate\\Realestate_Apartment', 92, 4, 0, 1, NULL, '', 1, NULL, NULL, 43, 1, NULL, NULL, NULL, NULL, NULL, '2016-08-10 16:00:09', '2016-08-29 09:54:01'),
(114, 187, '57AB258201', 'App\\Models\\Realestate\\Realestate_Apartment', 93, 4, 0, 1, NULL, '', 1, NULL, NULL, 43, 1, NULL, NULL, NULL, NULL, NULL, '2016-08-10 16:00:50', '2016-08-29 09:54:01'),
(115, 188, '57AB25B201', 'App\\Models\\Realestate\\Realestate_Apartment', 94, 4, 0, 1, NULL, '', 1, NULL, NULL, 43, 1, NULL, NULL, NULL, NULL, NULL, '2016-08-10 16:01:38', '2016-08-29 09:54:01'),
(116, 189, '57AB262901', 'App\\Models\\Realestate\\Realestate_Apartment', 95, 4, 0, 1, NULL, '', 1, NULL, NULL, 43, 1, NULL, NULL, NULL, NULL, NULL, '2016-08-10 16:03:37', '2016-08-29 09:54:01'),
(117, 191, '57AB2C6601', 'App\\Models\\Realestate\\Realestate_Apartment', 96, 4, 0, 1, 'asds', NULL, 1, NULL, NULL, 43, 1, NULL, NULL, NULL, NULL, NULL, '2016-08-10 16:30:14', '2016-08-29 09:54:01'),
(118, 192, '57AB2E5401', 'App\\Models\\Realestate\\Realestate_Apartment', 97, 4, 0, 1, 'asds', NULL, 1, NULL, NULL, 43, 1, NULL, NULL, NULL, NULL, NULL, '2016-08-10 16:38:28', '2016-08-29 09:54:01'),
(119, 193, '57AB2EE101', 'App\\Models\\Realestate\\Realestate_Apartment', 98, 4, 0, 1, 'asds', NULL, 1, NULL, NULL, 43, 1, NULL, NULL, NULL, NULL, NULL, '2016-08-10 16:40:49', '2016-08-29 09:54:01'),
(120, 194, '57AC4B6301', 'App\\Models\\Realestate\\Realestate_Apartment', 99, 4, 0, 1, NULL, '', 1, NULL, NULL, 43, 1, NULL, NULL, NULL, NULL, NULL, '2016-08-11 12:54:43', '2016-08-29 09:54:01'),
(121, 195, '57AC4C1B01', 'App\\Models\\Realestate\\Realestate_Apartment', 100, 4, 0, 1, NULL, '', 1, NULL, NULL, 43, 1, NULL, NULL, NULL, NULL, NULL, '2016-08-11 12:57:47', '2016-08-29 09:54:01'),
(122, 196, '57AC4C2401', 'App\\Models\\Realestate\\Realestate_Apartment', 101, 4, 0, 1, NULL, '', 1, NULL, NULL, 43, 1, NULL, NULL, NULL, NULL, NULL, '2016-08-11 12:57:56', '2016-08-29 09:54:01'),
(123, 197, '57AC4C2601', 'App\\Models\\Realestate\\Realestate_Apartment', 102, 4, 0, 1, NULL, '', 1, NULL, NULL, 43, 1, NULL, NULL, NULL, NULL, NULL, '2016-08-11 12:57:58', '2016-08-29 09:54:01'),
(125, 199, '57AC4C2701', 'App\\Models\\Realestate\\Realestate_Apartment', 103, 4, 0, 1, NULL, '', 1, NULL, NULL, 43, 1, NULL, NULL, NULL, NULL, NULL, '2016-08-11 12:57:59', '2016-08-29 09:54:01'),
(126, 200, '57AC54B201', 'App\\Models\\Realestate\\Realestate_Apartment', 104, 4, 0, 1, NULL, '', 1, NULL, NULL, 43, 4, NULL, NULL, NULL, NULL, NULL, '2016-08-11 13:34:26', '2016-08-29 09:54:01'),
(131, 205, '57AC54B301', 'App\\Models\\Realestate\\Realestate_Apartment', 105, 4, 0, 1, NULL, '', 1, NULL, NULL, 43, 4, NULL, NULL, NULL, NULL, NULL, '2016-08-11 13:34:27', '2016-08-29 09:54:01'),
(133, 207, '57AC54B401', 'App\\Models\\Realestate\\Realestate_Apartment', 106, 4, 0, 1, NULL, '', 1, NULL, NULL, 43, 4, NULL, NULL, NULL, NULL, NULL, '2016-08-11 13:34:28', '2016-08-29 09:54:01'),
(136, 210, '57AC54B501', 'App\\Models\\Realestate\\Realestate_Apartment', 107, 4, 0, 1, NULL, '', 1, NULL, NULL, 43, 4, NULL, NULL, NULL, NULL, NULL, '2016-08-11 13:34:29', '2016-08-29 09:54:01'),
(140, 214, '57AC55CE01', 'App\\Models\\Realestate\\Realestate_Apartment', 108, 4, 0, 1, NULL, '', 1, NULL, NULL, 43, 1, NULL, NULL, NULL, NULL, NULL, '2016-08-11 13:39:10', '2016-08-29 09:54:01'),
(141, 215, '57AC55CF01', 'App\\Models\\Realestate\\Realestate_Apartment', 109, 4, 0, 1, NULL, '', 1, NULL, NULL, 43, 1, NULL, NULL, NULL, NULL, NULL, '2016-08-11 13:39:11', '2016-08-29 09:54:01'),
(143, 217, '57AC55D001', 'App\\Models\\Realestate\\Realestate_Apartment', 110, 4, 0, 1, NULL, '', 1, NULL, NULL, 43, 1, NULL, NULL, NULL, NULL, NULL, '2016-08-11 13:39:12', '2016-08-29 09:54:01'),
(145, 219, '57AC55D201', 'App\\Models\\Realestate\\Realestate_Apartment', 111, 4, 0, 1, NULL, '', 1, NULL, NULL, 43, 1, NULL, NULL, NULL, NULL, NULL, '2016-08-11 13:39:14', '2016-08-29 09:54:01'),
(146, 220, '57AC55D301', 'App\\Models\\Realestate\\Realestate_Apartment', 112, 4, 0, 1, NULL, '', 1, NULL, NULL, 43, 1, NULL, NULL, NULL, NULL, NULL, '2016-08-11 13:39:15', '2016-08-29 09:54:01'),
(149, 223, '57AC55D401', 'App\\Models\\Realestate\\Realestate_Apartment', 113, 4, 0, 1, NULL, '', 1, NULL, NULL, 43, 1, NULL, NULL, NULL, NULL, NULL, '2016-08-11 13:39:16', '2016-08-29 09:54:01'),
(151, 225, '57AC560301', 'App\\Models\\Realestate\\Realestate_Apartment', 114, 4, 0, 1, NULL, '', 1, NULL, NULL, 43, 1, NULL, NULL, NULL, NULL, NULL, '2016-08-11 13:40:03', '2016-08-29 09:54:01'),
(152, 226, '57AC560501', 'App\\Models\\Realestate\\Realestate_Apartment', 115, 4, 0, 1, NULL, '', 1, NULL, NULL, 43, 1, NULL, NULL, NULL, NULL, NULL, '2016-08-11 13:40:05', '2016-08-29 09:54:01'),
(153, 227, '57AC560601', 'App\\Models\\Realestate\\Realestate_Apartment', 116, 4, 0, 1, NULL, '', 1, NULL, NULL, 43, 1, NULL, NULL, NULL, NULL, NULL, '2016-08-11 13:40:06', '2016-08-29 09:54:01'),
(157, 231, '57AC560701', 'App\\Models\\Realestate\\Realestate_Apartment', 117, 4, 0, 1, NULL, '', 1, NULL, NULL, 43, 1, NULL, NULL, NULL, NULL, NULL, '2016-08-11 13:40:07', '2016-08-29 09:54:01'),
(158, 232, '57AC576501', 'App\\Models\\Realestate\\Realestate_Apartment', 118, 4, 0, 1, NULL, '', 1, NULL, NULL, 43, 1, NULL, NULL, NULL, NULL, NULL, '2016-08-11 13:45:57', '2016-08-29 09:54:01'),
(159, 233, '57AC576901', 'App\\Models\\Realestate\\Realestate_Apartment', 119, 4, 0, 1, NULL, '', 1, NULL, NULL, 43, 1, NULL, NULL, NULL, NULL, NULL, '2016-08-11 13:46:01', '2016-08-29 09:54:01'),
(160, 234, '57AC576A01', 'App\\Models\\Realestate\\Realestate_Apartment', 120, 4, 0, 1, NULL, '', 1, NULL, NULL, 43, 1, NULL, NULL, NULL, NULL, NULL, '2016-08-11 13:46:02', '2016-08-29 09:54:01'),
(162, 236, '57AC576C01', 'App\\Models\\Realestate\\Realestate_Apartment', 121, 4, 0, 1, NULL, '', 1, NULL, NULL, 43, 1, NULL, NULL, NULL, NULL, NULL, '2016-08-11 13:46:04', '2016-08-29 09:54:01'),
(163, 237, '57AC576D01', 'App\\Models\\Realestate\\Realestate_Apartment', 122, 4, 0, 1, NULL, '', 1, NULL, NULL, 43, 1, NULL, NULL, NULL, NULL, NULL, '2016-08-11 13:46:05', '2016-08-29 09:54:01'),
(164, 238, '57AC576E01', 'App\\Models\\Realestate\\Realestate_Apartment', 123, 4, 0, 1, NULL, '', 1, NULL, NULL, 43, 1, NULL, NULL, NULL, NULL, NULL, '2016-08-11 13:46:06', '2016-08-29 09:54:01'),
(165, 239, '57AC576F01', 'App\\Models\\Realestate\\Realestate_Apartment', 124, 4, 0, 1, NULL, '', 1, NULL, NULL, 43, 1, NULL, NULL, NULL, NULL, NULL, '2016-08-11 13:46:07', '2016-08-29 09:54:01'),
(169, 243, '57AC5ADF01', 'App\\Models\\Realestate\\Realestate_Apartment', 125, 4, 0, 1, NULL, '', 1, NULL, NULL, 43, 1, NULL, NULL, NULL, NULL, NULL, '2016-08-11 14:00:47', '2016-08-29 09:54:01'),
(170, 244, '57AC5AEB01', 'App\\Models\\Realestate\\Realestate_Apartment', 126, 4, 0, 1, NULL, '', 1, NULL, NULL, 43, 1, NULL, NULL, NULL, NULL, NULL, '2016-08-11 14:00:59', '2016-08-29 09:54:01'),
(171, 245, '57AC5AEC01', 'App\\Models\\Realestate\\Realestate_Apartment', 127, 4, 0, 1, NULL, '', 1, NULL, NULL, 43, 1, NULL, NULL, NULL, NULL, NULL, '2016-08-11 14:01:00', '2016-08-29 09:54:01'),
(172, 246, '57AC5BD001', 'App\\Models\\Realestate\\Realestate_Apartment', 128, 4, 0, 1, NULL, '', 1, NULL, NULL, 43, 1, NULL, NULL, NULL, NULL, NULL, '2016-08-11 14:04:48', '2016-08-29 09:54:01'),
(173, 247, '57AC79D401', 'App\\Models\\Realestate\\Realestate_Apartment', 129, 4, 0, 1, 'asds', NULL, 1, NULL, NULL, 43, 1, NULL, NULL, NULL, NULL, NULL, '2016-08-11 16:12:52', '2016-08-29 09:54:01'),
(174, 248, '57AC8C8F01', 'App\\Models\\Realestate\\Realestate_Apartment', 130, 4, 0, 1, 'asds', NULL, 1, '0.jpg', 'public/realestate/photos/174/0.jpg', 43, 1, NULL, NULL, NULL, NULL, NULL, '2016-08-11 17:32:47', '2016-08-29 09:54:01'),
(175, 249, '57AC8F6901', 'App\\Models\\Realestate\\Realestate_Apartment', 131, 4, 0, 1, 'asds', NULL, 1, '0.jpg', 'public/realestate/photos/175/0.jpg', 43, 1, NULL, NULL, NULL, NULL, NULL, '2016-08-11 17:44:57', '2016-08-29 09:54:01'),
(176, 250, '57ADEDAF01', 'App\\Models\\Realestate\\Realestate_Apartment', 132, 4, 0, 1, 'asds', NULL, 1, NULL, NULL, 1, 1, NULL, NULL, NULL, NULL, NULL, '2016-08-12 18:39:27', '2016-08-12 18:39:27'),
(177, 251, '57B1875201', 'App\\Models\\Realestate\\Realestate_Apartment', 133, 4, 0, 1, 'wefgh', '', 1, NULL, NULL, 1, 1, NULL, NULL, NULL, NULL, NULL, '2016-08-15 12:11:46', '2016-08-15 12:11:46'),
(178, 252, '57B1881C01', 'App\\Models\\Realestate\\Realestate_Apartment', 134, 4, 0, 1, 'wefgh', '', 1, NULL, NULL, 1, 1, NULL, NULL, NULL, NULL, NULL, '2016-08-15 12:15:08', '2016-08-15 12:15:08'),
(179, 253, '57B195E301', 'App\\Models\\Realestate\\Realestate_Apartment', 135, 4, 0, 1, 'dasdasd', '', 1, NULL, NULL, 1, 1, NULL, NULL, NULL, NULL, NULL, '2016-08-15 13:13:55', '2016-08-15 13:13:55'),
(180, 254, '57B195E701', 'App\\Models\\Realestate\\Realestate_Apartment', 136, 4, 0, 1, 'dasdasd', '', 1, NULL, NULL, 1, 1, NULL, NULL, NULL, NULL, NULL, '2016-08-15 13:13:59', '2016-08-15 13:13:59'),
(181, 255, '57B1968D01', 'App\\Models\\Realestate\\Realestate_Apartment', 137, 4, 0, 1, 'asds', NULL, 1, NULL, NULL, 1, 1, NULL, NULL, NULL, NULL, NULL, '2016-08-15 13:16:45', '2016-08-15 13:16:45'),
(182, 256, '57B196E601', 'App\\Models\\Realestate\\Realestate_Apartment', 138, 4, 0, 1, 'asds', NULL, 1, NULL, NULL, 1, 1, NULL, NULL, NULL, NULL, NULL, '2016-08-15 13:18:14', '2016-08-15 13:18:14'),
(183, 257, '57B1987101', 'App\\Models\\Realestate\\Realestate_Apartment', 139, 4, 0, 1, 'asds', NULL, 1, NULL, NULL, 1, 1, NULL, NULL, NULL, NULL, NULL, '2016-08-15 13:24:49', '2016-08-15 13:24:49'),
(184, 258, '57B1997101', 'App\\Models\\Realestate\\Realestate_Apartment', 140, 4, 0, 1, 'asds', NULL, 1, NULL, NULL, 1, 1, NULL, NULL, NULL, NULL, NULL, '2016-08-15 13:29:05', '2016-08-15 13:29:05'),
(185, 259, '57B19B1801', 'App\\Models\\Realestate\\Realestate_Apartment', 141, 4, 0, 1, 'asds', NULL, 1, NULL, NULL, 1, 1, NULL, NULL, NULL, NULL, NULL, '2016-08-15 13:36:08', '2016-08-15 13:36:08'),
(186, 260, '57B19B9B01', 'App\\Models\\Realestate\\Realestate_Apartment', 142, 4, 0, 1, 'asds', NULL, 1, NULL, NULL, 1, 1, NULL, NULL, NULL, NULL, NULL, '2016-08-15 13:38:19', '2016-08-15 13:38:19'),
(187, 261, '57B19BC201', 'App\\Models\\Realestate\\Realestate_Apartment', 143, 4, 0, 1, 'asds', NULL, 1, NULL, NULL, 1, 1, NULL, NULL, NULL, NULL, NULL, '2016-08-15 13:38:58', '2016-08-15 13:38:58'),
(188, 262, '57B19D0601', 'App\\Models\\Realestate\\Realestate_Apartment', 144, 4, 0, 1, 'asds', NULL, 1, NULL, NULL, 1, 1, NULL, NULL, NULL, NULL, NULL, '2016-08-15 13:44:22', '2016-08-15 13:44:22'),
(189, 263, '57B1A72A01', 'App\\Models\\Realestate\\Realestate_Apartment', 145, 4, 0, 1, 'sadasdasd', '', 1, NULL, NULL, 1, 1, NULL, NULL, NULL, NULL, NULL, '2016-08-15 14:27:38', '2016-08-15 14:27:38'),
(190, 264, '57B1A7BB01', 'App\\Models\\Realestate\\Realestate_Apartment', 146, 4, 0, 1, 'sadasdasd', '', 1, NULL, NULL, 1, 1, NULL, NULL, NULL, NULL, NULL, '2016-08-15 14:30:03', '2016-08-15 14:30:03'),
(191, 265, '57B1A7C501', 'App\\Models\\Realestate\\Realestate_Apartment', 147, 4, 0, 1, 'sadasdasd', '', 1, NULL, NULL, 1, 1, NULL, NULL, NULL, NULL, NULL, '2016-08-15 14:30:13', '2016-08-15 14:30:13'),
(192, 266, '57B1A82401', 'App\\Models\\Realestate\\Realestate_Apartment', 148, 4, 0, 1, 'sadasdasd', '', 1, NULL, NULL, 1, 1, NULL, NULL, NULL, NULL, NULL, '2016-08-15 14:31:48', '2016-08-15 14:31:48'),
(193, 267, '57B1A84001', 'App\\Models\\Realestate\\Realestate_Apartment', 149, 4, 0, 1, 'sadasdasd', '', 1, NULL, NULL, 1, 1, NULL, NULL, NULL, NULL, NULL, '2016-08-15 14:32:16', '2016-08-15 14:32:16'),
(194, 268, '57B1A90B01', 'App\\Models\\Realestate\\Realestate_Apartment', 150, 4, 0, 1, 'sadasdasd', '', 1, NULL, NULL, 1, 1, NULL, NULL, NULL, NULL, NULL, '2016-08-15 14:35:39', '2016-08-15 14:35:39'),
(195, 269, '57B1A9BF01', 'App\\Models\\Realestate\\Realestate_Apartment', 151, 4, 0, 1, 'sadasdasd', '', 1, NULL, NULL, 1, 1, NULL, NULL, NULL, NULL, NULL, '2016-08-15 14:38:39', '2016-08-15 14:38:39'),
(196, 270, '57B1A9D201', 'App\\Models\\Realestate\\Realestate_Apartment', 152, 4, 0, 1, 'sadasdasd', '', 1, NULL, NULL, 1, 1, NULL, NULL, NULL, NULL, NULL, '2016-08-15 14:38:58', '2016-08-15 14:38:58'),
(197, 271, '57B1AA0C01', 'App\\Models\\Realestate\\Realestate_Apartment', 153, 4, 0, 1, 'sadasdasd', '', 1, NULL, NULL, 1, 1, NULL, NULL, NULL, NULL, NULL, '2016-08-15 14:39:57', '2016-08-15 14:39:57'),
(198, 272, '57B1AA1801', 'App\\Models\\Realestate\\Realestate_Apartment', 154, 4, 0, 1, 'sadasdasd', '', 1, NULL, NULL, 1, 1, NULL, NULL, NULL, NULL, NULL, '2016-08-15 14:40:08', '2016-08-15 14:40:08'),
(199, 273, '57B1AA4D01', 'App\\Models\\Realestate\\Realestate_Apartment', 155, 4, 0, 1, 'sadasdasd', '', 1, NULL, NULL, 1, 1, NULL, NULL, NULL, NULL, NULL, '2016-08-15 14:41:01', '2016-08-15 14:41:01'),
(200, 274, '57B1AA5E01', 'App\\Models\\Realestate\\Realestate_Apartment', 156, 4, 0, 1, 'sadasdasd', '', 1, NULL, NULL, 1, 1, NULL, NULL, NULL, NULL, NULL, '2016-08-15 14:41:18', '2016-08-15 14:41:18'),
(201, 275, '57B1AA8B01', 'App\\Models\\Realestate\\Realestate_Apartment', 157, 4, 0, 1, 'sadasdasd', '', 1, NULL, NULL, 1, 1, NULL, NULL, NULL, NULL, NULL, '2016-08-15 14:42:03', '2016-08-15 14:42:03'),
(202, 276, '57B1AAC901', 'App\\Models\\Realestate\\Realestate_Apartment', 158, 4, 0, 1, 'sadasdasd', '', 1, NULL, NULL, 1, 1, NULL, NULL, NULL, NULL, NULL, '2016-08-15 14:43:05', '2016-08-15 14:43:05'),
(203, 277, '57B1AAD401', 'App\\Models\\Realestate\\Realestate_Apartment', 159, 4, 0, 1, 'sadasdasd', '', 1, NULL, NULL, 1, 1, NULL, NULL, NULL, NULL, NULL, '2016-08-15 14:43:16', '2016-08-15 14:43:16'),
(204, 283, '57B2D97C01', 'App\\Models\\Realestate\\Realestate_Apartment', 160, 4, 0, 0, 'Срочная продажа. Торг.', '', 1, '0.JPG', 'public/realestate/photos/204/0.JPG', 43, 4, NULL, NULL, NULL, NULL, NULL, '2016-08-16 12:14:36', '2016-08-29 09:54:01'),
(205, 286, '57B2F49401', 'App\\Models\\Realestate\\Realestate_Apartment', 161, 4, 0, 1, 'asdasd', '', 1, NULL, NULL, 1, 1, NULL, NULL, NULL, NULL, NULL, '2016-08-16 14:10:12', '2016-08-16 14:10:12'),
(213, 294, '57B2F8FF01', 'App\\Models\\Realestate\\Realestate_Apartment', 162, 4, 0, 1, 'Hello word', '', 1, NULL, NULL, 43, 4, NULL, NULL, NULL, NULL, NULL, '2016-08-16 14:29:03', '2016-08-29 09:54:01'),
(214, 295, '57B2F93201', 'App\\Models\\Realestate\\Realestate_Apartment', 163, 4, 0, 1, 'Zaibok', '', 1, NULL, NULL, 43, 4, NULL, NULL, NULL, NULL, NULL, '2016-08-16 14:29:54', '2016-08-29 09:54:01'),
(215, 296, '57B311AC01', 'App\\Models\\Realestate\\Realestate_Apartment', 164, 4, 0, 1, 'gfgggggggggggggg', '', 1, NULL, NULL, 1, 1, NULL, NULL, NULL, NULL, NULL, '2016-08-16 16:14:20', '2016-08-16 16:14:20'),
(216, 297, '57B3156001', 'App\\Models\\Realestate\\Realestate_Apartment', 165, 4, 0, 1, 'gfgggggggggggggg', '', 1, NULL, NULL, 1, 1, NULL, NULL, NULL, NULL, NULL, '2016-08-16 16:30:08', '2016-08-16 16:30:08'),
(217, 298, '57B3177601', 'App\\Models\\Realestate\\Realestate_Apartment', 166, 4, 0, 1, 'asds', NULL, 1, NULL, NULL, 1, 1, NULL, NULL, NULL, NULL, NULL, '2016-08-16 16:39:02', '2016-08-16 16:39:02'),
(218, 299, '57B317FC01', 'App\\Models\\Realestate\\Realestate_Apartment', 167, 4, 0, 1, 'asds', NULL, 1, NULL, NULL, 1, 1, NULL, NULL, NULL, NULL, NULL, '2016-08-16 16:41:16', '2016-08-16 16:41:16'),
(219, 300, '57B3180C01', 'App\\Models\\Realestate\\Realestate_Apartment', 168, 4, 0, 1, 'asds', NULL, 1, NULL, NULL, 1, 1, NULL, NULL, NULL, NULL, NULL, '2016-08-16 16:41:32', '2016-08-16 16:41:32'),
(220, 301, '57B3184801', 'App\\Models\\Realestate\\Realestate_Apartment', 169, 4, 0, 1, 'asds', NULL, 1, NULL, NULL, 1, 1, NULL, NULL, NULL, NULL, NULL, '2016-08-16 16:42:32', '2016-08-16 16:42:32'),
(221, 302, '57B3190501', 'App\\Models\\Realestate\\Realestate_Apartment', 170, 4, 0, 1, 'asds', NULL, 1, NULL, NULL, 1, 1, NULL, NULL, NULL, NULL, NULL, '2016-08-16 16:45:41', '2016-08-16 16:45:41'),
(222, 303, '57B31A0201', 'App\\Models\\Realestate\\Realestate_Apartment', 171, 4, 0, 1, 'asds', NULL, 1, NULL, NULL, 1, 1, NULL, NULL, NULL, NULL, NULL, '2016-08-16 16:49:54', '2016-08-16 16:49:54'),
(223, 304, '57B31A2F01', 'App\\Models\\Realestate\\Realestate_Apartment', 172, 4, 0, 1, 'gfgggggggggggggg', '', 1, NULL, NULL, 1, 1, NULL, NULL, NULL, NULL, NULL, '2016-08-16 16:50:39', '2016-08-16 16:50:39'),
(224, 305, '57B31A7701', 'App\\Models\\Realestate\\Realestate_Apartment', 173, 4, 0, 1, 'd jffffgggggggg', '', 1, NULL, NULL, 1, 1, NULL, NULL, NULL, NULL, NULL, '2016-08-16 16:51:51', '2016-08-16 16:51:51'),
(225, 306, '57B31AD101', 'App\\Models\\Realestate\\Realestate_Apartment', 174, 4, 0, 1, 'jffffgggggggg', '', 1, NULL, NULL, 1, 1, NULL, NULL, NULL, NULL, NULL, '2016-08-16 16:53:21', '2016-08-16 16:53:21'),
(226, 307, '57B31C9F01', 'App\\Models\\Realestate\\Realestate_Apartment', 175, 4, 0, 1, 'asds', NULL, 1, NULL, NULL, 1, 1, NULL, NULL, NULL, NULL, NULL, '2016-08-16 17:01:03', '2016-08-16 17:01:03'),
(227, 308, '57B31D5601', 'App\\Models\\Realestate\\Realestate_Apartment', 176, 4, 0, 1, 'asds', NULL, 1, NULL, NULL, 1, 1, NULL, NULL, NULL, NULL, NULL, '2016-08-16 17:04:06', '2016-08-16 17:04:06'),
(228, 309, '57B31EAA01', 'App\\Models\\Realestate\\Realestate_Apartment', 177, 4, 0, 1, 'asds', NULL, 1, NULL, NULL, 1, 1, NULL, NULL, NULL, NULL, NULL, '2016-08-16 17:09:46', '2016-08-16 17:09:46'),
(229, 310, '57B320FD01', 'App\\Models\\Realestate\\Realestate_Apartment', 178, 4, 0, 1, 'asds', NULL, 1, NULL, NULL, 1, 1, NULL, NULL, NULL, NULL, NULL, '2016-08-16 17:19:41', '2016-08-16 17:19:41'),
(230, 311, '57B321EC01', 'App\\Models\\Realestate\\Realestate_Apartment', 179, 4, 0, 1, 'asds', NULL, 1, NULL, NULL, 1, 1, NULL, NULL, NULL, NULL, NULL, '2016-08-16 17:23:40', '2016-08-16 17:23:40'),
(231, 312, '57B322E801', 'App\\Models\\Realestate\\Realestate_Apartment', 180, 4, 0, 1, 'jffffgggggggg', '', 1, NULL, NULL, 1, 1, NULL, NULL, NULL, NULL, NULL, '2016-08-16 17:27:52', '2016-08-16 17:27:52'),
(232, 313, '57B3233D01', 'App\\Models\\Realestate\\Realestate_Apartment', 181, 4, 0, 1, 'jffffgggggggg', '', 1, NULL, NULL, 1, 1, NULL, NULL, NULL, NULL, NULL, '2016-08-16 17:29:17', '2016-08-16 17:29:17'),
(233, 314, '57B32A7F01', 'App\\Models\\Realestate\\Realestate_Apartment', 182, 4, 0, 1, 'privet', '', 1, NULL, NULL, 1, 1, NULL, NULL, NULL, NULL, NULL, '2016-08-16 18:00:15', '2016-08-16 18:00:15'),
(234, 315, '57B43EA501', 'App\\Models\\Realestate\\Realestate_Apartment', 183, 4, 0, 1, 'dsadasdsadasdasd', '', 1, NULL, NULL, 1, 1, NULL, NULL, NULL, NULL, NULL, '2016-08-17 13:38:29', '2016-08-17 13:38:29'),
(236, 317, '57B4440E01', 'App\\Models\\Realestate\\Realestate_Apartment', 184, 4, 0, 1, 'sadsadasdasdasdasd', '', 1, NULL, NULL, 1, 1, NULL, NULL, NULL, NULL, NULL, '2016-08-17 14:01:34', '2016-08-17 14:01:34'),
(237, 318, '57B44F3601', 'App\\Models\\Realestate\\Realestate_Apartment', 185, 4, 0, 1, 'asds', NULL, 1, NULL, NULL, 1, 1, NULL, NULL, NULL, NULL, NULL, '2016-08-17 14:49:10', '2016-08-17 14:49:10'),
(238, 319, '57B454BA01', 'App\\Models\\Realestate\\Realestate_Apartment', 186, 4, 0, 1, NULL, '', 1, NULL, NULL, 1, 1, NULL, NULL, NULL, NULL, NULL, '2016-08-17 15:12:42', '2016-08-17 15:12:42'),
(239, 320, '57B454DC01', 'App\\Models\\Realestate\\Realestate_Apartment', 187, 4, 0, 1, 'asdsadasdsa', '', 1, NULL, NULL, 1, 1, NULL, NULL, NULL, NULL, NULL, '2016-08-17 15:13:16', '2016-08-17 15:13:16'),
(241, 322, '57B4553F01', 'App\\Models\\Realestate\\Realestate_Apartment', 188, 4, 0, 1, 'asdsadasdsa', '', 1, NULL, NULL, 1, 1, NULL, NULL, NULL, NULL, NULL, '2016-08-17 15:14:55', '2016-08-17 15:14:55'),
(243, 324, '57B4554201', 'App\\Models\\Realestate\\Realestate_Apartment', 189, 4, 0, 1, 'asdsadasdsa', '', 1, NULL, NULL, 1, 1, NULL, NULL, NULL, NULL, NULL, '2016-08-17 15:14:58', '2016-08-17 15:14:58'),
(245, 326, '57B4554501', 'App\\Models\\Realestate\\Realestate_Apartment', 190, 4, 0, 1, 'asdsadasdsa', '', 1, NULL, NULL, 1, 1, NULL, NULL, NULL, NULL, NULL, '2016-08-17 15:15:01', '2016-08-17 15:15:01'),
(247, 328, '57B4564C01', 'App\\Models\\Realestate\\Realestate_Apartment', 191, 4, 0, 1, 'asds', NULL, 1, NULL, NULL, 1, 1, NULL, NULL, NULL, NULL, NULL, '2016-08-17 15:19:24', '2016-08-17 15:19:24'),
(248, 329, '57B4573301', 'App\\Models\\Realestate\\Realestate_Apartment', 192, 4, 0, 1, 'asds', NULL, 1, NULL, NULL, 1, 1, NULL, NULL, NULL, NULL, NULL, '2016-08-17 15:23:15', '2016-08-17 15:23:15'),
(249, 330, '57B4574C01', 'App\\Models\\Realestate\\Realestate_Apartment', 193, 4, 0, 0, NULL, '', 1, NULL, NULL, 43, 1, NULL, NULL, NULL, NULL, NULL, '2016-08-17 15:23:40', '2016-08-29 09:54:01'),
(250, 331, '57B457FC01', 'App\\Models\\Realestate\\Realestate_Apartment', 194, 4, 0, 1, 'asds', NULL, 1, NULL, NULL, 1, 1, NULL, NULL, NULL, NULL, NULL, '2016-08-17 15:26:36', '2016-08-17 15:26:36'),
(251, 332, '57B4580901', 'App\\Models\\Realestate\\Realestate_Apartment', 195, 4, 0, 1, 'asds', NULL, 1, NULL, NULL, 1, 1, NULL, NULL, NULL, NULL, NULL, '2016-08-17 15:26:49', '2016-08-17 15:26:49'),
(252, 333, '57B4587501', 'App\\Models\\Realestate\\Realestate_Apartment', 196, 4, 0, 0, NULL, '', 1, NULL, NULL, 43, 1, NULL, NULL, NULL, NULL, NULL, '2016-08-17 15:28:37', '2016-08-29 09:54:01'),
(253, 334, '57B458BC01', 'App\\Models\\Realestate\\Realestate_Apartment', 197, 4, 0, 1, 'asds', NULL, 1, NULL, NULL, 1, 1, NULL, NULL, NULL, NULL, NULL, '2016-08-17 15:29:48', '2016-08-17 15:29:48'),
(254, 335, '57B45A9F01', 'App\\Models\\Realestate\\Realestate_Apartment', 198, 4, 0, 1, 'asds', NULL, 1, '0.jpg', 'public/realestate/photos/254/0.jpg', 1, 1, NULL, NULL, NULL, NULL, NULL, '2016-08-17 15:37:51', '2016-08-17 15:37:51'),
(255, 336, '57B45EC001', 'App\\Models\\Realestate\\Realestate_Apartment', 199, 4, 0, 1, 'asds', NULL, 1, NULL, NULL, 1, 1, NULL, NULL, NULL, NULL, NULL, '2016-08-17 15:55:28', '2016-08-17 15:55:28'),
(256, 337, '57B460EF01', 'App\\Models\\Realestate\\Realestate_Apartment', 200, 4, 0, 1, 'asds', NULL, 1, '0.jpg', 'public/realestate/photos/256/0.jpg', 1, 1, NULL, NULL, NULL, NULL, NULL, '2016-08-17 16:04:47', '2016-08-17 16:04:47'),
(257, 338, '57B4614101', 'App\\Models\\Realestate\\Realestate_Apartment', 201, 4, 0, 1, 'asds', NULL, 1, NULL, NULL, 1, 1, NULL, NULL, NULL, NULL, NULL, '2016-08-17 16:06:09', '2016-08-17 16:06:09'),
(258, 339, '57B465B001', 'App\\Models\\Realestate\\Realestate_Apartment', 202, 4, 0, 1, 'asds', NULL, 1, '0.jpg', 'public/realestate/photos/258/0.jpg', 1, 1, NULL, NULL, NULL, NULL, NULL, '2016-08-17 16:25:04', '2016-08-17 16:25:04'),
(259, 340, '57B4668A01', 'App\\Models\\Realestate\\Realestate_Apartment', 203, 4, 0, 1, 'asds', NULL, 1, '0.jpg', 'public/realestate/photos/259/0.jpg', 1, 1, NULL, NULL, NULL, NULL, NULL, '2016-08-17 16:28:42', '2016-08-17 16:28:42'),
(260, 341, '57B4675B01', 'App\\Models\\Realestate\\Realestate_Apartment', 204, 4, 0, 1, 'asds', NULL, 1, NULL, NULL, 1, 1, NULL, NULL, NULL, NULL, NULL, '2016-08-17 16:32:11', '2016-08-17 16:32:11'),
(261, 342, '57B469FE01', 'App\\Models\\Realestate\\Realestate_Apartment', 205, 4, 0, 1, 'asds', NULL, 1, '0.jpg', 'public/realestate/photos/261/0.jpg', 1, 1, NULL, NULL, NULL, NULL, NULL, '2016-08-17 16:43:26', '2016-08-17 16:43:26'),
(262, 343, '57B46AD601', 'App\\Models\\Realestate\\Realestate_Apartment', 206, 4, 0, 1, 'asds', NULL, 1, '0.jpg', 'public/realestate/photos/262/0.jpg', 1, 1, NULL, NULL, NULL, NULL, NULL, '2016-08-17 16:47:02', '2016-08-17 16:47:02'),
(263, 344, '57B4778601', 'App\\Models\\Realestate\\Realestate_Apartment', 207, 4, 0, 1, 'asds', NULL, 1, '0.jpeg', 'public/realestate/photos/263/0.jpeg', 1, 1, NULL, NULL, NULL, NULL, NULL, '2016-08-17 17:41:10', '2016-08-17 17:41:10'),
(264, 345, '57B477AF01', 'App\\Models\\Realestate\\Realestate_Apartment', 208, 4, 0, 1, 'asds', NULL, 1, NULL, NULL, 1, 1, NULL, NULL, NULL, NULL, NULL, '2016-08-17 17:41:51', '2016-08-17 17:41:51'),
(265, 346, '57B477BC01', 'App\\Models\\Realestate\\Realestate_Apartment', 209, 4, 0, 1, 'asds', NULL, 1, NULL, NULL, 1, 1, NULL, NULL, NULL, NULL, NULL, '2016-08-17 17:42:04', '2016-08-17 17:42:04'),
(266, 347, '57B477D901', 'App\\Models\\Realestate\\Realestate_Apartment', 210, 4, 0, 1, 'asds', NULL, 1, '0.jpg', 'public/realestate/photos/266/0.jpg', 1, 1, NULL, NULL, NULL, NULL, NULL, '2016-08-17 17:42:33', '2016-08-17 17:42:33'),
(267, 348, '57B4780901', 'App\\Models\\Realestate\\Realestate_Apartment', 211, 4, 0, 1, 'asds', NULL, 1, '0.jpeg', 'public/realestate/photos/267/0.jpeg', 1, 1, NULL, NULL, NULL, NULL, NULL, '2016-08-17 17:43:21', '2016-08-17 17:43:21'),
(268, 350, '57B478F801', 'App\\Models\\Realestate\\Realestate_Apartment', 212, 4, 0, 1, 'hshsshhshshhhs', '', 1, NULL, NULL, 1, 1, NULL, NULL, NULL, NULL, NULL, '2016-08-17 17:47:20', '2016-08-17 17:47:20'),
(269, 351, '57B4795F01', 'App\\Models\\Realestate\\Realestate_Apartment', 213, 4, 0, 1, 'asds', NULL, 1, '0.jpg', 'public/realestate/photos/269/0.jpg', 1, 1, NULL, NULL, NULL, NULL, NULL, '2016-08-17 17:49:03', '2016-08-17 17:49:03'),
(270, 352, '57B4799C01', 'App\\Models\\Realestate\\Realestate_Apartment', 214, 4, 0, 1, 'asds', NULL, 1, '0.jpeg', 'public/realestate/photos/270/0.jpeg', 1, 1, NULL, NULL, NULL, NULL, NULL, '2016-08-17 17:50:04', '2016-08-17 17:50:04'),
(271, 353, '57B47A0601', 'App\\Models\\Realestate\\Realestate_Apartment', 215, 4, 0, 1, 'asds', NULL, 1, '0.jpg', 'public/realestate/photos/271/0.jpg', 1, 1, NULL, NULL, NULL, NULL, NULL, '2016-08-17 17:51:50', '2016-08-17 17:51:50'),
(272, 354, '57B47AB401', 'App\\Models\\Realestate\\Realestate_Apartment', 216, 4, 0, 1, 'asds', NULL, 1, '0.jpg', 'public/realestate/photos/272/0.jpg', 1, 1, NULL, NULL, NULL, NULL, NULL, '2016-08-17 17:54:44', '2016-08-17 17:54:44'),
(273, 355, '57B568CF01', 'App\\Models\\Realestate\\Realestate_Apartment', 217, 4, 0, 1, 'asds', NULL, 1, '0.jpeg', 'public/realestate/photos/273/0.jpeg', 1, 1, NULL, NULL, NULL, NULL, NULL, '2016-08-18 10:50:39', '2016-08-18 10:50:39'),
(274, 356, '57B5847301', 'App\\Models\\Realestate\\Realestate_Apartment', 218, 4, 0, 1, 'HelloWordFromVlad', NULL, 1, NULL, NULL, 1, 1, NULL, NULL, NULL, NULL, NULL, '2016-08-18 12:48:35', '2016-08-18 12:48:35'),
(275, 357, '57B5872401', 'App\\Models\\Realestate\\Realestate_Apartment', 219, 4, 0, 1, 'HelloWordFromVlad', NULL, 1, NULL, NULL, 1, 1, NULL, NULL, NULL, NULL, NULL, '2016-08-18 13:00:04', '2016-08-18 13:00:04'),
(276, 358, '57B59B3401', 'App\\Models\\Realestate\\Realestate_Apartment', 220, 4, 0, 1, 'HelloWordFromVlad', NULL, 1, '0.jpeg', 'public/realestate/photos/276/0.jpeg', 1, 1, NULL, NULL, NULL, NULL, NULL, '2016-08-18 14:25:40', '2016-08-18 14:25:40'),
(277, 359, '57B59BFF01', 'App\\Models\\Realestate\\Realestate_Apartment', 221, 4, 0, 1, 'HelloWordFromVlad', NULL, 1, '0.jpg', 'public/realestate/photos/277/0.jpg', 1, 1, NULL, NULL, NULL, NULL, NULL, '2016-08-18 14:29:03', '2016-08-18 14:29:03'),
(278, 360, '57B59CC001', 'App\\Models\\Realestate\\Realestate_Apartment', 222, 4, 0, 1, 'HelloWordFromVlad', NULL, 1, NULL, NULL, 1, 1, NULL, NULL, NULL, NULL, NULL, '2016-08-18 14:32:16', '2016-08-18 14:32:16'),
(279, 361, '57B59D4F01', 'App\\Models\\Realestate\\Realestate_Apartment', 223, 4, 0, 1, 'HelloWordFromVlad', NULL, 1, '0.jpeg', 'public/realestate/photos/279/0.jpeg', 1, 1, NULL, NULL, NULL, NULL, NULL, '2016-08-18 14:34:39', '2016-08-18 14:34:39'),
(280, 362, '57B59E2A01', 'App\\Models\\Realestate\\Realestate_Apartment', 224, 4, 0, 1, 'HelloWordFromVlad', NULL, 1, '0.jpeg', 'public/realestate/photos/280/0.jpeg', 1, 1, NULL, NULL, NULL, NULL, NULL, '2016-08-18 14:38:18', '2016-08-18 14:38:18'),
(281, 363, '57B59F4001', 'App\\Models\\Realestate\\Realestate_Apartment', 225, 4, 0, 1, 'HelloWordFromVlad', NULL, 1, '0.jpeg', 'public/realestate/photos/281/0.jpeg', 1, 1, NULL, NULL, NULL, NULL, NULL, '2016-08-18 14:42:56', '2016-08-18 14:42:56'),
(282, 364, '57B5A03601', 'App\\Models\\Realestate\\Realestate_Apartment', 226, 4, 0, 1, 'HelloWordFromVlad', NULL, 1, '0.jpeg', 'public/realestate/photos/282/0.jpeg', 1, 1, NULL, NULL, NULL, NULL, NULL, '2016-08-18 14:47:02', '2016-08-18 14:47:02'),
(283, 365, '57B5A23001', 'App\\Models\\Realestate\\Realestate_Apartment', 227, 4, 0, 1, 'HelloWordFromVlad', NULL, 1, NULL, NULL, 1, 1, NULL, NULL, NULL, NULL, NULL, '2016-08-18 14:55:28', '2016-08-18 14:55:28'),
(284, 366, '57B5A2A301', 'App\\Models\\Realestate\\Realestate_Apartment', 228, 4, 0, 1, 'HelloWordFromVlad', NULL, 1, NULL, NULL, 1, 1, NULL, NULL, NULL, NULL, NULL, '2016-08-18 14:57:23', '2016-08-18 14:57:23'),
(285, 367, '57B5A50301', 'App\\Models\\Realestate\\Realestate_Apartment', 229, 4, 0, 1, 'HelloWordFromVlad', NULL, 1, '0.jpeg', 'public/realestate/photos/285/0.jpeg', 1, 1, NULL, NULL, NULL, NULL, NULL, '2016-08-18 15:07:31', '2016-08-18 15:07:31'),
(286, 368, '57B5A66D01', 'App\\Models\\Realestate\\Realestate_Apartment', 230, 4, 0, 1, 'HelloWordFromVlad', NULL, 1, NULL, NULL, 1, 1, NULL, NULL, NULL, NULL, NULL, '2016-08-18 15:13:33', '2016-08-18 15:13:33'),
(287, 369, '57B5A6CD01', 'App\\Models\\Realestate\\Realestate_Apartment', 231, 4, 0, 1, 'HelloWordFromVlad', NULL, 1, '0.png', 'public/realestate/photos/287/0.png', 1, 1, NULL, NULL, NULL, NULL, NULL, '2016-08-18 15:15:09', '2016-08-18 15:15:09'),
(288, 370, '57B5A71201', 'App\\Models\\Realestate\\Realestate_Apartment', 232, 4, 0, 1, 'HelloWordFromVlad', NULL, 1, '0.png', 'public/realestate/photos/288/0.png', 1, 1, NULL, NULL, NULL, NULL, NULL, '2016-08-18 15:16:18', '2016-08-18 15:16:18'),
(289, 371, '57B5A71C01', 'App\\Models\\Realestate\\Realestate_Apartment', 233, 4, 0, 1, 'HelloWordFromVlad', NULL, 1, '0.png', 'public/realestate/photos/289/0.png', 1, 1, NULL, NULL, NULL, NULL, NULL, '2016-08-18 15:16:28', '2016-08-18 15:16:28'),
(290, 372, '57B5A72701', 'App\\Models\\Realestate\\Realestate_Apartment', 234, 4, 0, 1, 'HelloWordFromVlad', NULL, 1, '0.png', 'public/realestate/photos/290/0.png', 1, 1, NULL, NULL, NULL, NULL, NULL, '2016-08-18 15:16:39', '2016-08-18 15:16:39'),
(291, 373, '57B5A74A01', 'App\\Models\\Realestate\\Realestate_Apartment', 235, 4, 0, 1, 'HelloWordFromVlad', NULL, 1, '0.png', 'public/realestate/photos/291/0.png', 1, 1, NULL, NULL, NULL, NULL, NULL, '2016-08-18 15:17:14', '2016-08-18 15:17:14'),
(292, 374, '57B5A8FF01', 'App\\Models\\Realestate\\Realestate_Apartment', 236, 4, 0, 1, 'HelloWordFromVlad', NULL, 1, NULL, NULL, 1, 1, NULL, NULL, NULL, NULL, NULL, '2016-08-18 15:24:31', '2016-08-18 15:24:31'),
(293, 375, '57B5AEAD01', 'App\\Models\\Realestate\\Realestate_Apartment', 237, 4, 0, 1, 'HelloWordFromVlad', NULL, 1, NULL, NULL, 1, 1, NULL, NULL, NULL, NULL, NULL, '2016-08-18 15:48:45', '2016-08-18 15:48:45'),
(294, 376, '57B5AF3701', 'App\\Models\\Realestate\\Realestate_Apartment', 238, 4, 0, 1, 'HelloWordFromVlad', NULL, 1, '0.png', 'public/realestate/photos/294/0.png', 1, 1, NULL, NULL, NULL, NULL, NULL, '2016-08-18 15:51:03', '2016-08-18 15:51:03'),
(295, 377, '57B5B13F01', 'App\\Models\\Realestate\\Realestate_Apartment', 239, 4, 0, 1, 'HelloWordFromVlad', NULL, 1, NULL, NULL, 1, 1, NULL, NULL, NULL, NULL, NULL, '2016-08-18 15:59:43', '2016-08-18 15:59:43'),
(296, 378, '57B5B18C01', 'App\\Models\\Realestate\\Realestate_Apartment', 240, 4, 0, 1, 'HelloWordFromVlad', NULL, 1, NULL, NULL, 1, 1, NULL, NULL, NULL, NULL, NULL, '2016-08-18 16:01:00', '2016-08-18 16:01:00'),
(297, 379, '57B5B1AB01', 'App\\Models\\Realestate\\Realestate_Apartment', 241, 4, 0, 1, 'asds', NULL, 1, '0.jpg', 'public/realestate/photos/297/0.jpg', 1, 1, NULL, NULL, NULL, NULL, NULL, '2016-08-18 16:01:31', '2016-08-18 16:01:31'),
(298, 380, '57B5B2F201', 'App\\Models\\Realestate\\Realestate_Apartment', 242, 4, 0, 0, NULL, '', 1, NULL, NULL, 43, 1, NULL, NULL, NULL, NULL, NULL, '2016-08-18 16:06:58', '2016-08-29 09:54:01'),
(299, 381, '57B5B3BF01', 'App\\Models\\Realestate\\Realestate_Apartment', 243, 4, 0, 1, 'HelloWordFromVlad', NULL, 1, NULL, NULL, 1, 1, NULL, NULL, NULL, NULL, NULL, '2016-08-18 16:10:23', '2016-08-18 16:10:23'),
(300, 382, '57B5B41B01', 'App\\Models\\Realestate\\Realestate_Apartment', 244, 4, 0, 1, 'HelloWordFromVlad', NULL, 1, NULL, NULL, 1, 1, NULL, NULL, NULL, NULL, NULL, '2016-08-18 16:11:55', '2016-08-18 16:11:55'),
(301, 383, '57B6E19101', 'App\\Models\\Realestate\\Realestate_Apartment', 245, 4, 0, 1, 'HelloWordFromVlad', NULL, 1, NULL, NULL, 1, 1, NULL, NULL, NULL, NULL, NULL, '2016-08-19 13:38:09', '2016-08-19 13:38:09'),
(302, 20, '57B6E51900', 'App\\Models\\Realestate\\Realestate_Rent', 27, 4, 0, 1, '', '', 1, NULL, NULL, 1, 1, NULL, NULL, NULL, NULL, NULL, '2016-08-19 13:53:13', '2016-08-19 13:53:13'),
(303, 16, '57B6F4C801', 'App\\Models\\Realestate\\Realestate_Land', 21, 4, 0, 0, NULL, NULL, 2, '0.png', 'public/realestate/photos/303/0.png', 43, 1, NULL, NULL, NULL, NULL, NULL, '2016-08-19 15:00:08', '2016-08-19 15:00:08'),
(304, 7, '57B6F50901', 'App\\Models\\Realestate\\Realestate_Commercial', 4, 4, 0, 0, NULL, NULL, 2, '0.png', 'public/realestate/photos/304/0.png', 43, 1, NULL, NULL, NULL, NULL, NULL, '2016-08-19 15:01:13', '2016-08-19 15:01:14'),
(305, 384, '57BA9E4401', 'App\\Models\\Realestate\\Realestate_Apartment', 246, 4, 0, 1, 'HelloWordFromVlad', NULL, 1, NULL, NULL, 1, 1, NULL, NULL, NULL, NULL, NULL, '2016-08-22 09:40:04', '2016-08-22 09:40:04'),
(306, 385, '57BA9FF401', 'App\\Models\\Realestate\\Realestate_Apartment', 247, 4, 0, 1, 'HelloWordFromVlad', NULL, 1, NULL, NULL, 1, 1, NULL, NULL, NULL, NULL, NULL, '2016-08-22 09:47:16', '2016-08-22 09:47:16'),
(307, 21, '57BAA2C100', 'App\\Models\\Realestate\\Realestate_Rent', 29, 4, 0, 1, '', '', 1, NULL, NULL, 1, 1, NULL, NULL, NULL, NULL, NULL, '2016-08-22 09:59:13', '2016-08-22 09:59:13'),
(308, 22, '57BAA2C500', 'App\\Models\\Realestate\\Realestate_Rent', 30, 4, 0, 1, '', '', 1, NULL, NULL, 1, 1, NULL, NULL, NULL, NULL, NULL, '2016-08-22 09:59:17', '2016-08-22 09:59:17'),
(309, 23, '57BAA2D100', 'App\\Models\\Realestate\\Realestate_Rent', 31, 4, 0, 1, '', '', 1, NULL, NULL, 1, 1, NULL, NULL, NULL, NULL, NULL, '2016-08-22 09:59:29', '2016-08-22 09:59:29'),
(310, 24, '57BAA2D300', 'App\\Models\\Realestate\\Realestate_Rent', 33, 4, 0, 1, '', '', 1, NULL, NULL, 1, 1, NULL, NULL, NULL, NULL, NULL, '2016-08-22 09:59:31', '2016-08-22 09:59:31'),
(311, 25, '57BAA2E900', 'App\\Models\\Realestate\\Realestate_Rent', 35, 4, 0, 1, '', '', 1, NULL, NULL, 1, 1, NULL, NULL, NULL, NULL, NULL, '2016-08-22 09:59:53', '2016-08-22 09:59:53'),
(312, 386, '57BAB99101', 'App\\Models\\Realestate\\Realestate_Apartment', 248, 4, 0, 1, 'HelloWordFromVlad', NULL, 1, NULL, NULL, 1, 1, NULL, NULL, NULL, NULL, NULL, '2016-08-22 11:36:33', '2016-08-22 11:36:33'),
(313, 387, '57BABE8001', 'App\\Models\\Realestate\\Realestate_Apartment', 249, 4, 0, 1, 'HelloWordFromVlad', NULL, 1, NULL, NULL, 1, 1, NULL, NULL, NULL, NULL, NULL, '2016-08-22 11:57:36', '2016-08-22 11:57:36'),
(314, 388, '57BABF7501', 'App\\Models\\Realestate\\Realestate_Apartment', 250, 4, 0, 1, 'HelloWordFromVlad', NULL, 1, NULL, NULL, 1, 1, NULL, NULL, NULL, NULL, NULL, '2016-08-22 12:01:41', '2016-08-22 12:01:41'),
(315, 389, '57BAC03701', 'App\\Models\\Realestate\\Realestate_Apartment', 251, 4, 0, 1, 'HelloWordFromVlad', NULL, 1, NULL, NULL, 1, 1, NULL, NULL, NULL, NULL, NULL, '2016-08-22 12:04:55', '2016-08-22 12:04:55'),
(316, 390, '57BAC09601', 'App\\Models\\Realestate\\Realestate_Apartment', 252, 4, 0, 1, 'HelloWordFromVlad', NULL, 1, '0.jpg', 'public/realestate/photos/316/0.jpg', 1, 1, NULL, NULL, NULL, NULL, NULL, '2016-08-22 12:06:30', '2016-08-22 12:06:30'),
(317, 26, '57BAC7DE01', 'App\\Models\\Realestate\\Realestate_Land', 37, 4, 0, 1, NULL, NULL, 1, NULL, NULL, 1, 1, NULL, NULL, NULL, NULL, NULL, '2016-08-22 12:37:34', '2016-08-22 12:37:34'),
(318, 27, '57BACD5501', 'App\\Models\\Realestate\\Realestate_Land', 40, 4, 0, 1, NULL, NULL, 1, NULL, NULL, 1, 1, NULL, NULL, NULL, NULL, NULL, '2016-08-22 13:00:53', '2016-08-22 13:00:53'),
(319, 28, '57BACD7801', 'App\\Models\\Realestate\\Realestate_Land', 43, 4, 0, 1, NULL, NULL, 1, NULL, NULL, 1, 1, NULL, NULL, NULL, NULL, NULL, '2016-08-22 13:01:28', '2016-08-22 13:01:28'),
(320, 391, '57BAE90901', 'App\\Models\\Realestate\\Realestate_Apartment', 253, 4, 0, 1, 'HelloWordFromVlad', NULL, 1, '0.jpg', 'public/realestate/photos/320/0.jpg', 1, 1, NULL, NULL, NULL, NULL, NULL, '2016-08-22 14:59:05', '2016-08-22 14:59:05');
INSERT INTO `realestate` (`id`, `realestate_instance_id`, `realestate_number`, `realestate_instance_type`, `id_address`, `id_status_realestate`, `is_exclusive`, `is_firm`, `comment`, `advertising_text`, `id_source`, `cover_name`, `cover_src`, `id_employee_assigned`, `id_employee_create`, `sell_price`, `is_mortgage`, `credit_bank`, `mortgage_loan_value`, `commission_value`, `created_at`, `updated_at`) VALUES
(321, 392, '57BAE9CC01', 'App\\Models\\Realestate\\Realestate_Apartment', 254, 4, 0, 1, 'HelloWordFromVlad', NULL, 1, '0.jpeg', 'public/realestate/photos/321/0.jpeg', 1, 1, NULL, NULL, NULL, NULL, NULL, '2016-08-22 15:02:20', '2016-08-22 15:02:20'),
(322, 393, '57BAE9F101', 'App\\Models\\Realestate\\Realestate_Apartment', 255, 4, 0, 1, 'HelloWordFromVlad', NULL, 1, '0.jpeg', 'public/realestate/photos/322/0.jpeg', 1, 1, NULL, NULL, NULL, NULL, NULL, '2016-08-22 15:02:57', '2016-08-22 15:02:57'),
(323, 20, '57BAEC5D01', 'App\\Models\\Realestate\\Realestate_Households', 28, 4, 0, 1, NULL, NULL, 1, NULL, NULL, 4, 1, NULL, NULL, NULL, NULL, NULL, '2016-08-22 15:13:17', '2016-08-22 15:13:17'),
(324, 394, '57BAEDA901', 'App\\Models\\Realestate\\Realestate_Apartment', 256, 4, 0, 1, 'HelloWordFromVlad', NULL, 1, '0.jpeg', 'public/realestate/photos/324/0.jpeg', 1, 1, NULL, NULL, NULL, NULL, NULL, '2016-08-22 15:18:49', '2016-08-22 15:18:49'),
(325, 23, '57BAF1D501', 'App\\Models\\Realestate\\Realestate_Households', 32, 4, 0, 1, NULL, NULL, 1, NULL, NULL, 1, 1, NULL, NULL, NULL, NULL, NULL, '2016-08-22 15:36:37', '2016-08-22 15:36:37'),
(326, 395, '57BAF20A01', 'App\\Models\\Realestate\\Realestate_Apartment', 257, 4, 0, 1, 'HelloWordFromVlad', NULL, 1, '0.jpeg', 'public/realestate/photos/326/0.jpeg', 1, 1, NULL, NULL, NULL, NULL, NULL, '2016-08-22 15:37:30', '2016-08-22 15:37:31'),
(327, 26, '57BAF37300', 'App\\Models\\Realestate\\Realestate_Rent', 38, 4, 0, 1, '', '', 1, NULL, NULL, 1, 1, NULL, NULL, NULL, NULL, NULL, '2016-08-22 15:43:31', '2016-08-22 15:43:31'),
(328, 27, '57BAF4AD00', 'App\\Models\\Realestate\\Realestate_Rent', 41, 4, 0, 1, '', '', 1, NULL, NULL, 1, 1, NULL, NULL, NULL, NULL, NULL, '2016-08-22 15:48:45', '2016-08-22 15:48:45'),
(329, 28, '57BAF52F00', 'App\\Models\\Realestate\\Realestate_Rent', 44, 4, 0, 1, '', '', 1, NULL, NULL, 1, 1, NULL, NULL, NULL, NULL, NULL, '2016-08-22 15:50:55', '2016-08-22 15:50:55'),
(330, 29, '57BAF59800', 'App\\Models\\Realestate\\Realestate_Rent', 46, 4, 0, 1, '', '', 1, NULL, NULL, 1, 1, NULL, NULL, NULL, NULL, NULL, '2016-08-22 15:52:40', '2016-08-22 15:52:40'),
(331, 396, '57BB00A401', 'App\\Models\\Realestate\\Realestate_Apartment', 258, 4, 0, 1, 'HelloWordFromVlad', NULL, 1, NULL, NULL, 1, 1, NULL, NULL, NULL, NULL, NULL, '2016-08-22 16:39:48', '2016-08-22 16:39:48'),
(332, 397, '57BB01D801', 'App\\Models\\Realestate\\Realestate_Apartment', 259, 4, 0, 1, 'HelloWordFromVlad', NULL, 1, '0.jpg', 'public/realestate/photos/332/0.jpg', 1, 1, NULL, NULL, NULL, NULL, NULL, '2016-08-22 16:44:56', '2016-08-22 16:44:56'),
(333, 398, '57BB021101', 'App\\Models\\Realestate\\Realestate_Apartment', 260, 4, 0, 1, 'HelloWordFromVlad', NULL, 1, '0.jpg', 'public/realestate/photos/333/0.jpg', 1, 1, NULL, NULL, NULL, NULL, NULL, '2016-08-22 16:45:53', '2016-08-22 16:45:53'),
(334, 399, '57BB053401', 'App\\Models\\Realestate\\Realestate_Apartment', 261, 4, 0, 1, 'HelloWordFromVlad', NULL, 1, NULL, NULL, 1, 1, NULL, NULL, NULL, NULL, NULL, '2016-08-22 16:59:16', '2016-08-22 16:59:16'),
(335, 400, '57BB065C01', 'App\\Models\\Realestate\\Realestate_Apartment', 262, 4, 0, 1, 'HelloWordFromVlad', NULL, 1, NULL, NULL, 1, 1, NULL, NULL, NULL, NULL, NULL, '2016-08-22 17:04:12', '2016-08-22 17:04:12'),
(336, 401, '57BB09B901', 'App\\Models\\Realestate\\Realestate_Apartment', 263, 4, 0, 1, 'HelloWordFromVlad', NULL, 1, NULL, NULL, 1, 1, NULL, NULL, NULL, NULL, NULL, '2016-08-22 17:18:33', '2016-08-22 17:18:33'),
(337, 402, '57BB09FB01', 'App\\Models\\Realestate\\Realestate_Apartment', 264, 4, 0, 1, 'HelloWordFromVlad', NULL, 1, NULL, NULL, 1, 1, NULL, NULL, NULL, NULL, NULL, '2016-08-22 17:19:39', '2016-08-22 17:19:39'),
(338, 403, '57BB0AB901', 'App\\Models\\Realestate\\Realestate_Apartment', 265, 4, 0, 1, 'HelloWordFromVlad', NULL, 1, NULL, NULL, 1, 1, NULL, NULL, NULL, NULL, NULL, '2016-08-22 17:22:49', '2016-08-22 17:22:49'),
(339, 404, '57BB0AD701', 'App\\Models\\Realestate\\Realestate_Apartment', 266, 4, 0, 1, 'HelloWordFromVlad', NULL, 1, NULL, NULL, 1, 1, NULL, NULL, NULL, NULL, NULL, '2016-08-22 17:23:19', '2016-08-22 17:23:19'),
(340, 405, '57BB0C8201', 'App\\Models\\Realestate\\Realestate_Apartment', 267, 4, 0, 1, 'HelloWordFromVlad', NULL, 1, '0.jpeg', 'public/realestate/photos/340/0.jpeg', 1, 1, NULL, NULL, NULL, NULL, NULL, '2016-08-22 17:30:26', '2016-08-22 17:30:26'),
(341, 406, '57BB0D6D01', 'App\\Models\\Realestate\\Realestate_Apartment', 268, 4, 0, 1, 'HelloWordFromVlad', NULL, 1, '0.jpg', 'public/realestate/photos/341/0.jpg', 1, 1, NULL, NULL, NULL, NULL, NULL, '2016-08-22 17:34:21', '2016-08-22 17:34:21'),
(342, 24, '57BB0E7701', 'App\\Models\\Realestate\\Realestate_Households', 34, 4, 0, 1, NULL, NULL, 1, NULL, NULL, 1, 1, NULL, NULL, NULL, NULL, NULL, '2016-08-22 17:38:47', '2016-08-22 17:38:47'),
(343, 25, '57BB0EC101', 'App\\Models\\Realestate\\Realestate_Households', 36, 4, 0, 1, NULL, NULL, 1, NULL, NULL, 1, 1, NULL, NULL, NULL, NULL, NULL, '2016-08-22 17:40:01', '2016-08-22 17:40:01'),
(344, 26, '57BB10F401', 'App\\Models\\Realestate\\Realestate_Households', 39, 4, 0, 1, NULL, NULL, 1, NULL, NULL, 1, 1, NULL, NULL, NULL, NULL, NULL, '2016-08-22 17:49:24', '2016-08-22 17:49:24'),
(345, 27, '57BB114401', 'App\\Models\\Realestate\\Realestate_Households', 42, 4, 0, 1, NULL, NULL, 1, NULL, NULL, 1, 1, NULL, NULL, NULL, NULL, NULL, '2016-08-22 17:50:44', '2016-08-22 17:50:44'),
(346, 407, '57BB116001', 'App\\Models\\Realestate\\Realestate_Apartment', 269, 4, 0, 1, 'HelloWordFromVlad', NULL, 1, '0.jpg', 'public/realestate/photos/346/0.jpg', 1, 1, NULL, NULL, NULL, NULL, NULL, '2016-08-22 17:51:12', '2016-08-22 17:51:12'),
(347, 408, '57BB122201', 'App\\Models\\Realestate\\Realestate_Apartment', 270, 4, 0, 1, 'HelloWordFromVlad', NULL, 1, '0.jpg', 'public/realestate/photos/347/0.jpg', 1, 1, NULL, NULL, NULL, NULL, NULL, '2016-08-22 17:54:26', '2016-08-22 17:54:26'),
(348, 28, '57BB138901', 'App\\Models\\Realestate\\Realestate_Households', 45, 4, 0, 1, NULL, NULL, 1, NULL, NULL, 1, 1, NULL, NULL, NULL, NULL, NULL, '2016-08-22 18:00:25', '2016-08-22 18:00:25'),
(349, 409, '57BB141B01', 'App\\Models\\Realestate\\Realestate_Apartment', 271, 4, 0, 1, 'HelloWordFromVlad', NULL, 1, '0.jpg', 'public/realestate/photos/349/0.jpg', 1, 1, NULL, NULL, NULL, NULL, NULL, '2016-08-22 18:02:51', '2016-08-22 18:02:51'),
(350, 410, '57BB146D01', 'App\\Models\\Realestate\\Realestate_Apartment', 272, 4, 0, 1, 'HelloWordFromVlad', NULL, 1, '0.jpg', 'public/realestate/photos/350/0.jpg', 1, 1, NULL, NULL, NULL, NULL, NULL, '2016-08-22 18:04:13', '2016-08-22 18:04:13'),
(351, 29, '57BB152901', 'App\\Models\\Realestate\\Realestate_Households', 47, 4, 0, 1, NULL, NULL, 1, '0.jpeg', 'public/realestate/photos/351/0.jpeg', 1, 1, NULL, NULL, NULL, NULL, NULL, '2016-08-22 18:07:21', '2016-08-22 18:07:21'),
(352, 411, '57BC1C7501', 'App\\Models\\Realestate\\Realestate_Apartment', 273, 4, 0, 1, 'HelloWordFromVlad', NULL, 1, NULL, NULL, 1, 1, NULL, NULL, NULL, NULL, NULL, '2016-08-23 12:50:45', '2016-08-23 12:50:45'),
(353, 8, '57BC1EA501', 'App\\Models\\Realestate\\Realestate_Commercial', 5, 4, 0, 1, NULL, NULL, 1, NULL, NULL, 1, 1, NULL, NULL, NULL, NULL, NULL, '2016-08-23 13:00:05', '2016-08-23 13:00:05'),
(354, 9, '57BC208601', 'App\\Models\\Realestate\\Realestate_Commercial', 6, 4, 0, 1, NULL, NULL, 1, NULL, NULL, 1, 1, NULL, NULL, NULL, NULL, NULL, '2016-08-23 13:08:06', '2016-08-23 13:08:06'),
(355, 10, '57BC209801', 'App\\Models\\Realestate\\Realestate_Commercial', 8, 4, 0, 1, NULL, NULL, 1, NULL, NULL, 1, 1, NULL, NULL, NULL, NULL, NULL, '2016-08-23 13:08:24', '2016-08-23 13:08:24'),
(356, 11, '57BC20AC01', 'App\\Models\\Realestate\\Realestate_Commercial', 10, 4, 0, 1, NULL, NULL, 1, NULL, NULL, 1, 1, NULL, NULL, NULL, NULL, NULL, '2016-08-23 13:08:44', '2016-08-23 13:08:44'),
(357, 412, '57BC4B6D01', 'App\\Models\\Realestate\\Realestate_Apartment', 274, 4, 0, 1, 'Hdjfjf', '', 1, NULL, NULL, 1, 1, NULL, NULL, NULL, NULL, NULL, '2016-08-23 16:11:09', '2016-08-23 16:11:09'),
(358, 413, '57BD737A01', 'App\\Models\\Realestate\\Realestate_Apartment', 275, 4, 0, 1, NULL, '', 1, NULL, NULL, 1, 1, NULL, NULL, NULL, NULL, NULL, '2016-08-24 13:14:18', '2016-08-24 13:14:18'),
(359, 414, '57BD799F01', 'App\\Models\\Realestate\\Realestate_Apartment', 276, 4, 0, 1, NULL, '', 1, NULL, NULL, 1, 1, NULL, NULL, NULL, NULL, NULL, '2016-08-24 13:40:31', '2016-08-24 13:40:31');

-- --------------------------------------------------------

--
-- Table structure for table `realestate_agreement_cooperation`
--

CREATE TABLE IF NOT EXISTS `realestate_agreement_cooperation` (
  `id` bigint(10) NOT NULL AUTO_INCREMENT,
  `id_realestate` bigint(10) NOT NULL COMMENT 'Объект недвижимости',
  `id_agreement` bigint(10) NOT NULL COMMENT 'Объект договор сотрудничества',
  PRIMARY KEY (`id`),
  KEY `id_realestate` (`id_realestate`,`id_agreement`),
  KEY `id_agreement` (`id_agreement`)
) ENGINE=InnoDB  DEFAULT CHARSET=utf8 COMMENT='Промежуточная таблица: договоры сотрудничесва - объекты недвижимости' AUTO_INCREMENT=9 ;

--
-- Dumping data for table `realestate_agreement_cooperation`
--

INSERT INTO `realestate_agreement_cooperation` (`id`, `id_realestate`, `id_agreement`) VALUES
(1, 50, 1),
(3, 53, 3),
(6, 53, 5),
(8, 53, 6),
(5, 54, 4),
(4, 55, 3),
(7, 55, 5);

-- --------------------------------------------------------

--
-- Table structure for table `realestate_apartments`
--

CREATE TABLE IF NOT EXISTS `realestate_apartments` (
  `id` bigint(20) NOT NULL AUTO_INCREMENT,
  `id_reference_type_apartment` bigint(20) DEFAULT NULL COMMENT 'Значение из справочника reference_type_apartment',
  `floor` tinyint(4) DEFAULT NULL COMMENT 'Этажность: этаж, где располагается квартира',
  `floor_all` tinyint(4) DEFAULT NULL COMMENT 'Этажность: всего этажей в здании',
  `id_reference_wall_material` bigint(20) DEFAULT NULL COMMENT 'Справочник: материал стен квартиры',
  `id_reference_fund` bigint(20) DEFAULT NULL COMMENT 'Справочник: фонд',
  `area_general` tinyint(4) DEFAULT NULL COMMENT 'Площадь общая',
  `area_living` tinyint(4) DEFAULT NULL COMMENT 'Площадь жилая',
  `area_kitchen` tinyint(4) DEFAULT NULL COMMENT 'Площадь кухонная',
  `year_build` tinyint(4) DEFAULT NULL COMMENT 'Год постройки. Доступно, если Стройвариант = 0',
  `is_under_construction` tinyint(1) DEFAULT NULL COMMENT 'Стройвариант 1 / 0',
  `date_putting` timestamp NULL DEFAULT NULL COMMENT 'Дата сдачи. Доступно, если Стройвариант = 1',
  `price` bigint(20) DEFAULT NULL COMMENT 'Стоимость',
  `conditions` text COMMENT 'Условия',
  `clear_sale` tinyint(1) DEFAULT NULL COMMENT 'Чистая продажа',
  `id_reference_state` bigint(20) DEFAULT NULL COMMENT 'Справочник: состояние квартиры',
  `id_reference_floors` bigint(20) DEFAULT NULL COMMENT 'Справочник: полы',
  `id_reference_window_material` bigint(20) DEFAULT NULL COMMENT 'Справочник: материал окон',
  `id_reference_loggia` bigint(20) DEFAULT NULL COMMENT 'Справочник: лоджии',
  `id_reference_balcony` bigint(20) DEFAULT NULL COMMENT 'Справочник: балконы',
  `has_around_territory` tinyint(1) DEFAULT NULL COMMENT 'Флажок: придомовая территория есть (1) или нет (0)',
  `id_reference_bathroom` bigint(20) DEFAULT NULL,
  `id_reference_hot_water` bigint(20) DEFAULT NULL COMMENT 'Справочник: горячая вода',
  `id_reference_heating` bigint(20) DEFAULT NULL COMMENT 'Справочник: отопление',
  `ceiling` double(2,0) DEFAULT NULL COMMENT 'Потолки',
  `id_reference_comfort` bigint(20) DEFAULT NULL COMMENT 'Справочник: удобства',
  `id_reference_adjacency` bigint(20) DEFAULT NULL,
  `id_reference_location` bigint(20) DEFAULT NULL COMMENT 'Справочник: расположение.',
  `has_concierge` tinyint(4) DEFAULT NULL COMMENT 'Флажок: есть консьерж (1), нет (0)',
  `year_purchase` tinyint(4) DEFAULT NULL COMMENT 'Год покупки',
  `is_backup_power` tinyint(1) DEFAULT NULL COMMENT 'Флажок: резервное электроснабжение',
  `floor_apartments_count` tinyint(4) DEFAULT NULL COMMENT 'Количество квартир на этаже',
  `is_free_planing` tinyint(1) DEFAULT NULL COMMENT 'Флажок: свободная планировка / перепланировка - да (1), нет (0)',
  `is_guarded` tinyint(1) DEFAULT NULL COMMENT 'Флажок: ограждение придомовой территории - да (1), нет (1)',
  `is_video_monitoring` tinyint(1) DEFAULT NULL COMMENT 'Флажок: видеонаблюдение территории - есть (1), нет (0)',
  `is_control_access` tinyint(1) DEFAULT NULL COMMENT 'Флажок: контроль доступа на придомовую территорию  - есть (1), нет (0)',
  `is_parking_guards` tinyint(1) DEFAULT NULL COMMENT 'Флажок: охрана парковки - есть (1), нет (0)',
  `owners_count` tinyint(1) DEFAULT NULL COMMENT 'Количество собственников',
  `minor_owners_count` tinyint(1) DEFAULT NULL COMMENT 'Количество несовершеннолетних собственников. Не больше owners_count.',
  `room_count` tinyint(4) DEFAULT NULL COMMENT 'Количество комнат.',
  `is_penthouse` tinyint(1) DEFAULT NULL COMMENT 'Флажок: пентахус (1), не пентхаус (0)',
  `is_apartments` tinyint(1) DEFAULT NULL COMMENT 'Флажок: апартаменты - да (1), нет (0)',
  `has_phone` tinyint(1) DEFAULT NULL COMMENT 'Флажок: есть телефон (1), нет телефона (0)',
  `has_internet` tinyint(1) DEFAULT NULL COMMENT 'Флажок: есть интернет (1), нет интернета (0)',
  `has_garbage_chute` tinyint(1) DEFAULT NULL COMMENT 'Флажок: есть мусоропровод (1) или нет (0)',
  `passenger_elevators_count` tinyint(1) DEFAULT NULL COMMENT 'Количество пассажирских лифтов',
  `service_elevators_count` tinyint(1) DEFAULT NULL COMMENT 'Количество грузовых лифтов',
  `id_reference_decoration` bigint(20) DEFAULT NULL COMMENT 'Справочник: отделка.',
  `created_at` timestamp NULL DEFAULT NULL,
  `updated_at` timestamp NULL DEFAULT NULL,
  PRIMARY KEY (`id`),
  KEY `id_reference_type_apartment` (`id_reference_type_apartment`),
  KEY `id_reference_wall_material` (`id_reference_wall_material`),
  KEY `id_reference_fund` (`id_reference_fund`),
  KEY `id_reference_state` (`id_reference_state`),
  KEY `id_reference_floors` (`id_reference_floors`),
  KEY `id_reference_window_material` (`id_reference_window_material`),
  KEY `id_reference_loggia` (`id_reference_loggia`),
  KEY `id_reference_balcony` (`id_reference_balcony`),
  KEY `id_reference_bathroom` (`id_reference_bathroom`),
  KEY `id_reference_heating` (`id_reference_heating`),
  KEY `id_reference_comfort` (`id_reference_comfort`),
  KEY `id_reference_location` (`id_reference_location`),
  KEY `id_reference_adjacency` (`id_reference_adjacency`),
  KEY `id_reference_decoration` (`id_reference_decoration`),
  KEY `id_reference_hot_water` (`id_reference_hot_water`)
) ENGINE=InnoDB  DEFAULT CHARSET=utf8 COMMENT='Таблица эксземпляров недвижимости: квартиры.' AUTO_INCREMENT=415 ;

--
-- Triggers `realestate_apartments`
--
DROP TRIGGER IF EXISTS `landlord_new_db`.`before_insert_realestate_apartments`;
DELIMITER //
CREATE TRIGGER `landlord_new_db`.`before_insert_realestate_apartments` BEFORE INSERT ON `landlord_new_db`.`realestate_apartments`
 FOR EACH ROW BEGIN
    IF ( new.created_at IS NULL) THEN
        SET new.created_at = now();
    END IF;
END
//
DELIMITER ;
DROP TRIGGER IF EXISTS `landlord_new_db`.`before_update_realestate_apartments`;
DELIMITER //
CREATE TRIGGER `landlord_new_db`.`before_update_realestate_apartments` BEFORE UPDATE ON `landlord_new_db`.`realestate_apartments`
 FOR EACH ROW BEGIN
    IF ( new.updated_at IS NULL) THEN
        SET new.updated_at = now();
    END IF;
END
//
DELIMITER ;

--
-- Dumping data for table `realestate_apartments`
--

INSERT INTO `realestate_apartments` (`id`, `id_reference_type_apartment`, `floor`, `floor_all`, `id_reference_wall_material`, `id_reference_fund`, `area_general`, `area_living`, `area_kitchen`, `year_build`, `is_under_construction`, `date_putting`, `price`, `conditions`, `clear_sale`, `id_reference_state`, `id_reference_floors`, `id_reference_window_material`, `id_reference_loggia`, `id_reference_balcony`, `has_around_territory`, `id_reference_bathroom`, `id_reference_hot_water`, `id_reference_heating`, `ceiling`, `id_reference_comfort`, `id_reference_adjacency`, `id_reference_location`, `has_concierge`, `year_purchase`, `is_backup_power`, `floor_apartments_count`, `is_free_planing`, `is_guarded`, `is_video_monitoring`, `is_control_access`, `is_parking_guards`, `owners_count`, `minor_owners_count`, `room_count`, `is_penthouse`, `is_apartments`, `has_phone`, `has_internet`, `has_garbage_chute`, `passenger_elevators_count`, `service_elevators_count`, `id_reference_decoration`, `created_at`, `updated_at`) VALUES
(11, 8, 2, 13, 5, 3, 1, 1, NULL, NULL, NULL, NULL, 1548494, NULL, NULL, NULL, NULL, NULL, NULL, NULL, NULL, NULL, NULL, NULL, NULL, NULL, NULL, NULL, NULL, NULL, NULL, NULL, NULL, NULL, NULL, NULL, NULL, NULL, NULL, NULL, NULL, NULL, NULL, NULL, NULL, NULL, NULL, NULL, '2016-09-19 16:12:41', NULL),
(12, 7, 4, 12, 3, 3, 18, 18, NULL, NULL, NULL, NULL, 23368848, NULL, NULL, NULL, NULL, NULL, NULL, NULL, NULL, NULL, NULL, NULL, NULL, NULL, NULL, NULL, NULL, NULL, NULL, NULL, NULL, NULL, NULL, NULL, NULL, NULL, NULL, NULL, NULL, NULL, NULL, NULL, NULL, NULL, NULL, NULL, '2016-09-19 16:12:41', NULL),
(13, 4, 4, 12, 3, 3, 18, 18, NULL, NULL, NULL, NULL, 23368848, NULL, NULL, NULL, NULL, NULL, NULL, NULL, NULL, NULL, NULL, NULL, NULL, NULL, NULL, NULL, NULL, NULL, NULL, NULL, NULL, NULL, NULL, NULL, NULL, NULL, NULL, NULL, NULL, NULL, NULL, NULL, NULL, NULL, NULL, NULL, '2016-09-19 16:12:41', NULL),
(14, 8, 3, 5, 2, 5, 30, 30, NULL, NULL, NULL, NULL, 1300000, NULL, NULL, NULL, NULL, NULL, NULL, NULL, NULL, NULL, NULL, NULL, NULL, NULL, NULL, NULL, NULL, NULL, NULL, NULL, NULL, NULL, NULL, NULL, NULL, NULL, NULL, NULL, NULL, NULL, NULL, NULL, NULL, NULL, NULL, NULL, '2016-09-19 16:12:41', NULL),
(15, 6, 1, 5, 5, 5, 30, 30, NULL, NULL, NULL, NULL, 2000000, NULL, NULL, NULL, NULL, NULL, NULL, NULL, NULL, NULL, NULL, NULL, NULL, NULL, NULL, NULL, NULL, NULL, NULL, NULL, NULL, NULL, NULL, NULL, NULL, NULL, NULL, NULL, NULL, NULL, NULL, NULL, NULL, NULL, NULL, NULL, '2016-09-19 16:12:41', NULL),
(16, 9, 1, 1, 1, 2, 1, 1, NULL, NULL, NULL, NULL, 12, NULL, NULL, NULL, NULL, NULL, NULL, NULL, NULL, NULL, NULL, NULL, NULL, NULL, NULL, NULL, NULL, NULL, NULL, NULL, NULL, NULL, NULL, NULL, NULL, NULL, NULL, NULL, NULL, NULL, NULL, NULL, NULL, NULL, NULL, NULL, '2016-09-19 16:12:41', NULL),
(17, 8, 1, 5, 5, 3, 3, 3, NULL, NULL, NULL, NULL, 100, NULL, NULL, NULL, NULL, NULL, NULL, NULL, NULL, NULL, NULL, NULL, NULL, NULL, NULL, NULL, NULL, NULL, NULL, NULL, NULL, NULL, NULL, NULL, NULL, NULL, NULL, NULL, NULL, NULL, NULL, NULL, NULL, NULL, NULL, NULL, '2016-09-19 16:12:41', NULL),
(18, 5, 1, 5, 5, 3, 3, 3, NULL, NULL, NULL, NULL, 100, NULL, NULL, NULL, NULL, NULL, NULL, NULL, NULL, NULL, NULL, NULL, NULL, NULL, NULL, NULL, NULL, NULL, NULL, NULL, NULL, NULL, NULL, NULL, NULL, NULL, NULL, NULL, NULL, NULL, NULL, NULL, NULL, NULL, NULL, NULL, '2016-09-19 16:12:41', NULL),
(19, 7, 0, 0, 1, 1, 0, 0, NULL, NULL, NULL, NULL, 0, NULL, NULL, NULL, NULL, NULL, NULL, NULL, NULL, NULL, NULL, NULL, NULL, NULL, NULL, NULL, NULL, NULL, NULL, NULL, NULL, NULL, NULL, NULL, NULL, NULL, NULL, NULL, NULL, NULL, NULL, NULL, NULL, NULL, NULL, NULL, '2016-09-19 16:12:41', NULL),
(20, 3, 0, 0, 1, 1, 0, 0, NULL, NULL, NULL, NULL, 0, NULL, NULL, NULL, NULL, NULL, NULL, NULL, NULL, NULL, NULL, NULL, NULL, NULL, NULL, NULL, NULL, NULL, NULL, NULL, NULL, NULL, NULL, NULL, NULL, NULL, NULL, NULL, NULL, NULL, NULL, NULL, NULL, NULL, NULL, NULL, '2016-09-19 16:12:41', NULL),
(21, 4, 0, 0, 1, 1, 0, 0, NULL, NULL, NULL, NULL, 0, NULL, NULL, NULL, NULL, NULL, NULL, NULL, NULL, NULL, NULL, NULL, NULL, NULL, NULL, NULL, NULL, NULL, NULL, NULL, NULL, NULL, NULL, NULL, NULL, NULL, NULL, NULL, NULL, NULL, NULL, NULL, NULL, NULL, NULL, NULL, '2016-09-19 16:12:41', NULL),
(22, 9, 0, 0, 1, 1, 0, 0, NULL, NULL, NULL, NULL, 0, NULL, NULL, NULL, NULL, NULL, NULL, NULL, NULL, NULL, NULL, NULL, NULL, NULL, NULL, NULL, NULL, NULL, NULL, NULL, NULL, NULL, NULL, NULL, NULL, NULL, NULL, NULL, NULL, NULL, NULL, NULL, NULL, NULL, NULL, NULL, '2016-09-19 16:12:41', NULL),
(23, 6, 0, 0, 1, 1, 0, 0, NULL, NULL, NULL, NULL, 0, NULL, NULL, NULL, NULL, NULL, NULL, NULL, NULL, NULL, NULL, NULL, NULL, NULL, NULL, NULL, NULL, NULL, NULL, NULL, NULL, NULL, NULL, NULL, NULL, NULL, NULL, NULL, NULL, NULL, NULL, NULL, NULL, NULL, NULL, NULL, '2016-09-19 16:12:41', NULL),
(24, 4, 0, 0, 1, 1, 0, 0, NULL, NULL, NULL, NULL, 0, NULL, NULL, NULL, NULL, NULL, NULL, NULL, NULL, NULL, NULL, NULL, NULL, NULL, NULL, NULL, NULL, NULL, NULL, NULL, NULL, NULL, NULL, NULL, NULL, NULL, NULL, NULL, NULL, NULL, NULL, NULL, NULL, NULL, NULL, NULL, '2016-09-19 16:12:41', NULL),
(25, 1, 0, 0, 1, 1, 0, 0, NULL, NULL, NULL, NULL, 0, NULL, NULL, NULL, NULL, NULL, NULL, NULL, NULL, NULL, NULL, NULL, NULL, NULL, NULL, NULL, NULL, NULL, NULL, NULL, NULL, NULL, NULL, NULL, NULL, NULL, NULL, NULL, NULL, NULL, NULL, NULL, NULL, NULL, NULL, NULL, '2016-09-19 16:12:41', NULL),
(26, 9, 0, 0, 1, 1, 0, 0, NULL, NULL, NULL, NULL, 0, NULL, NULL, NULL, NULL, NULL, NULL, NULL, NULL, NULL, NULL, NULL, NULL, NULL, NULL, NULL, NULL, NULL, NULL, NULL, NULL, NULL, NULL, NULL, NULL, NULL, NULL, NULL, NULL, NULL, NULL, NULL, NULL, NULL, NULL, NULL, '2016-09-19 16:12:41', NULL),
(27, 5, 0, 0, 1, 1, 0, 0, NULL, NULL, NULL, NULL, 0, NULL, NULL, NULL, NULL, NULL, NULL, NULL, NULL, NULL, NULL, NULL, NULL, NULL, NULL, NULL, NULL, NULL, NULL, NULL, NULL, NULL, NULL, NULL, NULL, NULL, NULL, NULL, NULL, NULL, NULL, NULL, NULL, NULL, NULL, NULL, '2016-09-19 16:12:41', NULL),
(28, 8, 0, 0, 1, 1, 0, 0, NULL, NULL, NULL, NULL, 0, NULL, NULL, NULL, NULL, NULL, NULL, NULL, NULL, NULL, NULL, NULL, NULL, NULL, NULL, NULL, NULL, NULL, NULL, NULL, NULL, NULL, NULL, NULL, NULL, NULL, NULL, NULL, NULL, NULL, NULL, NULL, NULL, NULL, NULL, NULL, '2016-09-19 16:12:41', NULL),
(29, 5, 0, 0, 1, 1, 0, 0, NULL, NULL, NULL, NULL, 0, NULL, NULL, NULL, NULL, NULL, NULL, NULL, NULL, NULL, NULL, NULL, NULL, NULL, NULL, NULL, NULL, NULL, NULL, NULL, NULL, NULL, NULL, NULL, NULL, NULL, NULL, NULL, NULL, NULL, NULL, NULL, NULL, NULL, NULL, NULL, '2016-09-19 16:12:41', NULL),
(30, 2, 0, 0, 1, 1, 0, 0, NULL, NULL, NULL, NULL, 0, NULL, NULL, NULL, NULL, NULL, NULL, NULL, NULL, NULL, NULL, NULL, NULL, NULL, NULL, NULL, NULL, NULL, NULL, NULL, NULL, NULL, NULL, NULL, NULL, NULL, NULL, NULL, NULL, NULL, NULL, NULL, NULL, NULL, NULL, NULL, '2016-09-19 16:12:41', NULL),
(31, 1, 0, 0, 1, 1, 0, 0, NULL, NULL, NULL, NULL, 0, NULL, NULL, NULL, NULL, NULL, NULL, NULL, NULL, NULL, NULL, NULL, NULL, NULL, NULL, NULL, NULL, NULL, NULL, NULL, NULL, NULL, NULL, NULL, NULL, NULL, NULL, NULL, NULL, NULL, NULL, NULL, NULL, NULL, NULL, NULL, '2016-09-19 16:12:41', NULL),
(32, 8, 0, 0, 1, 1, 0, 0, NULL, NULL, NULL, NULL, 0, NULL, NULL, NULL, NULL, NULL, NULL, NULL, NULL, NULL, NULL, NULL, NULL, NULL, NULL, NULL, NULL, NULL, NULL, NULL, NULL, NULL, NULL, NULL, NULL, NULL, NULL, NULL, NULL, NULL, NULL, NULL, NULL, NULL, NULL, NULL, '2016-09-19 16:12:41', NULL),
(33, 3, 0, 0, 1, 1, 0, 0, NULL, NULL, NULL, NULL, 0, NULL, NULL, NULL, NULL, NULL, NULL, NULL, NULL, NULL, NULL, NULL, NULL, NULL, NULL, NULL, NULL, NULL, NULL, NULL, NULL, NULL, NULL, NULL, NULL, NULL, NULL, NULL, NULL, NULL, NULL, NULL, NULL, NULL, NULL, NULL, '2016-09-19 16:12:41', NULL),
(34, 6, 0, 0, 1, 1, 0, 0, NULL, NULL, NULL, NULL, 0, NULL, NULL, NULL, NULL, NULL, NULL, NULL, NULL, NULL, NULL, NULL, NULL, NULL, NULL, NULL, NULL, NULL, NULL, NULL, NULL, NULL, NULL, NULL, NULL, NULL, NULL, NULL, NULL, NULL, NULL, NULL, NULL, NULL, NULL, NULL, '2016-09-19 16:12:41', NULL),
(35, 5, 0, 0, 1, 1, 0, 0, NULL, NULL, NULL, NULL, 0, NULL, NULL, NULL, NULL, NULL, NULL, NULL, NULL, NULL, NULL, NULL, NULL, NULL, NULL, NULL, NULL, NULL, NULL, NULL, NULL, NULL, NULL, NULL, NULL, NULL, NULL, NULL, NULL, NULL, NULL, NULL, NULL, NULL, NULL, NULL, '2016-09-19 16:12:41', NULL),
(36, 4, 0, 0, 1, 1, 0, 0, NULL, NULL, NULL, NULL, 0, NULL, NULL, NULL, NULL, NULL, NULL, NULL, NULL, NULL, NULL, NULL, NULL, NULL, NULL, NULL, NULL, NULL, NULL, NULL, NULL, NULL, NULL, NULL, NULL, NULL, NULL, NULL, NULL, NULL, NULL, NULL, NULL, NULL, NULL, NULL, '2016-09-19 16:12:41', NULL),
(37, 8, 0, 0, 1, 1, 0, 0, NULL, NULL, NULL, NULL, 0, NULL, NULL, NULL, NULL, NULL, NULL, NULL, NULL, NULL, NULL, NULL, NULL, NULL, NULL, NULL, NULL, NULL, NULL, NULL, NULL, NULL, NULL, NULL, NULL, NULL, NULL, NULL, NULL, NULL, NULL, NULL, NULL, NULL, NULL, NULL, '2016-09-19 16:12:41', NULL),
(38, 6, 0, 0, 1, 1, 0, 0, NULL, NULL, NULL, NULL, 0, NULL, NULL, NULL, NULL, NULL, NULL, NULL, NULL, NULL, NULL, NULL, NULL, NULL, NULL, NULL, NULL, NULL, NULL, NULL, NULL, NULL, NULL, NULL, NULL, NULL, NULL, NULL, NULL, NULL, NULL, NULL, NULL, NULL, NULL, NULL, '2016-09-19 16:12:41', NULL),
(39, 5, 0, 0, 1, 1, 0, 0, NULL, NULL, NULL, NULL, 0, NULL, NULL, NULL, NULL, NULL, NULL, NULL, NULL, NULL, NULL, NULL, NULL, NULL, NULL, NULL, NULL, NULL, NULL, NULL, NULL, NULL, NULL, NULL, NULL, NULL, NULL, NULL, NULL, NULL, NULL, NULL, NULL, NULL, NULL, NULL, '2016-09-19 16:12:41', NULL),
(40, 8, 0, 0, 1, 1, 0, 0, NULL, NULL, NULL, NULL, 0, NULL, NULL, NULL, NULL, NULL, NULL, NULL, NULL, NULL, NULL, NULL, NULL, NULL, NULL, NULL, NULL, NULL, NULL, NULL, NULL, NULL, NULL, NULL, NULL, NULL, NULL, NULL, NULL, NULL, NULL, NULL, NULL, NULL, NULL, NULL, '2016-09-19 16:12:41', NULL),
(41, 5, 0, 0, 1, 1, 0, 0, NULL, NULL, NULL, NULL, 0, NULL, NULL, NULL, NULL, NULL, NULL, NULL, NULL, NULL, NULL, NULL, NULL, NULL, NULL, NULL, NULL, NULL, NULL, NULL, NULL, NULL, NULL, NULL, NULL, NULL, NULL, NULL, NULL, NULL, NULL, NULL, NULL, NULL, NULL, NULL, '2016-09-19 16:12:41', NULL),
(42, 1, 0, 0, 1, 1, 0, 0, NULL, NULL, NULL, NULL, 0, NULL, NULL, NULL, NULL, NULL, NULL, NULL, NULL, NULL, NULL, NULL, NULL, NULL, NULL, NULL, NULL, NULL, NULL, NULL, NULL, NULL, NULL, NULL, NULL, NULL, NULL, NULL, NULL, NULL, NULL, NULL, NULL, NULL, NULL, NULL, '2016-09-19 16:12:41', NULL),
(43, 8, 0, 0, 1, 1, 0, 0, NULL, NULL, NULL, NULL, 0, NULL, NULL, NULL, NULL, NULL, NULL, NULL, NULL, NULL, NULL, NULL, NULL, NULL, NULL, NULL, NULL, NULL, NULL, NULL, NULL, NULL, NULL, NULL, NULL, NULL, NULL, NULL, NULL, NULL, NULL, NULL, NULL, NULL, NULL, NULL, '2016-09-19 16:12:41', NULL),
(44, 8, 0, 0, 1, 1, 0, 0, NULL, NULL, NULL, NULL, 0, NULL, NULL, NULL, NULL, NULL, NULL, NULL, NULL, NULL, NULL, NULL, NULL, NULL, NULL, NULL, NULL, NULL, NULL, NULL, NULL, NULL, NULL, NULL, NULL, NULL, NULL, NULL, NULL, NULL, NULL, NULL, NULL, NULL, NULL, NULL, '2016-09-19 16:12:41', NULL),
(45, 9, 0, 0, 1, 1, 0, 0, NULL, NULL, NULL, NULL, 0, NULL, NULL, NULL, NULL, NULL, NULL, NULL, NULL, NULL, NULL, NULL, NULL, NULL, NULL, NULL, NULL, NULL, NULL, NULL, NULL, NULL, NULL, NULL, NULL, NULL, NULL, NULL, NULL, NULL, NULL, NULL, NULL, NULL, NULL, NULL, '2016-09-19 16:12:41', NULL),
(46, 8, 0, 0, 1, 1, 0, 0, NULL, NULL, NULL, NULL, 0, NULL, NULL, NULL, NULL, NULL, NULL, NULL, NULL, NULL, NULL, NULL, NULL, NULL, NULL, NULL, NULL, NULL, NULL, NULL, NULL, NULL, NULL, NULL, NULL, NULL, NULL, NULL, NULL, NULL, NULL, NULL, NULL, NULL, NULL, NULL, '2016-09-19 16:12:41', NULL),
(47, 7, 0, 0, 1, 1, 0, 0, NULL, NULL, NULL, NULL, 0, NULL, NULL, NULL, NULL, NULL, NULL, NULL, NULL, NULL, NULL, NULL, NULL, NULL, NULL, NULL, NULL, NULL, NULL, NULL, NULL, NULL, NULL, NULL, NULL, NULL, NULL, NULL, NULL, NULL, NULL, NULL, NULL, NULL, NULL, NULL, '2016-09-19 16:12:41', NULL),
(48, 7, 0, 0, 1, 1, 0, 0, NULL, NULL, NULL, NULL, 0, NULL, NULL, NULL, NULL, NULL, NULL, NULL, NULL, NULL, NULL, NULL, NULL, NULL, NULL, NULL, NULL, NULL, NULL, NULL, NULL, NULL, NULL, NULL, NULL, NULL, NULL, NULL, NULL, NULL, NULL, NULL, NULL, NULL, NULL, NULL, '2016-09-19 16:12:41', NULL),
(49, 8, 0, 0, 1, 1, 0, 0, NULL, NULL, NULL, NULL, 0, NULL, NULL, NULL, NULL, NULL, NULL, NULL, NULL, NULL, NULL, NULL, NULL, NULL, NULL, NULL, NULL, NULL, NULL, NULL, NULL, NULL, NULL, NULL, NULL, NULL, NULL, NULL, NULL, NULL, NULL, NULL, NULL, NULL, NULL, NULL, '2016-09-19 16:12:41', NULL),
(50, 6, 0, 0, 1, 1, 0, 0, NULL, NULL, NULL, NULL, 0, NULL, NULL, NULL, NULL, NULL, NULL, NULL, NULL, NULL, NULL, NULL, NULL, NULL, NULL, NULL, NULL, NULL, NULL, NULL, NULL, NULL, NULL, NULL, NULL, NULL, NULL, NULL, NULL, NULL, NULL, NULL, NULL, NULL, NULL, NULL, '2016-09-19 16:12:41', NULL),
(51, 9, 0, 0, 1, 1, 0, 0, NULL, NULL, NULL, NULL, 0, NULL, NULL, NULL, NULL, NULL, NULL, NULL, NULL, NULL, NULL, NULL, NULL, NULL, NULL, NULL, NULL, NULL, NULL, NULL, NULL, NULL, NULL, NULL, NULL, NULL, NULL, NULL, NULL, NULL, NULL, NULL, NULL, NULL, NULL, NULL, '2016-09-19 16:12:41', NULL),
(52, 7, 0, 0, 1, 1, 0, 0, NULL, NULL, NULL, NULL, 0, NULL, NULL, NULL, NULL, NULL, NULL, NULL, NULL, NULL, NULL, NULL, NULL, NULL, NULL, NULL, NULL, NULL, NULL, NULL, NULL, NULL, NULL, NULL, NULL, NULL, NULL, NULL, NULL, NULL, NULL, NULL, NULL, NULL, NULL, NULL, '2016-09-19 16:12:41', NULL),
(53, 7, 0, 0, 1, 1, 0, 0, NULL, NULL, NULL, NULL, 0, NULL, NULL, NULL, NULL, NULL, NULL, NULL, NULL, NULL, NULL, NULL, NULL, NULL, NULL, NULL, NULL, NULL, NULL, NULL, NULL, NULL, NULL, NULL, NULL, NULL, NULL, NULL, NULL, NULL, NULL, NULL, NULL, NULL, NULL, NULL, '2016-09-19 16:12:41', NULL),
(54, 5, 0, 0, 1, 1, 0, 0, NULL, NULL, NULL, NULL, 0, NULL, NULL, NULL, NULL, NULL, NULL, NULL, NULL, NULL, NULL, NULL, NULL, NULL, NULL, NULL, NULL, NULL, NULL, NULL, NULL, NULL, NULL, NULL, NULL, NULL, NULL, NULL, NULL, NULL, NULL, NULL, NULL, NULL, NULL, NULL, '2016-09-19 16:12:41', NULL),
(55, 4, 0, 0, 1, 1, 0, 0, NULL, NULL, NULL, NULL, 0, NULL, NULL, NULL, NULL, NULL, NULL, NULL, NULL, NULL, NULL, NULL, NULL, NULL, NULL, NULL, NULL, NULL, NULL, NULL, NULL, NULL, NULL, NULL, NULL, NULL, NULL, NULL, NULL, NULL, NULL, NULL, NULL, NULL, NULL, NULL, '2016-09-19 16:12:41', NULL),
(56, 3, 0, 0, 1, 1, 0, 0, NULL, NULL, NULL, NULL, 0, NULL, NULL, NULL, NULL, NULL, NULL, NULL, NULL, NULL, NULL, NULL, NULL, NULL, NULL, NULL, NULL, NULL, NULL, NULL, NULL, NULL, NULL, NULL, NULL, NULL, NULL, NULL, NULL, NULL, NULL, NULL, NULL, NULL, NULL, NULL, '2016-09-19 16:12:41', NULL),
(57, 3, 0, 0, 1, 1, 0, 0, NULL, NULL, NULL, NULL, 0, NULL, NULL, NULL, NULL, NULL, NULL, NULL, NULL, NULL, NULL, NULL, NULL, NULL, NULL, NULL, NULL, NULL, NULL, NULL, NULL, NULL, NULL, NULL, NULL, NULL, NULL, NULL, NULL, NULL, NULL, NULL, NULL, NULL, NULL, NULL, '2016-09-19 16:12:41', NULL),
(58, 6, 0, 0, 1, 1, 0, 0, NULL, NULL, NULL, NULL, 0, NULL, NULL, NULL, NULL, NULL, NULL, NULL, NULL, NULL, NULL, NULL, NULL, NULL, NULL, NULL, NULL, NULL, NULL, NULL, NULL, NULL, NULL, NULL, NULL, NULL, NULL, NULL, NULL, NULL, NULL, NULL, NULL, NULL, NULL, NULL, '2016-09-19 16:12:41', NULL),
(59, 1, 0, 0, 1, 1, 0, 0, NULL, NULL, NULL, NULL, 0, NULL, NULL, NULL, NULL, NULL, NULL, NULL, NULL, NULL, NULL, NULL, NULL, NULL, NULL, NULL, NULL, NULL, NULL, NULL, NULL, NULL, NULL, NULL, NULL, NULL, NULL, NULL, NULL, NULL, NULL, NULL, NULL, NULL, NULL, NULL, '2016-09-19 16:12:41', NULL),
(60, 5, 0, 0, 1, 1, 0, 0, NULL, NULL, NULL, NULL, 0, NULL, NULL, NULL, NULL, NULL, NULL, NULL, NULL, NULL, NULL, NULL, NULL, NULL, NULL, NULL, NULL, NULL, NULL, NULL, NULL, NULL, NULL, NULL, NULL, NULL, NULL, NULL, NULL, NULL, NULL, NULL, NULL, NULL, NULL, NULL, '2016-09-19 16:12:41', NULL),
(61, 4, 0, 0, 1, 1, 0, 0, NULL, NULL, NULL, NULL, 0, NULL, NULL, NULL, NULL, NULL, NULL, NULL, NULL, NULL, NULL, NULL, NULL, NULL, NULL, NULL, NULL, NULL, NULL, NULL, NULL, NULL, NULL, NULL, NULL, NULL, NULL, NULL, NULL, NULL, NULL, NULL, NULL, NULL, NULL, NULL, '2016-09-19 16:12:41', NULL),
(62, 3, 0, 0, 1, 1, 0, 0, NULL, NULL, NULL, NULL, 0, NULL, NULL, NULL, NULL, NULL, NULL, NULL, NULL, NULL, NULL, NULL, NULL, NULL, NULL, NULL, NULL, NULL, NULL, NULL, NULL, NULL, NULL, NULL, NULL, NULL, NULL, NULL, NULL, NULL, NULL, NULL, NULL, NULL, NULL, NULL, '2016-09-19 16:12:41', NULL),
(63, 6, 0, 0, 1, 1, 0, 0, NULL, NULL, NULL, NULL, 0, NULL, NULL, NULL, NULL, NULL, NULL, NULL, NULL, NULL, NULL, NULL, NULL, NULL, NULL, NULL, NULL, NULL, NULL, NULL, NULL, NULL, NULL, NULL, NULL, NULL, NULL, NULL, NULL, NULL, NULL, NULL, NULL, NULL, NULL, NULL, '2016-09-19 16:12:41', NULL),
(64, 8, 0, 0, 1, 1, 0, 0, NULL, NULL, NULL, NULL, 0, NULL, NULL, NULL, NULL, NULL, NULL, NULL, NULL, NULL, NULL, NULL, NULL, NULL, NULL, NULL, NULL, NULL, NULL, NULL, NULL, NULL, NULL, NULL, NULL, NULL, NULL, NULL, NULL, NULL, NULL, NULL, NULL, NULL, NULL, NULL, '2016-09-19 16:12:41', NULL),
(65, 3, 0, 0, 1, 1, 0, 0, NULL, NULL, NULL, NULL, 0, NULL, NULL, NULL, NULL, NULL, NULL, NULL, NULL, NULL, NULL, NULL, NULL, NULL, NULL, NULL, NULL, NULL, NULL, NULL, NULL, NULL, NULL, NULL, NULL, NULL, NULL, NULL, NULL, NULL, NULL, NULL, NULL, NULL, NULL, NULL, '2016-09-19 16:12:41', NULL),
(66, 1, 0, 0, 1, 1, 0, 0, NULL, NULL, NULL, NULL, 0, NULL, NULL, NULL, NULL, NULL, NULL, NULL, NULL, NULL, NULL, NULL, NULL, NULL, NULL, NULL, NULL, NULL, NULL, NULL, NULL, NULL, NULL, NULL, NULL, NULL, NULL, NULL, NULL, NULL, NULL, NULL, NULL, NULL, NULL, NULL, '2016-09-19 16:12:41', NULL),
(67, 6, 0, 0, 1, 1, 0, 0, NULL, NULL, NULL, NULL, 0, NULL, NULL, NULL, NULL, NULL, NULL, NULL, NULL, NULL, NULL, NULL, NULL, NULL, NULL, NULL, NULL, NULL, NULL, NULL, NULL, NULL, NULL, NULL, NULL, NULL, NULL, NULL, NULL, NULL, NULL, NULL, NULL, NULL, NULL, NULL, '2016-09-19 16:12:41', NULL),
(68, 8, 0, 0, 1, 1, 0, 0, NULL, NULL, NULL, NULL, 0, NULL, NULL, NULL, NULL, NULL, NULL, NULL, NULL, NULL, NULL, NULL, NULL, NULL, NULL, NULL, NULL, NULL, NULL, NULL, NULL, NULL, NULL, NULL, NULL, NULL, NULL, NULL, NULL, NULL, NULL, NULL, NULL, NULL, NULL, NULL, '2016-09-19 16:12:41', NULL),
(69, 4, 0, 0, 1, 1, 0, 0, NULL, NULL, NULL, NULL, 0, NULL, NULL, NULL, NULL, NULL, NULL, NULL, NULL, NULL, NULL, NULL, NULL, NULL, NULL, NULL, NULL, NULL, NULL, NULL, NULL, NULL, NULL, NULL, NULL, NULL, NULL, NULL, NULL, NULL, NULL, NULL, NULL, NULL, NULL, NULL, '2016-09-19 16:12:41', NULL),
(70, 2, 0, 0, 1, 1, 0, 0, NULL, NULL, NULL, NULL, 0, NULL, NULL, NULL, NULL, NULL, NULL, NULL, NULL, NULL, NULL, NULL, NULL, NULL, NULL, NULL, NULL, NULL, NULL, NULL, NULL, NULL, NULL, NULL, NULL, NULL, NULL, NULL, NULL, NULL, NULL, NULL, NULL, NULL, NULL, NULL, '2016-09-19 16:12:41', NULL),
(71, 7, 0, 0, 1, 1, 0, 0, NULL, NULL, NULL, NULL, 0, NULL, NULL, NULL, NULL, NULL, NULL, NULL, NULL, NULL, NULL, NULL, NULL, NULL, NULL, NULL, NULL, NULL, NULL, NULL, NULL, NULL, NULL, NULL, NULL, NULL, NULL, NULL, NULL, NULL, NULL, NULL, NULL, NULL, NULL, NULL, '2016-09-19 16:12:41', NULL),
(72, 1, 0, 0, 1, 1, 0, 0, NULL, NULL, NULL, NULL, 0, NULL, NULL, NULL, NULL, NULL, NULL, NULL, NULL, NULL, NULL, NULL, NULL, NULL, NULL, NULL, NULL, NULL, NULL, NULL, NULL, NULL, NULL, NULL, NULL, NULL, NULL, NULL, NULL, NULL, NULL, NULL, NULL, NULL, NULL, NULL, '2016-09-19 16:12:41', NULL),
(73, 3, 0, 0, 1, 1, 0, 0, NULL, NULL, NULL, NULL, 0, NULL, NULL, NULL, NULL, NULL, NULL, NULL, NULL, NULL, NULL, NULL, NULL, NULL, NULL, NULL, NULL, NULL, NULL, NULL, NULL, NULL, NULL, NULL, NULL, NULL, NULL, NULL, NULL, NULL, NULL, NULL, NULL, NULL, NULL, NULL, '2016-09-19 16:12:41', NULL),
(74, 4, 0, 0, 1, 1, 0, 0, NULL, NULL, NULL, NULL, 0, NULL, NULL, NULL, NULL, NULL, NULL, NULL, NULL, NULL, NULL, NULL, NULL, NULL, NULL, NULL, NULL, NULL, NULL, NULL, NULL, NULL, NULL, NULL, NULL, NULL, NULL, NULL, NULL, NULL, NULL, NULL, NULL, NULL, NULL, NULL, '2016-09-19 16:12:41', NULL),
(75, 9, 0, 0, 1, 1, 0, 0, NULL, NULL, NULL, NULL, 0, NULL, NULL, NULL, NULL, NULL, NULL, NULL, NULL, NULL, NULL, NULL, NULL, NULL, NULL, NULL, NULL, NULL, NULL, NULL, NULL, NULL, NULL, NULL, NULL, NULL, NULL, NULL, NULL, NULL, NULL, NULL, NULL, NULL, NULL, NULL, '2016-09-19 16:12:41', NULL),
(76, 4, 0, 0, 1, 1, 0, 0, NULL, NULL, NULL, NULL, 0, NULL, NULL, NULL, NULL, NULL, NULL, NULL, NULL, NULL, NULL, NULL, NULL, NULL, NULL, NULL, NULL, NULL, NULL, NULL, NULL, NULL, NULL, NULL, NULL, NULL, NULL, NULL, NULL, NULL, NULL, NULL, NULL, NULL, NULL, NULL, '2016-09-19 16:12:41', NULL),
(77, 4, 0, 0, 1, 1, 0, 0, NULL, NULL, NULL, NULL, 0, NULL, NULL, NULL, NULL, NULL, NULL, NULL, NULL, NULL, NULL, NULL, NULL, NULL, NULL, NULL, NULL, NULL, NULL, NULL, NULL, NULL, NULL, NULL, NULL, NULL, NULL, NULL, NULL, NULL, NULL, NULL, NULL, NULL, NULL, NULL, '2016-09-19 16:12:41', NULL),
(78, 6, 0, 0, 1, 1, 0, 0, NULL, NULL, NULL, NULL, 0, NULL, NULL, NULL, NULL, NULL, NULL, NULL, NULL, NULL, NULL, NULL, NULL, NULL, NULL, NULL, NULL, NULL, NULL, NULL, NULL, NULL, NULL, NULL, NULL, NULL, NULL, NULL, NULL, NULL, NULL, NULL, NULL, NULL, NULL, NULL, '2016-09-19 16:12:41', NULL),
(79, 1, 0, 0, 1, 1, 0, 0, NULL, NULL, NULL, NULL, 0, NULL, NULL, NULL, NULL, NULL, NULL, NULL, NULL, NULL, NULL, NULL, NULL, NULL, NULL, NULL, NULL, NULL, NULL, NULL, NULL, NULL, NULL, NULL, NULL, NULL, NULL, NULL, NULL, NULL, NULL, NULL, NULL, NULL, NULL, NULL, '2016-09-19 16:12:41', NULL),
(80, 2, 0, 0, 1, 1, 0, 0, NULL, NULL, NULL, NULL, 0, NULL, NULL, NULL, NULL, NULL, NULL, NULL, NULL, NULL, NULL, NULL, NULL, NULL, NULL, NULL, NULL, NULL, NULL, NULL, NULL, NULL, NULL, NULL, NULL, NULL, NULL, NULL, NULL, NULL, NULL, NULL, NULL, NULL, NULL, NULL, '2016-09-19 16:12:41', NULL),
(81, 6, 0, 0, 1, 1, 0, 0, NULL, NULL, NULL, NULL, 0, NULL, NULL, NULL, NULL, NULL, NULL, NULL, NULL, NULL, NULL, NULL, NULL, NULL, NULL, NULL, NULL, NULL, NULL, NULL, NULL, NULL, NULL, NULL, NULL, NULL, NULL, NULL, NULL, NULL, NULL, NULL, NULL, NULL, NULL, NULL, '2016-09-19 16:12:41', NULL),
(82, 8, 0, 0, 1, 1, 0, 0, NULL, NULL, NULL, NULL, 0, NULL, NULL, NULL, NULL, NULL, NULL, NULL, NULL, NULL, NULL, NULL, NULL, NULL, NULL, NULL, NULL, NULL, NULL, NULL, NULL, NULL, NULL, NULL, NULL, NULL, NULL, NULL, NULL, NULL, NULL, NULL, NULL, NULL, NULL, NULL, '2016-09-19 16:12:41', NULL),
(83, 3, 0, 0, 1, 1, 0, 0, NULL, NULL, NULL, NULL, 0, NULL, NULL, NULL, NULL, NULL, NULL, NULL, NULL, NULL, NULL, NULL, NULL, NULL, NULL, NULL, NULL, NULL, NULL, NULL, NULL, NULL, NULL, NULL, NULL, NULL, NULL, NULL, NULL, NULL, NULL, NULL, NULL, NULL, NULL, NULL, '2016-09-19 16:12:41', NULL),
(84, 8, 0, 0, 1, 1, 0, 0, NULL, NULL, NULL, NULL, 0, NULL, NULL, NULL, NULL, NULL, NULL, NULL, NULL, NULL, NULL, NULL, NULL, NULL, NULL, NULL, NULL, NULL, NULL, NULL, NULL, NULL, NULL, NULL, NULL, NULL, NULL, NULL, NULL, NULL, NULL, NULL, NULL, NULL, NULL, NULL, '2016-09-19 16:12:41', NULL),
(85, 5, 0, 0, 1, 1, 0, 0, NULL, NULL, NULL, NULL, 0, NULL, NULL, NULL, NULL, NULL, NULL, NULL, NULL, NULL, NULL, NULL, NULL, NULL, NULL, NULL, NULL, NULL, NULL, NULL, NULL, NULL, NULL, NULL, NULL, NULL, NULL, NULL, NULL, NULL, NULL, NULL, NULL, NULL, NULL, NULL, '2016-09-19 16:12:41', NULL),
(86, 8, 0, 0, 1, 1, 0, 0, NULL, NULL, NULL, NULL, 0, NULL, NULL, NULL, NULL, NULL, NULL, NULL, NULL, NULL, NULL, NULL, NULL, NULL, NULL, NULL, NULL, NULL, NULL, NULL, NULL, NULL, NULL, NULL, NULL, NULL, NULL, NULL, NULL, NULL, NULL, NULL, NULL, NULL, NULL, NULL, '2016-09-19 16:12:41', NULL),
(87, 5, 0, 0, 1, 1, 0, 0, NULL, NULL, NULL, NULL, 0, NULL, NULL, NULL, NULL, NULL, NULL, NULL, NULL, NULL, NULL, NULL, NULL, NULL, NULL, NULL, NULL, NULL, NULL, NULL, NULL, NULL, NULL, NULL, NULL, NULL, NULL, NULL, NULL, NULL, NULL, NULL, NULL, NULL, NULL, NULL, '2016-09-19 16:12:41', NULL),
(88, 3, 0, 0, 1, 1, 0, 0, NULL, NULL, NULL, NULL, 0, NULL, NULL, NULL, NULL, NULL, NULL, NULL, NULL, NULL, NULL, NULL, NULL, NULL, NULL, NULL, NULL, NULL, NULL, NULL, NULL, NULL, NULL, NULL, NULL, NULL, NULL, NULL, NULL, NULL, NULL, NULL, NULL, NULL, NULL, NULL, '2016-09-19 16:12:41', NULL),
(89, 8, 0, 0, 1, 1, 0, 0, NULL, NULL, NULL, NULL, 0, NULL, NULL, NULL, NULL, NULL, NULL, NULL, NULL, NULL, NULL, NULL, NULL, NULL, NULL, NULL, NULL, NULL, NULL, NULL, NULL, NULL, NULL, NULL, NULL, NULL, NULL, NULL, NULL, NULL, NULL, NULL, NULL, NULL, NULL, NULL, '2016-09-19 16:12:41', NULL),
(90, 3, 0, 0, 1, 1, 0, 0, NULL, NULL, NULL, NULL, 0, NULL, NULL, NULL, NULL, NULL, NULL, NULL, NULL, NULL, NULL, NULL, NULL, NULL, NULL, NULL, NULL, NULL, NULL, NULL, NULL, NULL, NULL, NULL, NULL, NULL, NULL, NULL, NULL, NULL, NULL, NULL, NULL, NULL, NULL, NULL, '2016-09-19 16:12:41', NULL),
(91, 8, 0, 0, 1, 1, 0, 0, NULL, NULL, NULL, NULL, 0, NULL, NULL, NULL, NULL, NULL, NULL, NULL, NULL, NULL, NULL, NULL, NULL, NULL, NULL, NULL, NULL, NULL, NULL, NULL, NULL, NULL, NULL, NULL, NULL, NULL, NULL, NULL, NULL, NULL, NULL, NULL, NULL, NULL, NULL, NULL, '2016-09-19 16:12:41', NULL),
(92, 5, 0, 0, 1, 1, 0, 0, NULL, NULL, NULL, NULL, 0, NULL, NULL, NULL, NULL, NULL, NULL, NULL, NULL, NULL, NULL, NULL, NULL, NULL, NULL, NULL, NULL, NULL, NULL, NULL, NULL, NULL, NULL, NULL, NULL, NULL, NULL, NULL, NULL, NULL, NULL, NULL, NULL, NULL, NULL, NULL, '2016-09-19 16:12:41', NULL),
(93, 1, 0, 0, 1, 1, 0, 0, NULL, NULL, NULL, NULL, 0, NULL, NULL, NULL, NULL, NULL, NULL, NULL, NULL, NULL, NULL, NULL, NULL, NULL, NULL, NULL, NULL, NULL, NULL, NULL, NULL, NULL, NULL, NULL, NULL, NULL, NULL, NULL, NULL, NULL, NULL, NULL, NULL, NULL, NULL, NULL, '2016-09-19 16:12:41', NULL),
(94, 7, 0, 0, 1, 1, 0, 0, NULL, NULL, NULL, NULL, 0, NULL, NULL, NULL, NULL, NULL, NULL, NULL, NULL, NULL, NULL, NULL, NULL, NULL, NULL, NULL, NULL, NULL, NULL, NULL, NULL, NULL, NULL, NULL, NULL, NULL, NULL, NULL, NULL, NULL, NULL, NULL, NULL, NULL, NULL, NULL, '2016-09-19 16:12:41', NULL),
(95, 4, 0, 0, 1, 1, 0, 0, NULL, NULL, NULL, NULL, 0, NULL, NULL, NULL, NULL, NULL, NULL, NULL, NULL, NULL, NULL, NULL, NULL, NULL, NULL, NULL, NULL, NULL, NULL, NULL, NULL, NULL, NULL, NULL, NULL, NULL, NULL, NULL, NULL, NULL, NULL, NULL, NULL, NULL, NULL, NULL, '2016-09-19 16:12:41', NULL),
(96, 6, 0, 0, 1, 1, 0, 0, NULL, NULL, NULL, NULL, 0, NULL, NULL, NULL, NULL, NULL, NULL, NULL, NULL, NULL, NULL, NULL, NULL, NULL, NULL, NULL, NULL, NULL, NULL, NULL, NULL, NULL, NULL, NULL, NULL, NULL, NULL, NULL, NULL, NULL, NULL, NULL, NULL, NULL, NULL, NULL, '2016-09-19 16:12:41', NULL),
(97, 3, 0, 0, 1, 1, 0, 0, NULL, NULL, NULL, NULL, 0, NULL, NULL, NULL, NULL, NULL, NULL, NULL, NULL, NULL, NULL, NULL, NULL, NULL, NULL, NULL, NULL, NULL, NULL, NULL, NULL, NULL, NULL, NULL, NULL, NULL, NULL, NULL, NULL, NULL, NULL, NULL, NULL, NULL, NULL, NULL, '2016-09-19 16:12:41', NULL),
(98, 2, 0, 0, 1, 1, 0, 0, NULL, NULL, NULL, NULL, 0, NULL, NULL, NULL, NULL, NULL, NULL, NULL, NULL, NULL, NULL, NULL, NULL, NULL, NULL, NULL, NULL, NULL, NULL, NULL, NULL, NULL, NULL, NULL, NULL, NULL, NULL, NULL, NULL, NULL, NULL, NULL, NULL, NULL, NULL, NULL, '2016-09-19 16:12:41', NULL),
(99, 1, 9, 9, 4, 5, 24, 24, NULL, NULL, NULL, NULL, 1500000, NULL, NULL, NULL, NULL, NULL, NULL, NULL, NULL, NULL, NULL, NULL, NULL, NULL, NULL, NULL, NULL, NULL, NULL, NULL, NULL, NULL, NULL, NULL, NULL, NULL, NULL, NULL, NULL, NULL, NULL, NULL, NULL, NULL, NULL, NULL, '2016-09-19 16:12:41', NULL),
(100, 9, 5, 5, 4, 5, 42, 42, NULL, NULL, NULL, NULL, 2000000, NULL, NULL, NULL, NULL, NULL, NULL, NULL, NULL, NULL, NULL, NULL, NULL, NULL, NULL, NULL, NULL, NULL, NULL, NULL, NULL, NULL, NULL, NULL, NULL, NULL, NULL, NULL, NULL, NULL, NULL, NULL, NULL, NULL, NULL, NULL, '2016-09-19 16:12:41', NULL),
(101, 7, 1, 2, 5, 1, 1, 1, NULL, NULL, NULL, NULL, 123, NULL, NULL, NULL, NULL, NULL, NULL, NULL, NULL, NULL, NULL, NULL, NULL, NULL, NULL, NULL, NULL, NULL, NULL, NULL, NULL, NULL, NULL, NULL, NULL, NULL, NULL, NULL, NULL, NULL, NULL, NULL, NULL, NULL, NULL, NULL, '2016-09-19 16:12:41', NULL),
(102, 6, 1, 2, 5, 1, 1, 1, NULL, NULL, NULL, NULL, 123, NULL, NULL, NULL, NULL, NULL, NULL, NULL, NULL, NULL, NULL, NULL, NULL, NULL, NULL, NULL, NULL, NULL, NULL, NULL, NULL, NULL, NULL, NULL, NULL, NULL, NULL, NULL, NULL, NULL, NULL, NULL, NULL, NULL, NULL, NULL, '2016-09-19 16:12:41', NULL),
(103, 7, 1, 1, 5, 1, 1, 1, NULL, NULL, NULL, NULL, 123, NULL, NULL, NULL, NULL, NULL, NULL, NULL, NULL, NULL, NULL, NULL, NULL, NULL, NULL, NULL, NULL, NULL, NULL, NULL, NULL, NULL, NULL, NULL, NULL, NULL, NULL, NULL, NULL, NULL, NULL, NULL, NULL, NULL, NULL, NULL, '2016-09-19 16:12:41', NULL),
(104, 8, 0, 0, 1, 1, 0, 0, NULL, NULL, NULL, NULL, 0, NULL, NULL, NULL, NULL, NULL, NULL, NULL, NULL, NULL, NULL, NULL, NULL, NULL, NULL, NULL, NULL, NULL, NULL, NULL, NULL, NULL, NULL, NULL, NULL, NULL, NULL, NULL, NULL, NULL, NULL, NULL, NULL, NULL, NULL, NULL, '2016-09-19 16:12:41', NULL),
(105, 3, 0, 0, 1, 1, 0, 0, NULL, NULL, NULL, NULL, 0, NULL, NULL, NULL, NULL, NULL, NULL, NULL, NULL, NULL, NULL, NULL, NULL, NULL, NULL, NULL, NULL, NULL, NULL, NULL, NULL, NULL, NULL, NULL, NULL, NULL, NULL, NULL, NULL, NULL, NULL, NULL, NULL, NULL, NULL, NULL, '2016-09-19 16:12:41', NULL),
(106, 5, 0, 0, 1, 1, 0, 0, NULL, NULL, NULL, NULL, 0, NULL, NULL, NULL, NULL, NULL, NULL, NULL, NULL, NULL, NULL, NULL, NULL, NULL, NULL, NULL, NULL, NULL, NULL, NULL, NULL, NULL, NULL, NULL, NULL, NULL, NULL, NULL, NULL, NULL, NULL, NULL, NULL, NULL, NULL, NULL, '2016-09-19 16:12:41', NULL),
(107, 9, 0, 0, 1, 1, 0, 0, NULL, NULL, NULL, NULL, 0, NULL, NULL, NULL, NULL, NULL, NULL, NULL, NULL, NULL, NULL, NULL, NULL, NULL, NULL, NULL, NULL, NULL, NULL, NULL, NULL, NULL, NULL, NULL, NULL, NULL, NULL, NULL, NULL, NULL, NULL, NULL, NULL, NULL, NULL, NULL, '2016-09-19 16:12:41', NULL),
(108, 2, 2, 2, 4, 2, 0, 0, NULL, NULL, NULL, NULL, 11234, NULL, NULL, NULL, NULL, NULL, NULL, NULL, NULL, NULL, NULL, NULL, NULL, NULL, NULL, NULL, NULL, NULL, NULL, NULL, NULL, NULL, NULL, NULL, NULL, NULL, NULL, NULL, NULL, NULL, NULL, NULL, NULL, NULL, NULL, NULL, '2016-09-19 16:12:41', NULL),
(109, 7, 0, 0, 1, 1, 0, 0, NULL, NULL, NULL, NULL, 0, NULL, NULL, NULL, NULL, NULL, NULL, NULL, NULL, NULL, NULL, NULL, NULL, NULL, NULL, NULL, NULL, NULL, NULL, NULL, NULL, NULL, NULL, NULL, NULL, NULL, NULL, NULL, NULL, NULL, NULL, NULL, NULL, NULL, NULL, NULL, '2016-09-19 16:12:41', NULL),
(110, 5, 0, 0, 1, 1, 0, 0, NULL, NULL, NULL, NULL, 0, NULL, NULL, NULL, NULL, NULL, NULL, NULL, NULL, NULL, NULL, NULL, NULL, NULL, NULL, NULL, NULL, NULL, NULL, NULL, NULL, NULL, NULL, NULL, NULL, NULL, NULL, NULL, NULL, NULL, NULL, NULL, NULL, NULL, NULL, NULL, '2016-09-19 16:12:41', NULL),
(111, 2, 2, 2, 1, 1, 0, 0, NULL, NULL, NULL, NULL, 1232, NULL, NULL, NULL, NULL, NULL, NULL, NULL, NULL, NULL, NULL, NULL, NULL, NULL, NULL, NULL, NULL, NULL, NULL, NULL, NULL, NULL, NULL, NULL, NULL, NULL, NULL, NULL, NULL, NULL, NULL, NULL, NULL, NULL, NULL, NULL, '2016-09-19 16:12:41', NULL),
(112, 3, 2, 2, 1, 1, 0, 0, NULL, NULL, NULL, NULL, 1232, NULL, NULL, NULL, NULL, NULL, NULL, NULL, NULL, NULL, NULL, NULL, NULL, NULL, NULL, NULL, NULL, NULL, NULL, NULL, NULL, NULL, NULL, NULL, NULL, NULL, NULL, NULL, NULL, NULL, NULL, NULL, NULL, NULL, NULL, NULL, '2016-09-19 16:12:41', NULL),
(113, 2, 127, 127, 1, 1, 0, 0, NULL, NULL, NULL, NULL, 12321, NULL, NULL, NULL, NULL, NULL, NULL, NULL, NULL, NULL, NULL, NULL, NULL, NULL, NULL, NULL, NULL, NULL, NULL, NULL, NULL, NULL, NULL, NULL, NULL, NULL, NULL, NULL, NULL, NULL, NULL, NULL, NULL, NULL, NULL, NULL, '2016-09-19 16:12:41', NULL),
(114, 8, 127, 127, 1, 1, 0, 0, NULL, NULL, NULL, NULL, 12321, NULL, NULL, NULL, NULL, NULL, NULL, NULL, NULL, NULL, NULL, NULL, NULL, NULL, NULL, NULL, NULL, NULL, NULL, NULL, NULL, NULL, NULL, NULL, NULL, NULL, NULL, NULL, NULL, NULL, NULL, NULL, NULL, NULL, NULL, NULL, '2016-09-19 16:12:41', NULL),
(115, 7, 127, 127, 1, 1, 0, 0, NULL, NULL, NULL, NULL, 12321, NULL, NULL, NULL, NULL, NULL, NULL, NULL, NULL, NULL, NULL, NULL, NULL, NULL, NULL, NULL, NULL, NULL, NULL, NULL, NULL, NULL, NULL, NULL, NULL, NULL, NULL, NULL, NULL, NULL, NULL, NULL, NULL, NULL, NULL, NULL, '2016-09-19 16:12:41', NULL),
(116, 3, 127, 127, 1, 1, 0, 0, NULL, NULL, NULL, NULL, 12321, NULL, NULL, NULL, NULL, NULL, NULL, NULL, NULL, NULL, NULL, NULL, NULL, NULL, NULL, NULL, NULL, NULL, NULL, NULL, NULL, NULL, NULL, NULL, NULL, NULL, NULL, NULL, NULL, NULL, NULL, NULL, NULL, NULL, NULL, NULL, '2016-09-19 16:12:41', NULL),
(117, 2, 2, 2, 1, 1, 0, 0, NULL, NULL, NULL, NULL, 1232, NULL, NULL, NULL, NULL, NULL, NULL, NULL, NULL, NULL, NULL, NULL, NULL, NULL, NULL, NULL, NULL, NULL, NULL, NULL, NULL, NULL, NULL, NULL, NULL, NULL, NULL, NULL, NULL, NULL, NULL, NULL, NULL, NULL, NULL, NULL, '2016-09-19 16:12:41', NULL),
(118, 8, 2, 2, 1, 1, 0, 0, NULL, NULL, NULL, NULL, 1232, NULL, NULL, NULL, NULL, NULL, NULL, NULL, NULL, NULL, NULL, NULL, NULL, NULL, NULL, NULL, NULL, NULL, NULL, NULL, NULL, NULL, NULL, NULL, NULL, NULL, NULL, NULL, NULL, NULL, NULL, NULL, NULL, NULL, NULL, NULL, '2016-09-19 16:12:41', NULL),
(119, 8, 2, 2, 1, 1, 0, 0, NULL, NULL, NULL, NULL, 1232, NULL, NULL, NULL, NULL, NULL, NULL, NULL, NULL, NULL, NULL, NULL, NULL, NULL, NULL, NULL, NULL, NULL, NULL, NULL, NULL, NULL, NULL, NULL, NULL, NULL, NULL, NULL, NULL, NULL, NULL, NULL, NULL, NULL, NULL, NULL, '2016-09-19 16:12:41', NULL),
(120, 4, 2, 2, 1, 1, 0, 0, NULL, NULL, NULL, NULL, 1232, NULL, NULL, NULL, NULL, NULL, NULL, NULL, NULL, NULL, NULL, NULL, NULL, NULL, NULL, NULL, NULL, NULL, NULL, NULL, NULL, NULL, NULL, NULL, NULL, NULL, NULL, NULL, NULL, NULL, NULL, NULL, NULL, NULL, NULL, NULL, '2016-09-19 16:12:41', NULL),
(121, 7, 2, 2, 1, 1, 0, 0, NULL, NULL, NULL, NULL, 1232, NULL, NULL, NULL, NULL, NULL, NULL, NULL, NULL, NULL, NULL, NULL, NULL, NULL, NULL, NULL, NULL, NULL, NULL, NULL, NULL, NULL, NULL, NULL, NULL, NULL, NULL, NULL, NULL, NULL, NULL, NULL, NULL, NULL, NULL, NULL, '2016-09-19 16:12:41', NULL),
(122, 5, 2, 2, 1, 1, 0, 0, NULL, NULL, NULL, NULL, 1232, NULL, NULL, NULL, NULL, NULL, NULL, NULL, NULL, NULL, NULL, NULL, NULL, NULL, NULL, NULL, NULL, NULL, NULL, NULL, NULL, NULL, NULL, NULL, NULL, NULL, NULL, NULL, NULL, NULL, NULL, NULL, NULL, NULL, NULL, NULL, '2016-09-19 16:12:41', NULL),
(123, 1, 2, 2, 1, 1, 0, 0, NULL, NULL, NULL, NULL, 1232, NULL, NULL, NULL, NULL, NULL, NULL, NULL, NULL, NULL, NULL, NULL, NULL, NULL, NULL, NULL, NULL, NULL, NULL, NULL, NULL, NULL, NULL, NULL, NULL, NULL, NULL, NULL, NULL, NULL, NULL, NULL, NULL, NULL, NULL, NULL, '2016-09-19 16:12:41', NULL),
(124, 8, 2, 2, 1, 1, 0, 0, NULL, NULL, NULL, NULL, 1232, NULL, NULL, NULL, NULL, NULL, NULL, NULL, NULL, NULL, NULL, NULL, NULL, NULL, NULL, NULL, NULL, NULL, NULL, NULL, NULL, NULL, NULL, NULL, NULL, NULL, NULL, NULL, NULL, NULL, NULL, NULL, NULL, NULL, NULL, NULL, '2016-09-19 16:12:41', NULL),
(125, 1, 2, 2, 1, 1, 0, 0, NULL, NULL, NULL, NULL, 1232, NULL, NULL, NULL, NULL, NULL, NULL, NULL, NULL, NULL, NULL, NULL, NULL, NULL, NULL, NULL, NULL, NULL, NULL, NULL, NULL, NULL, NULL, NULL, NULL, NULL, NULL, NULL, NULL, NULL, NULL, NULL, NULL, NULL, NULL, NULL, '2016-09-19 16:12:41', NULL),
(126, 6, 2, 2, 1, 1, 0, 0, NULL, NULL, NULL, NULL, 1232, NULL, NULL, NULL, NULL, NULL, NULL, NULL, NULL, NULL, NULL, NULL, NULL, NULL, NULL, NULL, NULL, NULL, NULL, NULL, NULL, NULL, NULL, NULL, NULL, NULL, NULL, NULL, NULL, NULL, NULL, NULL, NULL, NULL, NULL, NULL, '2016-09-19 16:12:41', NULL),
(127, 8, 2, 2, 1, 1, 0, 0, NULL, NULL, NULL, NULL, 1232, NULL, NULL, NULL, NULL, NULL, NULL, NULL, NULL, NULL, NULL, NULL, NULL, NULL, NULL, NULL, NULL, NULL, NULL, NULL, NULL, NULL, NULL, NULL, NULL, NULL, NULL, NULL, NULL, NULL, NULL, NULL, NULL, NULL, NULL, NULL, '2016-09-19 16:12:41', NULL),
(128, 6, 2, 2, 1, 1, 0, 0, NULL, NULL, NULL, NULL, 1232, NULL, NULL, NULL, NULL, NULL, NULL, NULL, NULL, NULL, NULL, NULL, NULL, NULL, NULL, NULL, NULL, NULL, NULL, NULL, NULL, NULL, NULL, NULL, NULL, NULL, NULL, NULL, NULL, NULL, NULL, NULL, NULL, NULL, NULL, NULL, '2016-09-19 16:12:41', NULL),
(129, 5, 2, 2, 1, 1, 0, 0, NULL, NULL, NULL, NULL, 1232, NULL, NULL, NULL, NULL, NULL, NULL, NULL, NULL, NULL, NULL, NULL, NULL, NULL, NULL, NULL, NULL, NULL, NULL, NULL, NULL, NULL, NULL, NULL, NULL, NULL, NULL, NULL, NULL, NULL, NULL, NULL, NULL, NULL, NULL, NULL, '2016-09-19 16:12:41', NULL),
(130, 6, 2, 2, 1, 1, 0, 0, NULL, NULL, NULL, NULL, 1232, NULL, NULL, NULL, NULL, NULL, NULL, NULL, NULL, NULL, NULL, NULL, NULL, NULL, NULL, NULL, NULL, NULL, NULL, NULL, NULL, NULL, NULL, NULL, NULL, NULL, NULL, NULL, NULL, NULL, NULL, NULL, NULL, NULL, NULL, NULL, '2016-09-19 16:12:41', NULL),
(131, 6, 2, 2, 1, 1, 0, 0, NULL, NULL, NULL, NULL, 1232, NULL, NULL, NULL, NULL, NULL, NULL, NULL, NULL, NULL, NULL, NULL, NULL, NULL, NULL, NULL, NULL, NULL, NULL, NULL, NULL, NULL, NULL, NULL, NULL, NULL, NULL, NULL, NULL, NULL, NULL, NULL, NULL, NULL, NULL, NULL, '2016-09-19 16:12:41', NULL),
(132, 3, 2, 2, 1, 1, 0, 0, NULL, NULL, NULL, NULL, 1232, NULL, NULL, NULL, NULL, NULL, NULL, NULL, NULL, NULL, NULL, NULL, NULL, NULL, NULL, NULL, NULL, NULL, NULL, NULL, NULL, NULL, NULL, NULL, NULL, NULL, NULL, NULL, NULL, NULL, NULL, NULL, NULL, NULL, NULL, NULL, '2016-09-19 16:12:41', NULL),
(133, 3, 2, 2, 1, 1, 0, 0, NULL, NULL, NULL, NULL, 1232, NULL, NULL, NULL, NULL, NULL, NULL, NULL, NULL, NULL, NULL, NULL, NULL, NULL, NULL, NULL, NULL, NULL, NULL, NULL, NULL, NULL, NULL, NULL, NULL, NULL, NULL, NULL, NULL, NULL, NULL, NULL, NULL, NULL, NULL, NULL, '2016-09-19 16:12:41', NULL),
(134, 9, 2, 2, 1, 1, 0, 0, NULL, NULL, NULL, NULL, 1232, NULL, NULL, NULL, NULL, NULL, NULL, NULL, NULL, NULL, NULL, NULL, NULL, NULL, NULL, NULL, NULL, NULL, NULL, NULL, NULL, NULL, NULL, NULL, NULL, NULL, NULL, NULL, NULL, NULL, NULL, NULL, NULL, NULL, NULL, NULL, '2016-09-19 16:12:41', NULL),
(135, 7, 2, 2, 1, 1, 0, 0, NULL, NULL, NULL, NULL, 1232, NULL, NULL, NULL, NULL, NULL, NULL, NULL, NULL, NULL, NULL, NULL, NULL, NULL, NULL, NULL, NULL, NULL, NULL, NULL, NULL, NULL, NULL, NULL, NULL, NULL, NULL, NULL, NULL, NULL, NULL, NULL, NULL, NULL, NULL, NULL, '2016-09-19 16:12:41', NULL),
(136, 8, 2, 2, 1, 1, 0, 0, NULL, NULL, NULL, NULL, 1232, NULL, NULL, NULL, NULL, NULL, NULL, NULL, NULL, NULL, NULL, NULL, NULL, NULL, NULL, NULL, NULL, NULL, NULL, NULL, NULL, NULL, NULL, NULL, NULL, NULL, NULL, NULL, NULL, NULL, NULL, NULL, NULL, NULL, NULL, NULL, '2016-09-19 16:12:41', NULL),
(137, 8, 2, 2, 1, 1, 0, 0, NULL, NULL, NULL, NULL, 1232, NULL, NULL, NULL, NULL, NULL, NULL, NULL, NULL, NULL, NULL, NULL, NULL, NULL, NULL, NULL, NULL, NULL, NULL, NULL, NULL, NULL, NULL, NULL, NULL, NULL, NULL, NULL, NULL, NULL, NULL, NULL, NULL, NULL, NULL, NULL, '2016-09-19 16:12:41', NULL),
(138, 7, 12, 12, 1, 1, 0, 0, NULL, NULL, NULL, NULL, 213412, NULL, NULL, NULL, NULL, NULL, NULL, NULL, NULL, NULL, NULL, NULL, NULL, NULL, NULL, NULL, NULL, NULL, NULL, NULL, NULL, NULL, NULL, NULL, NULL, NULL, NULL, NULL, NULL, NULL, NULL, NULL, NULL, NULL, NULL, NULL, '2016-09-19 16:12:41', NULL),
(139, 3, 12, 12, 1, 1, 0, 0, NULL, NULL, NULL, NULL, 213412, NULL, NULL, NULL, NULL, NULL, NULL, NULL, NULL, NULL, NULL, NULL, NULL, NULL, NULL, NULL, NULL, NULL, NULL, NULL, NULL, NULL, NULL, NULL, NULL, NULL, NULL, NULL, NULL, NULL, NULL, NULL, NULL, NULL, NULL, NULL, '2016-09-19 16:12:41', NULL),
(140, 9, 12, 12, 1, 1, 0, 0, NULL, NULL, NULL, NULL, 213412, NULL, NULL, NULL, NULL, NULL, NULL, NULL, NULL, NULL, NULL, NULL, NULL, NULL, NULL, NULL, NULL, NULL, NULL, NULL, NULL, NULL, NULL, NULL, NULL, NULL, NULL, NULL, NULL, NULL, NULL, NULL, NULL, NULL, NULL, NULL, '2016-09-19 16:12:41', NULL),
(141, 1, 12, 12, 1, 1, 0, 0, NULL, NULL, NULL, NULL, 213412, NULL, NULL, NULL, NULL, NULL, NULL, NULL, NULL, NULL, NULL, NULL, NULL, NULL, NULL, NULL, NULL, NULL, NULL, NULL, NULL, NULL, NULL, NULL, NULL, NULL, NULL, NULL, NULL, NULL, NULL, NULL, NULL, NULL, NULL, NULL, '2016-09-19 16:12:41', NULL),
(142, 6, 2, 2, 1, 1, 0, 0, NULL, NULL, NULL, NULL, 1232, NULL, NULL, NULL, NULL, NULL, NULL, NULL, NULL, NULL, NULL, NULL, NULL, NULL, NULL, NULL, NULL, NULL, NULL, NULL, NULL, NULL, NULL, NULL, NULL, NULL, NULL, NULL, NULL, NULL, NULL, NULL, NULL, NULL, NULL, NULL, '2016-09-19 16:12:41', NULL),
(143, 5, 12, 12, 1, 1, 0, 0, NULL, NULL, NULL, NULL, 213412, NULL, NULL, NULL, NULL, NULL, NULL, NULL, NULL, NULL, NULL, NULL, NULL, NULL, NULL, NULL, NULL, NULL, NULL, NULL, NULL, NULL, NULL, NULL, NULL, NULL, NULL, NULL, NULL, NULL, NULL, NULL, NULL, NULL, NULL, NULL, '2016-09-19 16:12:41', NULL),
(144, 9, 12, 12, 1, 1, 0, 0, NULL, NULL, NULL, NULL, 213412, NULL, NULL, NULL, NULL, NULL, NULL, NULL, NULL, NULL, NULL, NULL, NULL, NULL, NULL, NULL, NULL, NULL, NULL, NULL, NULL, NULL, NULL, NULL, NULL, NULL, NULL, NULL, NULL, NULL, NULL, NULL, NULL, NULL, NULL, NULL, '2016-09-19 16:12:41', NULL),
(145, 3, 12, 12, 1, 1, 0, 0, NULL, NULL, NULL, NULL, 213412, NULL, NULL, NULL, NULL, NULL, NULL, NULL, NULL, NULL, NULL, NULL, NULL, NULL, NULL, NULL, NULL, NULL, NULL, NULL, NULL, NULL, NULL, NULL, NULL, NULL, NULL, NULL, NULL, NULL, NULL, NULL, NULL, NULL, NULL, NULL, '2016-09-19 16:12:41', NULL),
(146, 3, 12, 12, 1, 1, 0, 0, NULL, NULL, NULL, NULL, 213412, NULL, NULL, NULL, NULL, NULL, NULL, NULL, NULL, NULL, NULL, NULL, NULL, NULL, NULL, NULL, NULL, NULL, NULL, NULL, NULL, NULL, NULL, NULL, NULL, NULL, NULL, NULL, NULL, NULL, NULL, NULL, NULL, NULL, NULL, NULL, '2016-09-19 16:12:41', NULL),
(147, 9, 12, 12, 1, 1, 0, 0, NULL, NULL, NULL, NULL, 213412, NULL, NULL, NULL, NULL, NULL, NULL, NULL, NULL, NULL, NULL, NULL, NULL, NULL, NULL, NULL, NULL, NULL, NULL, NULL, NULL, NULL, NULL, NULL, NULL, NULL, NULL, NULL, NULL, NULL, NULL, NULL, NULL, NULL, NULL, NULL, '2016-09-19 16:12:41', NULL),
(148, 6, 12, 12, 1, 1, 0, 0, NULL, NULL, NULL, NULL, 213412, NULL, NULL, NULL, NULL, NULL, NULL, NULL, NULL, NULL, NULL, NULL, NULL, NULL, NULL, NULL, NULL, NULL, NULL, NULL, NULL, NULL, NULL, NULL, NULL, NULL, NULL, NULL, NULL, NULL, NULL, NULL, NULL, NULL, NULL, NULL, '2016-09-19 16:12:41', NULL),
(149, 2, 12, 12, 1, 1, 0, 0, NULL, NULL, NULL, NULL, 213412, NULL, NULL, NULL, NULL, NULL, NULL, NULL, NULL, NULL, NULL, NULL, NULL, NULL, NULL, NULL, NULL, NULL, NULL, NULL, NULL, NULL, NULL, NULL, NULL, NULL, NULL, NULL, NULL, NULL, NULL, NULL, NULL, NULL, NULL, NULL, '2016-09-19 16:12:41', NULL),
(150, 3, 12, 12, 1, 1, 0, 0, NULL, NULL, NULL, NULL, 213412, NULL, NULL, NULL, NULL, NULL, NULL, NULL, NULL, NULL, NULL, NULL, NULL, NULL, NULL, NULL, NULL, NULL, NULL, NULL, NULL, NULL, NULL, NULL, NULL, NULL, NULL, NULL, NULL, NULL, NULL, NULL, NULL, NULL, NULL, NULL, '2016-09-19 16:12:41', NULL),
(151, 9, 12, 12, 1, 1, 0, 0, NULL, NULL, NULL, NULL, 213412, NULL, NULL, NULL, NULL, NULL, NULL, NULL, NULL, NULL, NULL, NULL, NULL, NULL, NULL, NULL, NULL, NULL, NULL, NULL, NULL, NULL, NULL, NULL, NULL, NULL, NULL, NULL, NULL, NULL, NULL, NULL, NULL, NULL, NULL, NULL, '2016-09-19 16:12:41', NULL),
(152, 8, 12, 12, 1, 1, 0, 0, NULL, NULL, NULL, NULL, 213412, NULL, NULL, NULL, NULL, NULL, NULL, NULL, NULL, NULL, NULL, NULL, NULL, NULL, NULL, NULL, NULL, NULL, NULL, NULL, NULL, NULL, NULL, NULL, NULL, NULL, NULL, NULL, NULL, NULL, NULL, NULL, NULL, NULL, NULL, NULL, '2016-09-19 16:12:41', NULL),
(153, 1, 12, 12, 1, 1, 0, 0, NULL, NULL, NULL, NULL, 213412, NULL, NULL, NULL, NULL, NULL, NULL, NULL, NULL, NULL, NULL, NULL, NULL, NULL, NULL, NULL, NULL, NULL, NULL, NULL, NULL, NULL, NULL, NULL, NULL, NULL, NULL, NULL, NULL, NULL, NULL, NULL, NULL, NULL, NULL, NULL, '2016-09-19 16:12:41', NULL),
(154, 1, 0, 0, 1, 1, 0, 0, NULL, NULL, NULL, NULL, 0, NULL, NULL, NULL, NULL, NULL, NULL, NULL, NULL, NULL, NULL, NULL, NULL, NULL, NULL, NULL, NULL, NULL, NULL, NULL, NULL, NULL, NULL, NULL, NULL, NULL, NULL, NULL, NULL, NULL, NULL, NULL, NULL, NULL, NULL, NULL, '2016-09-19 16:12:41', NULL),
(155, 2, 0, 0, 1, 1, 0, 0, NULL, NULL, NULL, NULL, 0, NULL, NULL, NULL, NULL, NULL, NULL, NULL, NULL, NULL, NULL, NULL, NULL, NULL, NULL, NULL, NULL, NULL, NULL, NULL, NULL, NULL, NULL, NULL, NULL, NULL, NULL, NULL, NULL, NULL, NULL, NULL, NULL, NULL, NULL, NULL, '2016-09-19 16:12:41', NULL),
(172, 6, 0, 0, 1, 1, 0, 0, NULL, NULL, NULL, NULL, 0, NULL, NULL, NULL, NULL, NULL, NULL, NULL, NULL, NULL, NULL, NULL, NULL, NULL, NULL, NULL, NULL, NULL, NULL, NULL, NULL, NULL, NULL, NULL, NULL, NULL, NULL, NULL, NULL, NULL, NULL, NULL, NULL, NULL, NULL, NULL, '2016-09-19 16:12:41', NULL),
(173, 6, 0, 0, 1, 1, 0, 0, NULL, NULL, NULL, NULL, 0, NULL, NULL, NULL, NULL, NULL, NULL, NULL, NULL, NULL, NULL, NULL, NULL, NULL, NULL, NULL, NULL, NULL, NULL, NULL, NULL, NULL, NULL, NULL, NULL, NULL, NULL, NULL, NULL, NULL, NULL, NULL, NULL, NULL, NULL, NULL, '2016-09-19 16:12:41', NULL),
(174, 1, 0, 0, 1, 1, 0, 0, NULL, NULL, NULL, NULL, 0, NULL, NULL, NULL, NULL, NULL, NULL, NULL, NULL, NULL, NULL, NULL, NULL, NULL, NULL, NULL, NULL, NULL, NULL, NULL, NULL, NULL, NULL, NULL, NULL, NULL, NULL, NULL, NULL, NULL, NULL, NULL, NULL, NULL, NULL, NULL, '2016-09-19 16:12:41', NULL),
(175, 7, 0, 0, 1, 1, 0, 0, NULL, NULL, NULL, NULL, 0, NULL, NULL, NULL, NULL, NULL, NULL, NULL, NULL, NULL, NULL, NULL, NULL, NULL, NULL, NULL, NULL, NULL, NULL, NULL, NULL, NULL, NULL, NULL, NULL, NULL, NULL, NULL, NULL, NULL, NULL, NULL, NULL, NULL, NULL, NULL, '2016-09-19 16:12:41', NULL),
(176, 1, 0, 0, 1, 1, 0, 0, NULL, NULL, NULL, NULL, 0, NULL, NULL, NULL, NULL, NULL, NULL, NULL, NULL, NULL, NULL, NULL, NULL, NULL, NULL, NULL, NULL, NULL, NULL, NULL, NULL, NULL, NULL, NULL, NULL, NULL, NULL, NULL, NULL, NULL, NULL, NULL, NULL, NULL, NULL, NULL, '2016-09-19 16:12:41', NULL),
(177, 4, 0, 0, 1, 1, 0, 0, NULL, NULL, NULL, NULL, 0, NULL, NULL, NULL, NULL, NULL, NULL, NULL, NULL, NULL, NULL, NULL, NULL, NULL, NULL, NULL, NULL, NULL, NULL, NULL, NULL, NULL, NULL, NULL, NULL, NULL, NULL, NULL, NULL, NULL, NULL, NULL, NULL, NULL, NULL, NULL, '2016-09-19 16:12:41', NULL),
(178, 9, 0, 0, 1, 1, 0, 0, NULL, NULL, NULL, NULL, 0, NULL, NULL, NULL, NULL, NULL, NULL, NULL, NULL, NULL, NULL, NULL, NULL, NULL, NULL, NULL, NULL, NULL, NULL, NULL, NULL, NULL, NULL, NULL, NULL, NULL, NULL, NULL, NULL, NULL, NULL, NULL, NULL, NULL, NULL, NULL, '2016-09-19 16:12:41', NULL),
(179, 3, 0, 0, 1, 1, 0, 0, NULL, NULL, NULL, NULL, 0, NULL, NULL, NULL, NULL, NULL, NULL, NULL, NULL, NULL, NULL, NULL, NULL, NULL, NULL, NULL, NULL, NULL, NULL, NULL, NULL, NULL, NULL, NULL, NULL, NULL, NULL, NULL, NULL, NULL, NULL, NULL, NULL, NULL, NULL, NULL, '2016-09-19 16:12:41', NULL),
(180, 7, 0, 0, 1, 1, 0, 0, NULL, NULL, NULL, NULL, 0, NULL, NULL, NULL, NULL, NULL, NULL, NULL, NULL, NULL, NULL, NULL, NULL, NULL, NULL, NULL, NULL, NULL, NULL, NULL, NULL, NULL, NULL, NULL, NULL, NULL, NULL, NULL, NULL, NULL, NULL, NULL, NULL, NULL, NULL, NULL, '2016-09-19 16:12:41', NULL),
(181, 7, 0, 0, 1, 1, 0, 0, NULL, NULL, NULL, NULL, 0, NULL, NULL, NULL, NULL, NULL, NULL, NULL, NULL, NULL, NULL, NULL, NULL, NULL, NULL, NULL, NULL, NULL, NULL, NULL, NULL, NULL, NULL, NULL, NULL, NULL, NULL, NULL, NULL, NULL, NULL, NULL, NULL, NULL, NULL, NULL, '2016-09-19 16:12:41', NULL),
(182, 4, 0, 0, 1, 1, 0, 0, NULL, NULL, NULL, NULL, 0, NULL, NULL, NULL, NULL, NULL, NULL, NULL, NULL, NULL, NULL, NULL, NULL, NULL, NULL, NULL, NULL, NULL, NULL, NULL, NULL, NULL, NULL, NULL, NULL, NULL, NULL, NULL, NULL, NULL, NULL, NULL, NULL, NULL, NULL, NULL, '2016-09-19 16:12:41', NULL),
(183, 1, 0, 0, 1, 1, 0, 0, NULL, NULL, NULL, NULL, 0, NULL, NULL, NULL, NULL, NULL, NULL, NULL, NULL, NULL, NULL, NULL, NULL, NULL, NULL, NULL, NULL, NULL, NULL, NULL, NULL, NULL, NULL, NULL, NULL, NULL, NULL, NULL, NULL, NULL, NULL, NULL, NULL, NULL, NULL, NULL, '2016-09-19 16:12:41', NULL),
(184, 8, 0, 0, 1, 1, 0, 0, NULL, NULL, NULL, NULL, 0, NULL, NULL, NULL, NULL, NULL, NULL, NULL, NULL, NULL, NULL, NULL, NULL, NULL, NULL, NULL, NULL, NULL, NULL, NULL, NULL, NULL, NULL, NULL, NULL, NULL, NULL, NULL, NULL, NULL, NULL, NULL, NULL, NULL, NULL, NULL, '2016-09-19 16:12:41', NULL),
(185, 9, 0, 0, 1, 1, 0, 0, NULL, NULL, NULL, NULL, 0, NULL, NULL, NULL, NULL, NULL, NULL, NULL, NULL, NULL, NULL, NULL, NULL, NULL, NULL, NULL, NULL, NULL, NULL, NULL, NULL, NULL, NULL, NULL, NULL, NULL, NULL, NULL, NULL, NULL, NULL, NULL, NULL, NULL, NULL, NULL, '2016-09-19 16:12:41', NULL),
(186, 3, 0, 0, 1, 1, 0, 0, NULL, NULL, NULL, NULL, 0, NULL, NULL, NULL, NULL, NULL, NULL, NULL, NULL, NULL, NULL, NULL, NULL, NULL, NULL, NULL, NULL, NULL, NULL, NULL, NULL, NULL, NULL, NULL, NULL, NULL, NULL, NULL, NULL, NULL, NULL, NULL, NULL, NULL, NULL, NULL, '2016-09-19 16:12:41', NULL),
(187, 5, 0, 0, 1, 1, 0, 0, NULL, NULL, NULL, NULL, 0, NULL, NULL, NULL, NULL, NULL, NULL, NULL, NULL, NULL, NULL, NULL, NULL, NULL, NULL, NULL, NULL, NULL, NULL, NULL, NULL, NULL, NULL, NULL, NULL, NULL, NULL, NULL, NULL, NULL, NULL, NULL, NULL, NULL, NULL, NULL, '2016-09-19 16:12:41', NULL),
(188, 6, 0, 0, 1, 1, 0, 0, NULL, NULL, NULL, NULL, 0, NULL, NULL, NULL, NULL, NULL, NULL, NULL, NULL, NULL, NULL, NULL, NULL, NULL, NULL, NULL, NULL, NULL, NULL, NULL, NULL, NULL, NULL, NULL, NULL, NULL, NULL, NULL, NULL, NULL, NULL, NULL, NULL, NULL, NULL, NULL, '2016-09-19 16:12:41', NULL),
(189, 7, 0, 0, 1, 1, 0, 0, NULL, NULL, NULL, NULL, 0, NULL, NULL, NULL, NULL, NULL, NULL, NULL, NULL, NULL, NULL, NULL, NULL, NULL, NULL, NULL, NULL, NULL, NULL, NULL, NULL, NULL, NULL, NULL, NULL, NULL, NULL, NULL, NULL, NULL, NULL, NULL, NULL, NULL, NULL, NULL, '2016-09-19 16:12:41', NULL),
(190, 5, 2, 2, 1, 1, 0, 0, NULL, NULL, NULL, NULL, 1232, NULL, NULL, NULL, NULL, NULL, NULL, NULL, NULL, NULL, NULL, NULL, NULL, NULL, NULL, NULL, NULL, NULL, NULL, NULL, NULL, NULL, NULL, NULL, NULL, NULL, NULL, NULL, NULL, NULL, NULL, NULL, NULL, NULL, NULL, NULL, '2016-09-19 16:12:41', NULL),
(191, 5, 2, 2, 1, 1, 0, 0, NULL, NULL, NULL, NULL, 1232, NULL, NULL, NULL, NULL, NULL, NULL, NULL, NULL, NULL, NULL, NULL, NULL, NULL, NULL, NULL, NULL, NULL, NULL, NULL, NULL, NULL, NULL, NULL, NULL, NULL, NULL, NULL, NULL, NULL, NULL, NULL, NULL, NULL, NULL, NULL, '2016-09-19 16:12:41', NULL),
(192, 2, 2, 2, 1, 1, 0, 0, NULL, NULL, NULL, NULL, 1232, NULL, NULL, NULL, NULL, NULL, NULL, NULL, NULL, NULL, NULL, NULL, NULL, NULL, NULL, NULL, NULL, NULL, NULL, NULL, NULL, NULL, NULL, NULL, NULL, NULL, NULL, NULL, NULL, NULL, NULL, NULL, NULL, NULL, NULL, NULL, '2016-09-19 16:12:41', NULL),
(193, 2, 2, 2, 1, 1, 0, 0, NULL, NULL, NULL, NULL, 1232, NULL, NULL, NULL, NULL, NULL, NULL, NULL, NULL, NULL, NULL, NULL, NULL, NULL, NULL, NULL, NULL, NULL, NULL, NULL, NULL, NULL, NULL, NULL, NULL, NULL, NULL, NULL, NULL, NULL, NULL, NULL, NULL, NULL, NULL, NULL, '2016-09-19 16:12:41', NULL);
INSERT INTO `realestate_apartments` (`id`, `id_reference_type_apartment`, `floor`, `floor_all`, `id_reference_wall_material`, `id_reference_fund`, `area_general`, `area_living`, `area_kitchen`, `year_build`, `is_under_construction`, `date_putting`, `price`, `conditions`, `clear_sale`, `id_reference_state`, `id_reference_floors`, `id_reference_window_material`, `id_reference_loggia`, `id_reference_balcony`, `has_around_territory`, `id_reference_bathroom`, `id_reference_hot_water`, `id_reference_heating`, `ceiling`, `id_reference_comfort`, `id_reference_adjacency`, `id_reference_location`, `has_concierge`, `year_purchase`, `is_backup_power`, `floor_apartments_count`, `is_free_planing`, `is_guarded`, `is_video_monitoring`, `is_control_access`, `is_parking_guards`, `owners_count`, `minor_owners_count`, `room_count`, `is_penthouse`, `is_apartments`, `has_phone`, `has_internet`, `has_garbage_chute`, `passenger_elevators_count`, `service_elevators_count`, `id_reference_decoration`, `created_at`, `updated_at`) VALUES
(194, 6, 0, 0, 1, 1, 0, 0, NULL, NULL, NULL, NULL, 0, NULL, NULL, NULL, NULL, NULL, NULL, NULL, NULL, NULL, NULL, NULL, NULL, NULL, NULL, NULL, NULL, NULL, NULL, NULL, NULL, NULL, NULL, NULL, NULL, NULL, NULL, NULL, NULL, NULL, NULL, NULL, NULL, NULL, NULL, NULL, '2016-09-19 16:12:41', NULL),
(195, 3, 0, 0, 1, 1, 0, 0, NULL, NULL, NULL, NULL, 0, NULL, NULL, NULL, NULL, NULL, NULL, NULL, NULL, NULL, NULL, NULL, NULL, NULL, NULL, NULL, NULL, NULL, NULL, NULL, NULL, NULL, NULL, NULL, NULL, NULL, NULL, NULL, NULL, NULL, NULL, NULL, NULL, NULL, NULL, NULL, '2016-09-19 16:12:41', NULL),
(196, 6, 0, 0, 1, 1, 0, 0, NULL, NULL, NULL, NULL, 0, NULL, NULL, NULL, NULL, NULL, NULL, NULL, NULL, NULL, NULL, NULL, NULL, NULL, NULL, NULL, NULL, NULL, NULL, NULL, NULL, NULL, NULL, NULL, NULL, NULL, NULL, NULL, NULL, NULL, NULL, NULL, NULL, NULL, NULL, NULL, '2016-09-19 16:12:41', NULL),
(197, 2, 0, 0, 1, 1, 0, 0, NULL, NULL, NULL, NULL, 0, NULL, NULL, NULL, NULL, NULL, NULL, NULL, NULL, NULL, NULL, NULL, NULL, NULL, NULL, NULL, NULL, NULL, NULL, NULL, NULL, NULL, NULL, NULL, NULL, NULL, NULL, NULL, NULL, NULL, NULL, NULL, NULL, NULL, NULL, NULL, '2016-09-19 16:12:41', NULL),
(198, 8, 0, 0, 1, 1, 0, 0, NULL, NULL, NULL, NULL, 0, NULL, NULL, NULL, NULL, NULL, NULL, NULL, NULL, NULL, NULL, NULL, NULL, NULL, NULL, NULL, NULL, NULL, NULL, NULL, NULL, NULL, NULL, NULL, NULL, NULL, NULL, NULL, NULL, NULL, NULL, NULL, NULL, NULL, NULL, NULL, '2016-09-19 16:12:41', NULL),
(199, 9, 0, 0, 1, 1, 0, 0, NULL, NULL, NULL, NULL, 0, NULL, NULL, NULL, NULL, NULL, NULL, NULL, NULL, NULL, NULL, NULL, NULL, NULL, NULL, NULL, NULL, NULL, NULL, NULL, NULL, NULL, NULL, NULL, NULL, NULL, NULL, NULL, NULL, NULL, NULL, NULL, NULL, NULL, NULL, NULL, '2016-09-19 16:12:41', NULL),
(200, 3, 0, 0, 1, 1, 0, 0, NULL, NULL, NULL, NULL, 0, NULL, NULL, NULL, NULL, NULL, NULL, NULL, NULL, NULL, NULL, NULL, NULL, NULL, NULL, NULL, NULL, NULL, NULL, NULL, NULL, NULL, NULL, NULL, NULL, NULL, NULL, NULL, NULL, NULL, NULL, NULL, NULL, NULL, NULL, NULL, '2016-09-19 16:12:41', NULL),
(201, 7, 0, 0, 1, 1, 0, 0, NULL, NULL, NULL, NULL, 0, NULL, NULL, NULL, NULL, NULL, NULL, NULL, NULL, NULL, NULL, NULL, NULL, NULL, NULL, NULL, NULL, NULL, NULL, NULL, NULL, NULL, NULL, NULL, NULL, NULL, NULL, NULL, NULL, NULL, NULL, NULL, NULL, NULL, NULL, NULL, '2016-09-19 16:12:41', NULL),
(202, 4, 0, 0, 1, 1, 0, 0, NULL, NULL, NULL, NULL, 0, NULL, NULL, NULL, NULL, NULL, NULL, NULL, NULL, NULL, NULL, NULL, NULL, NULL, NULL, NULL, NULL, NULL, NULL, NULL, NULL, NULL, NULL, NULL, NULL, NULL, NULL, NULL, NULL, NULL, NULL, NULL, NULL, NULL, NULL, NULL, '2016-09-19 16:12:41', NULL),
(203, 8, 0, 0, 1, 1, 0, 0, NULL, NULL, NULL, NULL, 0, NULL, NULL, NULL, NULL, NULL, NULL, NULL, NULL, NULL, NULL, NULL, NULL, NULL, NULL, NULL, NULL, NULL, NULL, NULL, NULL, NULL, NULL, NULL, NULL, NULL, NULL, NULL, NULL, NULL, NULL, NULL, NULL, NULL, NULL, NULL, '2016-09-19 16:12:41', NULL),
(204, 8, 0, 0, 1, 1, 0, 0, NULL, NULL, NULL, NULL, 0, NULL, NULL, NULL, NULL, NULL, NULL, NULL, NULL, NULL, NULL, NULL, NULL, NULL, NULL, NULL, NULL, NULL, NULL, NULL, NULL, NULL, NULL, NULL, NULL, NULL, NULL, NULL, NULL, NULL, NULL, NULL, NULL, NULL, NULL, NULL, '2016-09-19 16:12:41', NULL),
(205, 9, 0, 0, 1, 1, 0, 0, NULL, NULL, NULL, NULL, 0, NULL, NULL, NULL, NULL, NULL, NULL, NULL, NULL, NULL, NULL, NULL, NULL, NULL, NULL, NULL, NULL, NULL, NULL, NULL, NULL, NULL, NULL, NULL, NULL, NULL, NULL, NULL, NULL, NULL, NULL, NULL, NULL, NULL, NULL, NULL, '2016-09-19 16:12:41', NULL),
(206, 2, 0, 0, 1, 1, 0, 0, NULL, NULL, NULL, NULL, 0, NULL, NULL, NULL, NULL, NULL, NULL, NULL, NULL, NULL, NULL, NULL, NULL, NULL, NULL, NULL, NULL, NULL, NULL, NULL, NULL, NULL, NULL, NULL, NULL, NULL, NULL, NULL, NULL, NULL, NULL, NULL, NULL, NULL, NULL, NULL, '2016-09-19 16:12:41', NULL),
(207, 8, 0, 0, 1, 1, 0, 0, NULL, NULL, NULL, NULL, 0, NULL, NULL, NULL, NULL, NULL, NULL, NULL, NULL, NULL, NULL, NULL, NULL, NULL, NULL, NULL, NULL, NULL, NULL, NULL, NULL, NULL, NULL, NULL, NULL, NULL, NULL, NULL, NULL, NULL, NULL, NULL, NULL, NULL, NULL, NULL, '2016-09-19 16:12:41', NULL),
(208, 7, 0, 0, 1, 1, 0, 0, NULL, NULL, NULL, NULL, 0, NULL, NULL, NULL, NULL, NULL, NULL, NULL, NULL, NULL, NULL, NULL, NULL, NULL, NULL, NULL, NULL, NULL, NULL, NULL, NULL, NULL, NULL, NULL, NULL, NULL, NULL, NULL, NULL, NULL, NULL, NULL, NULL, NULL, NULL, NULL, '2016-09-19 16:12:41', NULL),
(209, 9, 0, 0, 1, 1, 0, 0, NULL, NULL, NULL, NULL, 0, NULL, NULL, NULL, NULL, NULL, NULL, NULL, NULL, NULL, NULL, NULL, NULL, NULL, NULL, NULL, NULL, NULL, NULL, NULL, NULL, NULL, NULL, NULL, NULL, NULL, NULL, NULL, NULL, NULL, NULL, NULL, NULL, NULL, NULL, NULL, '2016-09-19 16:12:41', NULL),
(210, 6, 0, 0, 1, 1, 0, 0, NULL, NULL, NULL, NULL, 0, NULL, NULL, NULL, NULL, NULL, NULL, NULL, NULL, NULL, NULL, NULL, NULL, NULL, NULL, NULL, NULL, NULL, NULL, NULL, NULL, NULL, NULL, NULL, NULL, NULL, NULL, NULL, NULL, NULL, NULL, NULL, NULL, NULL, NULL, NULL, '2016-09-19 16:12:41', NULL),
(211, 4, 0, 0, 1, 1, 0, 0, NULL, NULL, NULL, NULL, 0, NULL, NULL, NULL, NULL, NULL, NULL, NULL, NULL, NULL, NULL, NULL, NULL, NULL, NULL, NULL, NULL, NULL, NULL, NULL, NULL, NULL, NULL, NULL, NULL, NULL, NULL, NULL, NULL, NULL, NULL, NULL, NULL, NULL, NULL, NULL, '2016-09-19 16:12:41', NULL),
(212, 1, 0, 0, 1, 1, 0, 0, NULL, NULL, NULL, NULL, 0, NULL, NULL, NULL, NULL, NULL, NULL, NULL, NULL, NULL, NULL, NULL, NULL, NULL, NULL, NULL, NULL, NULL, NULL, NULL, NULL, NULL, NULL, NULL, NULL, NULL, NULL, NULL, NULL, NULL, NULL, NULL, NULL, NULL, NULL, NULL, '2016-09-19 16:12:41', NULL),
(213, 2, 0, 0, 1, 1, 0, 0, NULL, NULL, NULL, NULL, 0, NULL, NULL, NULL, NULL, NULL, NULL, NULL, NULL, NULL, NULL, NULL, NULL, NULL, NULL, NULL, NULL, NULL, NULL, NULL, NULL, NULL, NULL, NULL, NULL, NULL, NULL, NULL, NULL, NULL, NULL, NULL, NULL, NULL, NULL, NULL, '2016-09-19 16:12:41', NULL),
(214, 5, 0, 0, 1, 1, 0, 0, NULL, NULL, NULL, NULL, 0, NULL, NULL, NULL, NULL, NULL, NULL, NULL, NULL, NULL, NULL, NULL, NULL, NULL, NULL, NULL, NULL, NULL, NULL, NULL, NULL, NULL, NULL, NULL, NULL, NULL, NULL, NULL, NULL, NULL, NULL, NULL, NULL, NULL, NULL, NULL, '2016-09-19 16:12:41', NULL),
(215, 2, 0, 0, 1, 1, 0, 0, NULL, NULL, NULL, NULL, 0, NULL, NULL, NULL, NULL, NULL, NULL, NULL, NULL, NULL, NULL, NULL, NULL, NULL, NULL, NULL, NULL, NULL, NULL, NULL, NULL, NULL, NULL, NULL, NULL, NULL, NULL, NULL, NULL, NULL, NULL, NULL, NULL, NULL, NULL, NULL, '2016-09-19 16:12:41', NULL),
(216, 4, 0, 0, 1, 1, 0, 0, NULL, NULL, NULL, NULL, 0, NULL, NULL, NULL, NULL, NULL, NULL, NULL, NULL, NULL, NULL, NULL, NULL, NULL, NULL, NULL, NULL, NULL, NULL, NULL, NULL, NULL, NULL, NULL, NULL, NULL, NULL, NULL, NULL, NULL, NULL, NULL, NULL, NULL, NULL, NULL, '2016-09-19 16:12:41', NULL),
(217, 2, 0, 0, 1, 1, 0, 0, NULL, NULL, NULL, NULL, 0, NULL, NULL, NULL, NULL, NULL, NULL, NULL, NULL, NULL, NULL, NULL, NULL, NULL, NULL, NULL, NULL, NULL, NULL, NULL, NULL, NULL, NULL, NULL, NULL, NULL, NULL, NULL, NULL, NULL, NULL, NULL, NULL, NULL, NULL, NULL, '2016-09-19 16:12:41', NULL),
(218, 8, 0, 0, 1, 1, 0, 0, NULL, NULL, NULL, NULL, 0, NULL, NULL, NULL, NULL, NULL, NULL, NULL, NULL, NULL, NULL, NULL, NULL, NULL, NULL, NULL, NULL, NULL, NULL, NULL, NULL, NULL, NULL, NULL, NULL, NULL, NULL, NULL, NULL, NULL, NULL, NULL, NULL, NULL, NULL, NULL, '2016-09-19 16:12:41', NULL),
(219, 7, 0, 0, 1, 1, 0, 0, NULL, NULL, NULL, NULL, 0, NULL, NULL, NULL, NULL, NULL, NULL, NULL, NULL, NULL, NULL, NULL, NULL, NULL, NULL, NULL, NULL, NULL, NULL, NULL, NULL, NULL, NULL, NULL, NULL, NULL, NULL, NULL, NULL, NULL, NULL, NULL, NULL, NULL, NULL, NULL, '2016-09-19 16:12:41', NULL),
(220, 9, 0, 0, 1, 1, 0, 0, NULL, NULL, NULL, NULL, 0, NULL, NULL, NULL, NULL, NULL, NULL, NULL, NULL, NULL, NULL, NULL, NULL, NULL, NULL, NULL, NULL, NULL, NULL, NULL, NULL, NULL, NULL, NULL, NULL, NULL, NULL, NULL, NULL, NULL, NULL, NULL, NULL, NULL, NULL, NULL, '2016-09-19 16:12:41', NULL),
(221, 5, 0, 0, 1, 1, 0, 0, NULL, NULL, NULL, NULL, 0, NULL, NULL, NULL, NULL, NULL, NULL, NULL, NULL, NULL, NULL, NULL, NULL, NULL, NULL, NULL, NULL, NULL, NULL, NULL, NULL, NULL, NULL, NULL, NULL, NULL, NULL, NULL, NULL, NULL, NULL, NULL, NULL, NULL, NULL, NULL, '2016-09-19 16:12:41', NULL),
(222, 6, 0, 0, 1, 1, 0, 0, NULL, NULL, NULL, NULL, 0, NULL, NULL, NULL, NULL, NULL, NULL, NULL, NULL, NULL, NULL, NULL, NULL, NULL, NULL, NULL, NULL, NULL, NULL, NULL, NULL, NULL, NULL, NULL, NULL, NULL, NULL, NULL, NULL, NULL, NULL, NULL, NULL, NULL, NULL, NULL, '2016-09-19 16:12:41', NULL),
(223, 8, 0, 0, 1, 1, 0, 0, NULL, NULL, NULL, NULL, 0, NULL, NULL, NULL, NULL, NULL, NULL, NULL, NULL, NULL, NULL, NULL, NULL, NULL, NULL, NULL, NULL, NULL, NULL, NULL, NULL, NULL, NULL, NULL, NULL, NULL, NULL, NULL, NULL, NULL, NULL, NULL, NULL, NULL, NULL, NULL, '2016-09-19 16:12:41', NULL),
(224, 4, 0, 0, 1, 1, 0, 0, NULL, NULL, NULL, NULL, 0, NULL, NULL, NULL, NULL, NULL, NULL, NULL, NULL, NULL, NULL, NULL, NULL, NULL, NULL, NULL, NULL, NULL, NULL, NULL, NULL, NULL, NULL, NULL, NULL, NULL, NULL, NULL, NULL, NULL, NULL, NULL, NULL, NULL, NULL, NULL, '2016-09-19 16:12:41', NULL),
(225, 3, 0, 0, 1, 1, 0, 0, NULL, NULL, NULL, NULL, 0, NULL, NULL, NULL, NULL, NULL, NULL, NULL, NULL, NULL, NULL, NULL, NULL, NULL, NULL, NULL, NULL, NULL, NULL, NULL, NULL, NULL, NULL, NULL, NULL, NULL, NULL, NULL, NULL, NULL, NULL, NULL, NULL, NULL, NULL, NULL, '2016-09-19 16:12:41', NULL),
(226, 5, 0, 0, 1, 1, 0, 0, NULL, NULL, NULL, NULL, 0, NULL, NULL, NULL, NULL, NULL, NULL, NULL, NULL, NULL, NULL, NULL, NULL, NULL, NULL, NULL, NULL, NULL, NULL, NULL, NULL, NULL, NULL, NULL, NULL, NULL, NULL, NULL, NULL, NULL, NULL, NULL, NULL, NULL, NULL, NULL, '2016-09-19 16:12:41', NULL),
(227, 3, 0, 0, 1, 1, 0, 0, NULL, NULL, NULL, NULL, 0, NULL, NULL, NULL, NULL, NULL, NULL, NULL, NULL, NULL, NULL, NULL, NULL, NULL, NULL, NULL, NULL, NULL, NULL, NULL, NULL, NULL, NULL, NULL, NULL, NULL, NULL, NULL, NULL, NULL, NULL, NULL, NULL, NULL, NULL, NULL, '2016-09-19 16:12:41', NULL),
(228, 2, 0, 0, 1, 1, 0, 0, NULL, NULL, NULL, NULL, 0, NULL, NULL, NULL, NULL, NULL, NULL, NULL, NULL, NULL, NULL, NULL, NULL, NULL, NULL, NULL, NULL, NULL, NULL, NULL, NULL, NULL, NULL, NULL, NULL, NULL, NULL, NULL, NULL, NULL, NULL, NULL, NULL, NULL, NULL, NULL, '2016-09-19 16:12:41', NULL),
(229, 7, 0, 0, 1, 1, 0, 0, NULL, NULL, NULL, NULL, 0, NULL, NULL, NULL, NULL, NULL, NULL, NULL, NULL, NULL, NULL, NULL, NULL, NULL, NULL, NULL, NULL, NULL, NULL, NULL, NULL, NULL, NULL, NULL, NULL, NULL, NULL, NULL, NULL, NULL, NULL, NULL, NULL, NULL, NULL, NULL, '2016-09-19 16:12:41', NULL),
(230, 3, 0, 0, 1, 1, 0, 0, NULL, NULL, NULL, NULL, 0, NULL, NULL, NULL, NULL, NULL, NULL, NULL, NULL, NULL, NULL, NULL, NULL, NULL, NULL, NULL, NULL, NULL, NULL, NULL, NULL, NULL, NULL, NULL, NULL, NULL, NULL, NULL, NULL, NULL, NULL, NULL, NULL, NULL, NULL, NULL, '2016-09-19 16:12:41', NULL),
(231, 3, 0, 0, 1, 1, 0, 0, NULL, NULL, NULL, NULL, 0, NULL, NULL, NULL, NULL, NULL, NULL, NULL, NULL, NULL, NULL, NULL, NULL, NULL, NULL, NULL, NULL, NULL, NULL, NULL, NULL, NULL, NULL, NULL, NULL, NULL, NULL, NULL, NULL, NULL, NULL, NULL, NULL, NULL, NULL, NULL, '2016-09-19 16:12:41', NULL),
(232, 7, 0, 0, 1, 1, 0, 0, NULL, NULL, NULL, NULL, 0, NULL, NULL, NULL, NULL, NULL, NULL, NULL, NULL, NULL, NULL, NULL, NULL, NULL, NULL, NULL, NULL, NULL, NULL, NULL, NULL, NULL, NULL, NULL, NULL, NULL, NULL, NULL, NULL, NULL, NULL, NULL, NULL, NULL, NULL, NULL, '2016-09-19 16:12:41', NULL),
(233, 4, 0, 0, 1, 1, 0, 0, NULL, NULL, NULL, NULL, 0, NULL, NULL, NULL, NULL, NULL, NULL, NULL, NULL, NULL, NULL, NULL, NULL, NULL, NULL, NULL, NULL, NULL, NULL, NULL, NULL, NULL, NULL, NULL, NULL, NULL, NULL, NULL, NULL, NULL, NULL, NULL, NULL, NULL, NULL, NULL, '2016-09-19 16:12:41', NULL),
(234, 9, 0, 0, 1, 1, 0, 0, NULL, NULL, NULL, NULL, 0, NULL, NULL, NULL, NULL, NULL, NULL, NULL, NULL, NULL, NULL, NULL, NULL, NULL, NULL, NULL, NULL, NULL, NULL, NULL, NULL, NULL, NULL, NULL, NULL, NULL, NULL, NULL, NULL, NULL, NULL, NULL, NULL, NULL, NULL, NULL, '2016-09-19 16:12:41', NULL),
(235, 8, 0, 0, 1, 1, 0, 0, NULL, NULL, NULL, NULL, 0, NULL, NULL, NULL, NULL, NULL, NULL, NULL, NULL, NULL, NULL, NULL, NULL, NULL, NULL, NULL, NULL, NULL, NULL, NULL, NULL, NULL, NULL, NULL, NULL, NULL, NULL, NULL, NULL, NULL, NULL, NULL, NULL, NULL, NULL, NULL, '2016-09-19 16:12:41', NULL),
(236, 9, 0, 0, 1, 1, 0, 0, NULL, NULL, NULL, NULL, 0, NULL, NULL, NULL, NULL, NULL, NULL, NULL, NULL, NULL, NULL, NULL, NULL, NULL, NULL, NULL, NULL, NULL, NULL, NULL, NULL, NULL, NULL, NULL, NULL, NULL, NULL, NULL, NULL, NULL, NULL, NULL, NULL, NULL, NULL, NULL, '2016-09-19 16:12:41', NULL),
(237, 4, 0, 0, 1, 1, 0, 0, NULL, NULL, NULL, NULL, 0, NULL, NULL, NULL, NULL, NULL, NULL, NULL, NULL, NULL, NULL, NULL, NULL, NULL, NULL, NULL, NULL, NULL, NULL, NULL, NULL, NULL, NULL, NULL, NULL, NULL, NULL, NULL, NULL, NULL, NULL, NULL, NULL, NULL, NULL, NULL, '2016-09-19 16:12:41', NULL),
(238, 1, 0, 0, 1, 1, 0, 0, NULL, NULL, NULL, NULL, 0, NULL, NULL, NULL, NULL, NULL, NULL, NULL, NULL, NULL, NULL, NULL, NULL, NULL, NULL, NULL, NULL, NULL, NULL, NULL, NULL, NULL, NULL, NULL, NULL, NULL, NULL, NULL, NULL, NULL, NULL, NULL, NULL, NULL, NULL, NULL, '2016-09-19 16:12:41', NULL),
(239, 9, 0, 0, 1, 1, 0, 0, NULL, NULL, NULL, NULL, 0, NULL, NULL, NULL, NULL, NULL, NULL, NULL, NULL, NULL, NULL, NULL, NULL, NULL, NULL, NULL, NULL, NULL, NULL, NULL, NULL, NULL, NULL, NULL, NULL, NULL, NULL, NULL, NULL, NULL, NULL, NULL, NULL, NULL, NULL, NULL, '2016-09-19 16:12:41', NULL),
(240, 5, 0, 0, 1, 1, 0, 0, NULL, NULL, NULL, NULL, 0, NULL, NULL, NULL, NULL, NULL, NULL, NULL, NULL, NULL, NULL, NULL, NULL, NULL, NULL, NULL, NULL, NULL, NULL, NULL, NULL, NULL, NULL, NULL, NULL, NULL, NULL, NULL, NULL, NULL, NULL, NULL, NULL, NULL, NULL, NULL, '2016-09-19 16:12:41', NULL),
(241, 9, 0, 0, 1, 1, 0, 0, NULL, NULL, NULL, NULL, 0, NULL, NULL, NULL, NULL, NULL, NULL, NULL, NULL, NULL, NULL, NULL, NULL, NULL, NULL, NULL, NULL, NULL, NULL, NULL, NULL, NULL, NULL, NULL, NULL, NULL, NULL, NULL, NULL, NULL, NULL, NULL, NULL, NULL, NULL, NULL, '2016-09-19 16:12:41', NULL),
(242, 1, 0, 0, 1, 1, 0, 0, NULL, NULL, NULL, NULL, 0, NULL, NULL, NULL, NULL, NULL, NULL, NULL, NULL, NULL, NULL, NULL, NULL, NULL, NULL, NULL, NULL, NULL, NULL, NULL, NULL, NULL, NULL, NULL, NULL, NULL, NULL, NULL, NULL, NULL, NULL, NULL, NULL, NULL, NULL, NULL, '2016-09-19 16:12:41', NULL),
(243, 4, 0, 0, 1, 1, 0, 0, NULL, NULL, NULL, NULL, 0, NULL, NULL, NULL, NULL, NULL, NULL, NULL, NULL, NULL, NULL, NULL, NULL, NULL, NULL, NULL, NULL, NULL, NULL, NULL, NULL, NULL, NULL, NULL, NULL, NULL, NULL, NULL, NULL, NULL, NULL, NULL, NULL, NULL, NULL, NULL, '2016-09-19 16:12:41', NULL),
(244, 7, 0, 0, 1, 1, 0, 0, NULL, NULL, NULL, NULL, 0, NULL, NULL, NULL, NULL, NULL, NULL, NULL, NULL, NULL, NULL, NULL, NULL, NULL, NULL, NULL, NULL, NULL, NULL, NULL, NULL, NULL, NULL, NULL, NULL, NULL, NULL, NULL, NULL, NULL, NULL, NULL, NULL, NULL, NULL, NULL, '2016-09-19 16:12:41', NULL),
(245, 6, 0, 0, 1, 1, 0, 0, NULL, NULL, NULL, NULL, 0, NULL, NULL, NULL, NULL, NULL, NULL, NULL, NULL, NULL, NULL, NULL, NULL, NULL, NULL, NULL, NULL, NULL, NULL, NULL, NULL, NULL, NULL, NULL, NULL, NULL, NULL, NULL, NULL, NULL, NULL, NULL, NULL, NULL, NULL, NULL, '2016-09-19 16:12:41', NULL),
(246, 9, 0, 0, 1, 1, 0, 0, NULL, NULL, NULL, NULL, 0, NULL, NULL, NULL, NULL, NULL, NULL, NULL, NULL, NULL, NULL, NULL, NULL, NULL, NULL, NULL, NULL, NULL, NULL, NULL, NULL, NULL, NULL, NULL, NULL, NULL, NULL, NULL, NULL, NULL, NULL, NULL, NULL, NULL, NULL, NULL, '2016-09-19 16:12:41', NULL),
(247, 9, 2, 2, 1, 1, 0, 0, NULL, NULL, NULL, NULL, 1232, NULL, NULL, NULL, NULL, NULL, NULL, NULL, NULL, NULL, NULL, NULL, NULL, NULL, NULL, NULL, NULL, NULL, NULL, NULL, NULL, NULL, NULL, NULL, NULL, NULL, NULL, NULL, NULL, NULL, NULL, NULL, NULL, NULL, NULL, NULL, '2016-09-19 16:12:41', NULL),
(248, 9, 2, 2, 1, 1, 0, 0, NULL, NULL, NULL, NULL, 1232, NULL, NULL, NULL, NULL, NULL, NULL, NULL, NULL, NULL, NULL, NULL, NULL, NULL, NULL, NULL, NULL, NULL, NULL, NULL, NULL, NULL, NULL, NULL, NULL, NULL, NULL, NULL, NULL, NULL, NULL, NULL, NULL, NULL, NULL, NULL, '2016-09-19 16:12:41', NULL),
(249, 6, 2, 2, 1, 1, 0, 0, NULL, NULL, NULL, NULL, 1232, NULL, NULL, NULL, NULL, NULL, NULL, NULL, NULL, NULL, NULL, NULL, NULL, NULL, NULL, NULL, NULL, NULL, NULL, NULL, NULL, NULL, NULL, NULL, NULL, NULL, NULL, NULL, NULL, NULL, NULL, NULL, NULL, NULL, NULL, NULL, '2016-09-19 16:12:41', NULL),
(250, 3, 2, 2, 1, 1, 0, 0, NULL, NULL, NULL, NULL, 1232, NULL, NULL, NULL, NULL, NULL, NULL, NULL, NULL, NULL, NULL, NULL, NULL, NULL, NULL, NULL, NULL, NULL, NULL, NULL, NULL, NULL, NULL, NULL, NULL, NULL, NULL, NULL, NULL, NULL, NULL, NULL, NULL, NULL, NULL, NULL, '2016-09-19 16:12:41', NULL),
(251, 5, 0, 127, 1, 1, 12, 12, NULL, NULL, NULL, NULL, 0, NULL, NULL, NULL, NULL, NULL, NULL, NULL, NULL, NULL, NULL, NULL, NULL, NULL, NULL, NULL, NULL, NULL, NULL, NULL, NULL, NULL, NULL, NULL, NULL, NULL, NULL, NULL, NULL, NULL, NULL, NULL, NULL, NULL, NULL, NULL, '2016-09-19 16:12:41', NULL),
(252, 6, 0, 127, 1, 1, 12, 12, NULL, NULL, NULL, NULL, 0, NULL, NULL, NULL, NULL, NULL, NULL, NULL, NULL, NULL, NULL, NULL, NULL, NULL, NULL, NULL, NULL, NULL, NULL, NULL, NULL, NULL, NULL, NULL, NULL, NULL, NULL, NULL, NULL, NULL, NULL, NULL, NULL, NULL, NULL, NULL, '2016-09-19 16:12:41', NULL),
(253, 6, 12, 12, 1, 1, 21, 21, NULL, NULL, NULL, NULL, 0, NULL, NULL, NULL, NULL, NULL, NULL, NULL, NULL, NULL, NULL, NULL, NULL, NULL, NULL, NULL, NULL, NULL, NULL, NULL, NULL, NULL, NULL, NULL, NULL, NULL, NULL, NULL, NULL, NULL, NULL, NULL, NULL, NULL, NULL, NULL, '2016-09-19 16:12:41', NULL),
(254, 1, 12, 12, 1, 1, 21, 21, NULL, NULL, NULL, NULL, 0, NULL, NULL, NULL, NULL, NULL, NULL, NULL, NULL, NULL, NULL, NULL, NULL, NULL, NULL, NULL, NULL, NULL, NULL, NULL, NULL, NULL, NULL, NULL, NULL, NULL, NULL, NULL, NULL, NULL, NULL, NULL, NULL, NULL, NULL, NULL, '2016-09-19 16:12:41', NULL),
(255, 6, 2, 2, 1, 1, 0, 0, NULL, NULL, NULL, NULL, 1232, NULL, NULL, NULL, NULL, NULL, NULL, NULL, NULL, NULL, NULL, NULL, NULL, NULL, NULL, NULL, NULL, NULL, NULL, NULL, NULL, NULL, NULL, NULL, NULL, NULL, NULL, NULL, NULL, NULL, NULL, NULL, NULL, NULL, NULL, NULL, '2016-09-19 16:12:41', NULL),
(256, 9, 2, 2, 1, 1, 0, 0, NULL, NULL, NULL, NULL, 1232, NULL, NULL, NULL, NULL, NULL, NULL, NULL, NULL, NULL, NULL, NULL, NULL, NULL, NULL, NULL, NULL, NULL, NULL, NULL, NULL, NULL, NULL, NULL, NULL, NULL, NULL, NULL, NULL, NULL, NULL, NULL, NULL, NULL, NULL, NULL, '2016-09-19 16:12:41', NULL),
(257, 1, 2, 2, 1, 1, 0, 0, NULL, NULL, NULL, NULL, 1232, NULL, NULL, NULL, NULL, NULL, NULL, NULL, NULL, NULL, NULL, NULL, NULL, NULL, NULL, NULL, NULL, NULL, NULL, NULL, NULL, NULL, NULL, NULL, NULL, NULL, NULL, NULL, NULL, NULL, NULL, NULL, NULL, NULL, NULL, NULL, '2016-09-19 16:12:41', NULL),
(258, 3, 2, 2, 1, 1, 0, 0, NULL, NULL, NULL, NULL, 1232, NULL, NULL, NULL, NULL, NULL, NULL, NULL, NULL, NULL, NULL, NULL, NULL, NULL, NULL, NULL, NULL, NULL, NULL, NULL, NULL, NULL, NULL, NULL, NULL, NULL, NULL, NULL, NULL, NULL, NULL, NULL, NULL, NULL, NULL, NULL, '2016-09-19 16:12:41', NULL),
(259, 3, 2, 2, 1, 1, 0, 0, NULL, NULL, NULL, NULL, 1232, NULL, NULL, NULL, NULL, NULL, NULL, NULL, NULL, NULL, NULL, NULL, NULL, NULL, NULL, NULL, NULL, NULL, NULL, NULL, NULL, NULL, NULL, NULL, NULL, NULL, NULL, NULL, NULL, NULL, NULL, NULL, NULL, NULL, NULL, NULL, '2016-09-19 16:12:41', NULL),
(260, 3, 2, 2, 1, 1, 0, 0, NULL, NULL, NULL, NULL, 1232, NULL, NULL, NULL, NULL, NULL, NULL, NULL, NULL, NULL, NULL, NULL, NULL, NULL, NULL, NULL, NULL, NULL, NULL, NULL, NULL, NULL, NULL, NULL, NULL, NULL, NULL, NULL, NULL, NULL, NULL, NULL, NULL, NULL, NULL, NULL, '2016-09-19 16:12:41', NULL),
(261, 8, 2, 2, 1, 1, 0, 0, NULL, NULL, NULL, NULL, 1232, NULL, NULL, NULL, NULL, NULL, NULL, NULL, NULL, NULL, NULL, NULL, NULL, NULL, NULL, NULL, NULL, NULL, NULL, NULL, NULL, NULL, NULL, NULL, NULL, NULL, NULL, NULL, NULL, NULL, NULL, NULL, NULL, NULL, NULL, NULL, '2016-09-19 16:12:41', NULL),
(262, 4, 2, 2, 1, 1, 0, 0, NULL, NULL, NULL, NULL, 1232, NULL, NULL, NULL, NULL, NULL, NULL, NULL, NULL, NULL, NULL, NULL, NULL, NULL, NULL, NULL, NULL, NULL, NULL, NULL, NULL, NULL, NULL, NULL, NULL, NULL, NULL, NULL, NULL, NULL, NULL, NULL, NULL, NULL, NULL, NULL, '2016-09-19 16:12:41', NULL),
(263, 2, 0, 12, 1, 2, 12, 12, NULL, NULL, NULL, NULL, 0, NULL, NULL, NULL, NULL, NULL, NULL, NULL, NULL, NULL, NULL, NULL, NULL, NULL, NULL, NULL, NULL, NULL, NULL, NULL, NULL, NULL, NULL, NULL, NULL, NULL, NULL, NULL, NULL, NULL, NULL, NULL, NULL, NULL, NULL, NULL, '2016-09-19 16:12:41', NULL),
(264, 6, 0, 12, 1, 2, 12, 12, NULL, NULL, NULL, NULL, 0, NULL, NULL, NULL, NULL, NULL, NULL, NULL, NULL, NULL, NULL, NULL, NULL, NULL, NULL, NULL, NULL, NULL, NULL, NULL, NULL, NULL, NULL, NULL, NULL, NULL, NULL, NULL, NULL, NULL, NULL, NULL, NULL, NULL, NULL, NULL, '2016-09-19 16:12:41', NULL),
(265, 8, 0, 12, 1, 2, 12, 12, NULL, NULL, NULL, NULL, 0, NULL, NULL, NULL, NULL, NULL, NULL, NULL, NULL, NULL, NULL, NULL, NULL, NULL, NULL, NULL, NULL, NULL, NULL, NULL, NULL, NULL, NULL, NULL, NULL, NULL, NULL, NULL, NULL, NULL, NULL, NULL, NULL, NULL, NULL, NULL, '2016-09-19 16:12:41', NULL),
(266, 3, 0, 12, 5, 2, 12, 12, NULL, NULL, NULL, NULL, 0, NULL, NULL, NULL, NULL, NULL, NULL, NULL, NULL, NULL, NULL, NULL, NULL, NULL, NULL, NULL, NULL, NULL, NULL, NULL, NULL, NULL, NULL, NULL, NULL, NULL, NULL, NULL, NULL, NULL, NULL, NULL, NULL, NULL, NULL, NULL, '2016-09-19 16:12:41', NULL),
(267, 8, 0, 12, 5, 2, 12, 12, NULL, NULL, NULL, NULL, 0, NULL, NULL, NULL, NULL, NULL, NULL, NULL, NULL, NULL, NULL, NULL, NULL, NULL, NULL, NULL, NULL, NULL, NULL, NULL, NULL, NULL, NULL, NULL, NULL, NULL, NULL, NULL, NULL, NULL, NULL, NULL, NULL, NULL, NULL, NULL, '2016-09-19 16:12:41', NULL),
(268, 4, 0, 12, 5, 2, 12, 12, NULL, NULL, NULL, NULL, 0, NULL, NULL, NULL, NULL, NULL, NULL, NULL, NULL, NULL, NULL, NULL, NULL, NULL, NULL, NULL, NULL, NULL, NULL, NULL, NULL, NULL, NULL, NULL, NULL, NULL, NULL, NULL, NULL, NULL, NULL, NULL, NULL, NULL, NULL, NULL, '2016-09-19 16:12:41', NULL),
(269, 6, 0, 12, 5, 2, 12, 12, NULL, NULL, NULL, NULL, 0, NULL, NULL, NULL, NULL, NULL, NULL, NULL, NULL, NULL, NULL, NULL, NULL, NULL, NULL, NULL, NULL, NULL, NULL, NULL, NULL, NULL, NULL, NULL, NULL, NULL, NULL, NULL, NULL, NULL, NULL, NULL, NULL, NULL, NULL, NULL, '2016-09-19 16:12:41', NULL),
(270, 9, 0, 12, 5, 2, 12, 12, NULL, NULL, NULL, NULL, 0, NULL, NULL, NULL, NULL, NULL, NULL, NULL, NULL, NULL, NULL, NULL, NULL, NULL, NULL, NULL, NULL, NULL, NULL, NULL, NULL, NULL, NULL, NULL, NULL, NULL, NULL, NULL, NULL, NULL, NULL, NULL, NULL, NULL, NULL, NULL, '2016-09-19 16:12:41', NULL),
(271, 7, 0, 12, 5, 2, 12, 12, NULL, NULL, NULL, NULL, 0, NULL, NULL, NULL, NULL, NULL, NULL, NULL, NULL, NULL, NULL, NULL, NULL, NULL, NULL, NULL, NULL, NULL, NULL, NULL, NULL, NULL, NULL, NULL, NULL, NULL, NULL, NULL, NULL, NULL, NULL, NULL, NULL, NULL, NULL, NULL, '2016-09-19 16:12:41', NULL),
(272, 6, 0, 12, 5, 2, 12, 12, NULL, NULL, NULL, NULL, 0, NULL, NULL, NULL, NULL, NULL, NULL, NULL, NULL, NULL, NULL, NULL, NULL, NULL, NULL, NULL, NULL, NULL, NULL, NULL, NULL, NULL, NULL, NULL, NULL, NULL, NULL, NULL, NULL, NULL, NULL, NULL, NULL, NULL, NULL, NULL, '2016-09-19 16:12:41', NULL),
(273, 2, 0, 12, 5, 2, 12, 12, NULL, NULL, NULL, NULL, 0, NULL, NULL, NULL, NULL, NULL, NULL, NULL, NULL, NULL, NULL, NULL, NULL, NULL, NULL, NULL, NULL, NULL, NULL, NULL, NULL, NULL, NULL, NULL, NULL, NULL, NULL, NULL, NULL, NULL, NULL, NULL, NULL, NULL, NULL, NULL, '2016-09-19 16:12:41', NULL),
(274, 8, 0, 12, 5, 2, 12, 12, NULL, NULL, NULL, NULL, 0, NULL, NULL, NULL, NULL, NULL, NULL, NULL, NULL, NULL, NULL, NULL, NULL, NULL, NULL, NULL, NULL, NULL, NULL, NULL, NULL, NULL, NULL, NULL, NULL, NULL, NULL, NULL, NULL, NULL, NULL, NULL, NULL, NULL, NULL, NULL, '2016-09-19 16:12:41', NULL),
(275, 9, 0, 12, 5, 2, 12, 12, NULL, NULL, NULL, NULL, 0, NULL, NULL, NULL, NULL, NULL, NULL, NULL, NULL, NULL, NULL, NULL, NULL, NULL, NULL, NULL, NULL, NULL, NULL, NULL, NULL, NULL, NULL, NULL, NULL, NULL, NULL, NULL, NULL, NULL, NULL, NULL, NULL, NULL, NULL, NULL, '2016-09-19 16:12:41', NULL),
(276, 9, 0, 12, 5, 2, 12, 12, NULL, NULL, NULL, NULL, 0, NULL, NULL, NULL, NULL, NULL, NULL, NULL, NULL, NULL, NULL, NULL, NULL, NULL, NULL, NULL, NULL, NULL, NULL, NULL, NULL, NULL, NULL, NULL, NULL, NULL, NULL, NULL, NULL, NULL, NULL, NULL, NULL, NULL, NULL, NULL, '2016-09-19 16:12:41', NULL),
(277, 9, 0, 12, 5, 2, 12, 12, NULL, NULL, NULL, NULL, 0, NULL, NULL, NULL, NULL, NULL, NULL, NULL, NULL, NULL, NULL, NULL, NULL, NULL, NULL, NULL, NULL, NULL, NULL, NULL, NULL, NULL, NULL, NULL, NULL, NULL, NULL, NULL, NULL, NULL, NULL, NULL, NULL, NULL, NULL, NULL, '2016-09-19 16:12:41', NULL),
(278, 7, 0, 12, 1, 1, 12, 12, NULL, NULL, NULL, NULL, 0, NULL, NULL, NULL, NULL, NULL, NULL, NULL, NULL, NULL, NULL, NULL, NULL, NULL, NULL, NULL, NULL, NULL, NULL, NULL, NULL, NULL, NULL, NULL, NULL, NULL, NULL, NULL, NULL, NULL, NULL, NULL, NULL, NULL, NULL, NULL, '2016-09-19 16:12:41', NULL),
(279, 8, 0, 12, 1, 1, 12, 12, NULL, NULL, NULL, NULL, 0, NULL, NULL, NULL, NULL, NULL, NULL, NULL, NULL, NULL, NULL, NULL, NULL, NULL, NULL, NULL, NULL, NULL, NULL, NULL, NULL, NULL, NULL, NULL, NULL, NULL, NULL, NULL, NULL, NULL, NULL, NULL, NULL, NULL, NULL, NULL, '2016-09-19 16:12:41', NULL),
(280, 9, 0, 12, 1, 1, 12, 12, NULL, NULL, NULL, NULL, 0, NULL, NULL, NULL, NULL, NULL, NULL, NULL, NULL, NULL, NULL, NULL, NULL, NULL, NULL, NULL, NULL, NULL, NULL, NULL, NULL, NULL, NULL, NULL, NULL, NULL, NULL, NULL, NULL, NULL, NULL, NULL, NULL, NULL, NULL, NULL, '2016-09-19 16:12:41', NULL),
(281, 3, 0, 12, 1, 1, 12, 12, NULL, NULL, NULL, NULL, 0, NULL, NULL, NULL, NULL, NULL, NULL, NULL, NULL, NULL, NULL, NULL, NULL, NULL, NULL, NULL, NULL, NULL, NULL, NULL, NULL, NULL, NULL, NULL, NULL, NULL, NULL, NULL, NULL, NULL, NULL, NULL, NULL, NULL, NULL, NULL, '2016-09-19 16:12:41', NULL),
(282, 6, 0, 12, 1, 1, 12, 12, NULL, NULL, NULL, NULL, 0, NULL, NULL, NULL, NULL, NULL, NULL, NULL, NULL, NULL, NULL, NULL, NULL, NULL, NULL, NULL, NULL, NULL, NULL, NULL, NULL, NULL, NULL, NULL, NULL, NULL, NULL, NULL, NULL, NULL, NULL, NULL, NULL, NULL, NULL, NULL, '2016-09-19 16:12:41', NULL),
(283, 3, 1, 3, 3, 2, 75, 75, NULL, NULL, NULL, NULL, 2500000, NULL, NULL, NULL, NULL, NULL, NULL, NULL, NULL, NULL, NULL, NULL, NULL, NULL, NULL, NULL, NULL, NULL, NULL, NULL, NULL, NULL, NULL, NULL, NULL, NULL, NULL, NULL, NULL, NULL, NULL, NULL, NULL, NULL, NULL, NULL, '2016-09-19 16:12:41', NULL),
(284, 6, 0, 0, 1, 1, 0, 0, NULL, NULL, NULL, NULL, 0, NULL, NULL, NULL, NULL, NULL, NULL, NULL, NULL, NULL, NULL, NULL, NULL, NULL, NULL, NULL, NULL, NULL, NULL, NULL, NULL, NULL, NULL, NULL, NULL, NULL, NULL, NULL, NULL, NULL, NULL, NULL, NULL, NULL, NULL, NULL, '2016-09-19 16:12:41', NULL),
(285, 3, 0, 0, 1, 1, 0, 0, NULL, NULL, NULL, NULL, 0, NULL, NULL, NULL, NULL, NULL, NULL, NULL, NULL, NULL, NULL, NULL, NULL, NULL, NULL, NULL, NULL, NULL, NULL, NULL, NULL, NULL, NULL, NULL, NULL, NULL, NULL, NULL, NULL, NULL, NULL, NULL, NULL, NULL, NULL, NULL, '2016-09-19 16:12:41', NULL),
(286, 6, 0, 12, 1, 1, 12, 12, NULL, NULL, NULL, NULL, 0, NULL, NULL, NULL, NULL, NULL, NULL, NULL, NULL, NULL, NULL, NULL, NULL, NULL, NULL, NULL, NULL, NULL, NULL, NULL, NULL, NULL, NULL, NULL, NULL, NULL, NULL, NULL, NULL, NULL, NULL, NULL, NULL, NULL, NULL, NULL, '2016-09-19 16:12:41', NULL),
(287, 1, 0, 12, 1, 1, 12, 12, NULL, NULL, NULL, NULL, 0, NULL, NULL, NULL, NULL, NULL, NULL, NULL, NULL, NULL, NULL, NULL, NULL, NULL, NULL, NULL, NULL, NULL, NULL, NULL, NULL, NULL, NULL, NULL, NULL, NULL, NULL, NULL, NULL, NULL, NULL, NULL, NULL, NULL, NULL, NULL, '2016-09-19 16:12:41', NULL),
(288, 5, 0, 12, 1, 1, 12, 12, NULL, NULL, NULL, NULL, 0, NULL, NULL, NULL, NULL, NULL, NULL, NULL, NULL, NULL, NULL, NULL, NULL, NULL, NULL, NULL, NULL, NULL, NULL, NULL, NULL, NULL, NULL, NULL, NULL, NULL, NULL, NULL, NULL, NULL, NULL, NULL, NULL, NULL, NULL, NULL, '2016-09-19 16:12:41', NULL),
(289, 2, 0, 12, 1, 1, 12, 12, NULL, NULL, NULL, NULL, 0, NULL, NULL, NULL, NULL, NULL, NULL, NULL, NULL, NULL, NULL, NULL, NULL, NULL, NULL, NULL, NULL, NULL, NULL, NULL, NULL, NULL, NULL, NULL, NULL, NULL, NULL, NULL, NULL, NULL, NULL, NULL, NULL, NULL, NULL, NULL, '2016-09-19 16:12:41', NULL),
(290, 4, 0, 12, 1, 1, 12, 12, NULL, NULL, NULL, NULL, 0, NULL, NULL, NULL, NULL, NULL, NULL, NULL, NULL, NULL, NULL, NULL, NULL, NULL, NULL, NULL, NULL, NULL, NULL, NULL, NULL, NULL, NULL, NULL, NULL, NULL, NULL, NULL, NULL, NULL, NULL, NULL, NULL, NULL, NULL, NULL, '2016-09-19 16:12:41', NULL),
(291, 4, 0, 12, 1, 1, 12, 12, NULL, NULL, NULL, NULL, 0, NULL, NULL, NULL, NULL, NULL, NULL, NULL, NULL, NULL, NULL, NULL, NULL, NULL, NULL, NULL, NULL, NULL, NULL, NULL, NULL, NULL, NULL, NULL, NULL, NULL, NULL, NULL, NULL, NULL, NULL, NULL, NULL, NULL, NULL, NULL, '2016-09-19 16:12:41', NULL),
(292, 1, 0, 12, 1, 1, 12, 12, NULL, NULL, NULL, NULL, 0, NULL, NULL, NULL, NULL, NULL, NULL, NULL, NULL, NULL, NULL, NULL, NULL, NULL, NULL, NULL, NULL, NULL, NULL, NULL, NULL, NULL, NULL, NULL, NULL, NULL, NULL, NULL, NULL, NULL, NULL, NULL, NULL, NULL, NULL, NULL, '2016-09-19 16:12:41', NULL),
(293, 9, 0, 12, 1, 1, 12, 12, NULL, NULL, NULL, NULL, 0, NULL, NULL, NULL, NULL, NULL, NULL, NULL, NULL, NULL, NULL, NULL, NULL, NULL, NULL, NULL, NULL, NULL, NULL, NULL, NULL, NULL, NULL, NULL, NULL, NULL, NULL, NULL, NULL, NULL, NULL, NULL, NULL, NULL, NULL, NULL, '2016-09-19 16:12:41', NULL),
(294, 5, 0, 12, 1, 1, 12, 12, NULL, NULL, NULL, NULL, 0, NULL, NULL, NULL, NULL, NULL, NULL, NULL, NULL, NULL, NULL, NULL, NULL, NULL, NULL, NULL, NULL, NULL, NULL, NULL, NULL, NULL, NULL, NULL, NULL, NULL, NULL, NULL, NULL, NULL, NULL, NULL, NULL, NULL, NULL, NULL, '2016-09-19 16:12:41', NULL),
(295, 7, 0, 12, 1, 1, 12, 12, NULL, NULL, NULL, NULL, 0, NULL, NULL, NULL, NULL, NULL, NULL, NULL, NULL, NULL, NULL, NULL, NULL, NULL, NULL, NULL, NULL, NULL, NULL, NULL, NULL, NULL, NULL, NULL, NULL, NULL, NULL, NULL, NULL, NULL, NULL, NULL, NULL, NULL, NULL, NULL, '2016-09-19 16:12:41', NULL),
(296, 9, 1, 12, 1, 1, 1, 1, NULL, NULL, NULL, NULL, 0, NULL, NULL, NULL, NULL, NULL, NULL, NULL, NULL, NULL, NULL, NULL, NULL, NULL, NULL, NULL, NULL, NULL, NULL, NULL, NULL, NULL, NULL, NULL, NULL, NULL, NULL, NULL, NULL, NULL, NULL, NULL, NULL, NULL, NULL, NULL, '2016-09-19 16:12:41', NULL),
(297, 5, 1, 12, 1, 1, 1, 1, NULL, NULL, NULL, NULL, 0, NULL, NULL, NULL, NULL, NULL, NULL, NULL, NULL, NULL, NULL, NULL, NULL, NULL, NULL, NULL, NULL, NULL, NULL, NULL, NULL, NULL, NULL, NULL, NULL, NULL, NULL, NULL, NULL, NULL, NULL, NULL, NULL, NULL, NULL, NULL, '2016-09-19 16:12:41', NULL),
(298, 9, 2, 2, 1, 1, 0, 0, NULL, NULL, NULL, NULL, 1232, NULL, NULL, NULL, NULL, NULL, NULL, NULL, NULL, NULL, NULL, NULL, NULL, NULL, NULL, NULL, NULL, NULL, NULL, NULL, NULL, NULL, NULL, NULL, NULL, NULL, NULL, NULL, NULL, NULL, NULL, NULL, NULL, NULL, NULL, NULL, '2016-09-19 16:12:41', NULL),
(299, 3, 2, 2, 1, 1, 0, 0, NULL, NULL, NULL, NULL, 1232, NULL, NULL, NULL, NULL, NULL, NULL, NULL, NULL, NULL, NULL, NULL, NULL, NULL, NULL, NULL, NULL, NULL, NULL, NULL, NULL, NULL, NULL, NULL, NULL, NULL, NULL, NULL, NULL, NULL, NULL, NULL, NULL, NULL, NULL, NULL, '2016-09-19 16:12:41', NULL),
(300, 6, 2, 2, 1, 1, 0, 0, NULL, NULL, NULL, NULL, 1232, NULL, NULL, NULL, NULL, NULL, NULL, NULL, NULL, NULL, NULL, NULL, NULL, NULL, NULL, NULL, NULL, NULL, NULL, NULL, NULL, NULL, NULL, NULL, NULL, NULL, NULL, NULL, NULL, NULL, NULL, NULL, NULL, NULL, NULL, NULL, '2016-09-19 16:12:41', NULL),
(301, 1, 2, 2, 1, 1, 0, 0, NULL, NULL, NULL, NULL, 1232, NULL, NULL, NULL, NULL, NULL, NULL, NULL, NULL, NULL, NULL, NULL, NULL, NULL, NULL, NULL, NULL, NULL, NULL, NULL, NULL, NULL, NULL, NULL, NULL, NULL, NULL, NULL, NULL, NULL, NULL, NULL, NULL, NULL, NULL, NULL, '2016-09-19 16:12:41', NULL),
(302, 6, 2, 2, 1, 1, 0, 0, NULL, NULL, NULL, NULL, 1232, NULL, NULL, NULL, NULL, NULL, NULL, NULL, NULL, NULL, NULL, NULL, NULL, NULL, NULL, NULL, NULL, NULL, NULL, NULL, NULL, NULL, NULL, NULL, NULL, NULL, NULL, NULL, NULL, NULL, NULL, NULL, NULL, NULL, NULL, NULL, '2016-09-19 16:12:41', NULL),
(303, 7, 2, 2, 1, 1, 0, 0, NULL, NULL, NULL, NULL, 1232, NULL, NULL, NULL, NULL, NULL, NULL, NULL, NULL, NULL, NULL, NULL, NULL, NULL, NULL, NULL, NULL, NULL, NULL, NULL, NULL, NULL, NULL, NULL, NULL, NULL, NULL, NULL, NULL, NULL, NULL, NULL, NULL, NULL, NULL, NULL, '2016-09-19 16:12:41', NULL),
(304, 6, 1, 12, 1, 1, 1, 1, NULL, NULL, NULL, NULL, 0, NULL, NULL, NULL, NULL, NULL, NULL, NULL, NULL, NULL, NULL, NULL, NULL, NULL, NULL, NULL, NULL, NULL, NULL, NULL, NULL, NULL, NULL, NULL, NULL, NULL, NULL, NULL, NULL, NULL, NULL, NULL, NULL, NULL, NULL, NULL, '2016-09-19 16:12:41', NULL),
(305, 2, 12, 12, 1, 1, 1, 1, NULL, NULL, NULL, NULL, 0, NULL, NULL, NULL, NULL, NULL, NULL, NULL, NULL, NULL, NULL, NULL, NULL, NULL, NULL, NULL, NULL, NULL, NULL, NULL, NULL, NULL, NULL, NULL, NULL, NULL, NULL, NULL, NULL, NULL, NULL, NULL, NULL, NULL, NULL, NULL, '2016-09-19 16:12:41', NULL),
(306, 8, 11, 11, 1, 1, 111, 111, NULL, NULL, NULL, NULL, 0, NULL, NULL, NULL, NULL, NULL, NULL, NULL, NULL, NULL, NULL, NULL, NULL, NULL, NULL, NULL, NULL, NULL, NULL, NULL, NULL, NULL, NULL, NULL, NULL, NULL, NULL, NULL, NULL, NULL, NULL, NULL, NULL, NULL, NULL, NULL, '2016-09-19 16:12:41', NULL),
(307, 5, 2, 2, 1, 1, 0, 0, NULL, NULL, NULL, NULL, 1232, NULL, NULL, NULL, NULL, NULL, NULL, NULL, NULL, NULL, NULL, NULL, NULL, NULL, NULL, NULL, NULL, NULL, NULL, NULL, NULL, NULL, NULL, NULL, NULL, NULL, NULL, NULL, NULL, NULL, NULL, NULL, NULL, NULL, NULL, NULL, '2016-09-19 16:12:41', NULL),
(308, 3, 2, 2, 1, 1, 0, 0, NULL, NULL, NULL, NULL, 1232, NULL, NULL, NULL, NULL, NULL, NULL, NULL, NULL, NULL, NULL, NULL, NULL, NULL, NULL, NULL, NULL, NULL, NULL, NULL, NULL, NULL, NULL, NULL, NULL, NULL, NULL, NULL, NULL, NULL, NULL, NULL, NULL, NULL, NULL, NULL, '2016-09-19 16:12:41', NULL),
(309, 8, 2, 2, 1, 1, 0, 0, NULL, NULL, NULL, NULL, 1232, NULL, NULL, NULL, NULL, NULL, NULL, NULL, NULL, NULL, NULL, NULL, NULL, NULL, NULL, NULL, NULL, NULL, NULL, NULL, NULL, NULL, NULL, NULL, NULL, NULL, NULL, NULL, NULL, NULL, NULL, NULL, NULL, NULL, NULL, NULL, '2016-09-19 16:12:41', NULL),
(310, 5, 2, 2, 1, 1, 0, 0, NULL, NULL, NULL, NULL, 1232, NULL, NULL, NULL, NULL, NULL, NULL, NULL, NULL, NULL, NULL, NULL, NULL, NULL, NULL, NULL, NULL, NULL, NULL, NULL, NULL, NULL, NULL, NULL, NULL, NULL, NULL, NULL, NULL, NULL, NULL, NULL, NULL, NULL, NULL, NULL, '2016-09-19 16:12:41', NULL),
(311, 8, 2, 2, 1, 1, 0, 0, NULL, NULL, NULL, NULL, 1232, NULL, NULL, NULL, NULL, NULL, NULL, NULL, NULL, NULL, NULL, NULL, NULL, NULL, NULL, NULL, NULL, NULL, NULL, NULL, NULL, NULL, NULL, NULL, NULL, NULL, NULL, NULL, NULL, NULL, NULL, NULL, NULL, NULL, NULL, NULL, '2016-09-19 16:12:41', NULL),
(312, 7, 11, 121, 1, 1, 111, 111, NULL, NULL, NULL, NULL, 0, NULL, NULL, NULL, NULL, NULL, NULL, NULL, NULL, NULL, NULL, NULL, NULL, NULL, NULL, NULL, NULL, NULL, NULL, NULL, NULL, NULL, NULL, NULL, NULL, NULL, NULL, NULL, NULL, NULL, NULL, NULL, NULL, NULL, NULL, NULL, '2016-09-19 16:12:41', NULL),
(313, 1, 11, 121, 1, 1, 111, 111, NULL, NULL, NULL, NULL, 0, NULL, NULL, NULL, NULL, NULL, NULL, NULL, NULL, NULL, NULL, NULL, NULL, NULL, NULL, NULL, NULL, NULL, NULL, NULL, NULL, NULL, NULL, NULL, NULL, NULL, NULL, NULL, NULL, NULL, NULL, NULL, NULL, NULL, NULL, NULL, '2016-09-19 16:12:41', NULL),
(314, 1, 14, 32, 1, 1, 12, 12, NULL, NULL, NULL, NULL, 0, NULL, NULL, NULL, NULL, NULL, NULL, NULL, NULL, NULL, NULL, NULL, NULL, NULL, NULL, NULL, NULL, NULL, NULL, NULL, NULL, NULL, NULL, NULL, NULL, NULL, NULL, NULL, NULL, NULL, NULL, NULL, NULL, NULL, NULL, NULL, '2016-09-19 16:12:41', NULL),
(315, 3, 12, 13, 1, 1, 1, 1, NULL, NULL, NULL, NULL, 0, NULL, NULL, NULL, NULL, NULL, NULL, NULL, NULL, NULL, NULL, NULL, NULL, NULL, NULL, NULL, NULL, NULL, NULL, NULL, NULL, NULL, NULL, NULL, NULL, NULL, NULL, NULL, NULL, NULL, NULL, NULL, NULL, NULL, NULL, NULL, '2016-09-19 16:12:41', NULL),
(316, 4, 12, 13, 1, 1, 1, 1, NULL, NULL, NULL, NULL, 0, NULL, NULL, NULL, NULL, NULL, NULL, NULL, NULL, NULL, NULL, NULL, NULL, NULL, NULL, NULL, NULL, NULL, NULL, NULL, NULL, NULL, NULL, NULL, NULL, NULL, NULL, NULL, NULL, NULL, NULL, NULL, NULL, NULL, NULL, NULL, '2016-09-19 16:12:41', NULL),
(317, 7, 12, 12, 1, 1, 1, 1, NULL, NULL, NULL, NULL, 0, NULL, NULL, NULL, NULL, NULL, NULL, NULL, NULL, NULL, NULL, NULL, NULL, NULL, NULL, NULL, NULL, NULL, NULL, NULL, NULL, NULL, NULL, NULL, NULL, NULL, NULL, NULL, NULL, NULL, NULL, NULL, NULL, NULL, NULL, NULL, '2016-09-19 16:12:41', NULL),
(318, 6, 2, 2, 1, 1, 0, 0, NULL, NULL, NULL, NULL, 1232, NULL, NULL, NULL, NULL, NULL, NULL, NULL, NULL, NULL, NULL, NULL, NULL, NULL, NULL, NULL, NULL, NULL, NULL, NULL, NULL, NULL, NULL, NULL, NULL, NULL, NULL, NULL, NULL, NULL, NULL, NULL, NULL, NULL, NULL, NULL, '2016-09-19 16:12:41', NULL),
(319, 7, 0, 0, 1, 1, 0, 0, NULL, NULL, NULL, NULL, 0, NULL, NULL, NULL, NULL, NULL, NULL, NULL, NULL, NULL, NULL, NULL, NULL, NULL, NULL, NULL, NULL, NULL, NULL, NULL, NULL, NULL, NULL, NULL, NULL, NULL, NULL, NULL, NULL, NULL, NULL, NULL, NULL, NULL, NULL, NULL, '2016-09-19 16:12:41', NULL),
(320, 7, 1, 3, 1, 1, 1, 1, NULL, NULL, NULL, NULL, 0, NULL, NULL, NULL, NULL, NULL, NULL, NULL, NULL, NULL, NULL, NULL, NULL, NULL, NULL, NULL, NULL, NULL, NULL, NULL, NULL, NULL, NULL, NULL, NULL, NULL, NULL, NULL, NULL, NULL, NULL, NULL, NULL, NULL, NULL, NULL, '2016-09-19 16:12:41', NULL),
(321, 3, 1, 3, 1, 1, 1, 1, NULL, NULL, NULL, NULL, 0, NULL, NULL, NULL, NULL, NULL, NULL, NULL, NULL, NULL, NULL, NULL, NULL, NULL, NULL, NULL, NULL, NULL, NULL, NULL, NULL, NULL, NULL, NULL, NULL, NULL, NULL, NULL, NULL, NULL, NULL, NULL, NULL, NULL, NULL, NULL, '2016-09-19 16:12:41', NULL),
(322, 6, 1, 3, 1, 1, 1, 1, NULL, NULL, NULL, NULL, 0, NULL, NULL, NULL, NULL, NULL, NULL, NULL, NULL, NULL, NULL, NULL, NULL, NULL, NULL, NULL, NULL, NULL, NULL, NULL, NULL, NULL, NULL, NULL, NULL, NULL, NULL, NULL, NULL, NULL, NULL, NULL, NULL, NULL, NULL, NULL, '2016-09-19 16:12:41', NULL),
(323, 1, 1, 3, 1, 1, 1, 1, NULL, NULL, NULL, NULL, 0, NULL, NULL, NULL, NULL, NULL, NULL, NULL, NULL, NULL, NULL, NULL, NULL, NULL, NULL, NULL, NULL, NULL, NULL, NULL, NULL, NULL, NULL, NULL, NULL, NULL, NULL, NULL, NULL, NULL, NULL, NULL, NULL, NULL, NULL, NULL, '2016-09-19 16:12:41', NULL),
(324, 6, 1, 3, 1, 1, 1, 1, NULL, NULL, NULL, NULL, 0, NULL, NULL, NULL, NULL, NULL, NULL, NULL, NULL, NULL, NULL, NULL, NULL, NULL, NULL, NULL, NULL, NULL, NULL, NULL, NULL, NULL, NULL, NULL, NULL, NULL, NULL, NULL, NULL, NULL, NULL, NULL, NULL, NULL, NULL, NULL, '2016-09-19 16:12:41', NULL),
(325, 9, 1, 3, 1, 1, 1, 1, NULL, NULL, NULL, NULL, 0, NULL, NULL, NULL, NULL, NULL, NULL, NULL, NULL, NULL, NULL, NULL, NULL, NULL, NULL, NULL, NULL, NULL, NULL, NULL, NULL, NULL, NULL, NULL, NULL, NULL, NULL, NULL, NULL, NULL, NULL, NULL, NULL, NULL, NULL, NULL, '2016-09-19 16:12:41', NULL),
(326, 7, 1, 3, 1, 1, 1, 1, NULL, NULL, NULL, NULL, 0, NULL, NULL, NULL, NULL, NULL, NULL, NULL, NULL, NULL, NULL, NULL, NULL, NULL, NULL, NULL, NULL, NULL, NULL, NULL, NULL, NULL, NULL, NULL, NULL, NULL, NULL, NULL, NULL, NULL, NULL, NULL, NULL, NULL, NULL, NULL, '2016-09-19 16:12:41', NULL),
(327, 7, 1, 3, 1, 1, 1, 1, NULL, NULL, NULL, NULL, 0, NULL, NULL, NULL, NULL, NULL, NULL, NULL, NULL, NULL, NULL, NULL, NULL, NULL, NULL, NULL, NULL, NULL, NULL, NULL, NULL, NULL, NULL, NULL, NULL, NULL, NULL, NULL, NULL, NULL, NULL, NULL, NULL, NULL, NULL, NULL, '2016-09-19 16:12:41', NULL),
(328, 6, 2, 2, 1, 1, 0, 0, NULL, NULL, NULL, NULL, 1232, NULL, NULL, NULL, NULL, NULL, NULL, NULL, NULL, NULL, NULL, NULL, NULL, NULL, NULL, NULL, NULL, NULL, NULL, NULL, NULL, NULL, NULL, NULL, NULL, NULL, NULL, NULL, NULL, NULL, NULL, NULL, NULL, NULL, NULL, NULL, '2016-09-19 16:12:41', NULL),
(329, 8, 2, 2, 1, 1, 0, 0, NULL, NULL, NULL, NULL, 1232, NULL, NULL, NULL, NULL, NULL, NULL, NULL, NULL, NULL, NULL, NULL, NULL, NULL, NULL, NULL, NULL, NULL, NULL, NULL, NULL, NULL, NULL, NULL, NULL, NULL, NULL, NULL, NULL, NULL, NULL, NULL, NULL, NULL, NULL, NULL, '2016-09-19 16:12:41', NULL),
(330, 3, 1, 2, 5, 4, 1, 1, NULL, NULL, NULL, NULL, 21813, NULL, NULL, NULL, NULL, NULL, NULL, NULL, NULL, NULL, NULL, NULL, NULL, NULL, NULL, NULL, NULL, NULL, NULL, NULL, NULL, NULL, NULL, NULL, NULL, NULL, NULL, NULL, NULL, NULL, NULL, NULL, NULL, NULL, NULL, NULL, '2016-09-19 16:12:41', NULL),
(331, 1, 2, 2, 1, 1, 0, 0, NULL, NULL, NULL, NULL, 1232, NULL, NULL, NULL, NULL, NULL, NULL, NULL, NULL, NULL, NULL, NULL, NULL, NULL, NULL, NULL, NULL, NULL, NULL, NULL, NULL, NULL, NULL, NULL, NULL, NULL, NULL, NULL, NULL, NULL, NULL, NULL, NULL, NULL, NULL, NULL, '2016-09-19 16:12:41', NULL),
(332, 2, 2, 2, 1, 1, 0, 0, NULL, NULL, NULL, NULL, 1232, NULL, NULL, NULL, NULL, NULL, NULL, NULL, NULL, NULL, NULL, NULL, NULL, NULL, NULL, NULL, NULL, NULL, NULL, NULL, NULL, NULL, NULL, NULL, NULL, NULL, NULL, NULL, NULL, NULL, NULL, NULL, NULL, NULL, NULL, NULL, '2016-09-19 16:12:41', NULL),
(333, 8, 2, 65, 2, 3, 4, 4, NULL, NULL, NULL, NULL, 3543453, NULL, NULL, NULL, NULL, NULL, NULL, NULL, NULL, NULL, NULL, NULL, NULL, NULL, NULL, NULL, NULL, NULL, NULL, NULL, NULL, NULL, NULL, NULL, NULL, NULL, NULL, NULL, NULL, NULL, NULL, NULL, NULL, NULL, NULL, NULL, '2016-09-19 16:12:41', NULL),
(334, 6, 2, 2, 1, 1, 0, 0, NULL, NULL, NULL, NULL, 1232, NULL, NULL, NULL, NULL, NULL, NULL, NULL, NULL, NULL, NULL, NULL, NULL, NULL, NULL, NULL, NULL, NULL, NULL, NULL, NULL, NULL, NULL, NULL, NULL, NULL, NULL, NULL, NULL, NULL, NULL, NULL, NULL, NULL, NULL, NULL, '2016-09-19 16:12:41', NULL),
(335, 5, 2, 2, 1, 1, 0, 0, NULL, NULL, NULL, NULL, 1232, NULL, NULL, NULL, NULL, NULL, NULL, NULL, NULL, NULL, NULL, NULL, NULL, NULL, NULL, NULL, NULL, NULL, NULL, NULL, NULL, NULL, NULL, NULL, NULL, NULL, NULL, NULL, NULL, NULL, NULL, NULL, NULL, NULL, NULL, NULL, '2016-09-19 16:12:41', NULL),
(336, 7, 2, 2, 1, 1, 0, 0, NULL, NULL, NULL, NULL, 1232, NULL, NULL, NULL, NULL, NULL, NULL, NULL, NULL, NULL, NULL, NULL, NULL, NULL, NULL, NULL, NULL, NULL, NULL, NULL, NULL, NULL, NULL, NULL, NULL, NULL, NULL, NULL, NULL, NULL, NULL, NULL, NULL, NULL, NULL, NULL, '2016-09-19 16:12:41', NULL),
(337, 3, 2, 2, 1, 1, 0, 0, NULL, NULL, NULL, NULL, 1232, NULL, NULL, NULL, NULL, NULL, NULL, NULL, NULL, NULL, NULL, NULL, NULL, NULL, NULL, NULL, NULL, NULL, NULL, NULL, NULL, NULL, NULL, NULL, NULL, NULL, NULL, NULL, NULL, NULL, NULL, NULL, NULL, NULL, NULL, NULL, '2016-09-19 16:12:41', NULL),
(338, 2, 2, 2, 1, 1, 0, 0, NULL, NULL, NULL, NULL, 1232, NULL, NULL, NULL, NULL, NULL, NULL, NULL, NULL, NULL, NULL, NULL, NULL, NULL, NULL, NULL, NULL, NULL, NULL, NULL, NULL, NULL, NULL, NULL, NULL, NULL, NULL, NULL, NULL, NULL, NULL, NULL, NULL, NULL, NULL, NULL, '2016-09-19 16:12:41', NULL),
(339, 9, 2, 2, 1, 1, 0, 0, NULL, NULL, NULL, NULL, 1232, NULL, NULL, NULL, NULL, NULL, NULL, NULL, NULL, NULL, NULL, NULL, NULL, NULL, NULL, NULL, NULL, NULL, NULL, NULL, NULL, NULL, NULL, NULL, NULL, NULL, NULL, NULL, NULL, NULL, NULL, NULL, NULL, NULL, NULL, NULL, '2016-09-19 16:12:41', NULL),
(340, 4, 2, 2, 1, 1, 0, 0, NULL, NULL, NULL, NULL, 1232, NULL, NULL, NULL, NULL, NULL, NULL, NULL, NULL, NULL, NULL, NULL, NULL, NULL, NULL, NULL, NULL, NULL, NULL, NULL, NULL, NULL, NULL, NULL, NULL, NULL, NULL, NULL, NULL, NULL, NULL, NULL, NULL, NULL, NULL, NULL, '2016-09-19 16:12:41', NULL),
(341, 1, 2, 2, 1, 1, 0, 0, NULL, NULL, NULL, NULL, 1232, NULL, NULL, NULL, NULL, NULL, NULL, NULL, NULL, NULL, NULL, NULL, NULL, NULL, NULL, NULL, NULL, NULL, NULL, NULL, NULL, NULL, NULL, NULL, NULL, NULL, NULL, NULL, NULL, NULL, NULL, NULL, NULL, NULL, NULL, NULL, '2016-09-19 16:12:41', NULL),
(342, 8, 2, 2, 1, 1, 0, 0, NULL, NULL, NULL, NULL, 1232, NULL, NULL, NULL, NULL, NULL, NULL, NULL, NULL, NULL, NULL, NULL, NULL, NULL, NULL, NULL, NULL, NULL, NULL, NULL, NULL, NULL, NULL, NULL, NULL, NULL, NULL, NULL, NULL, NULL, NULL, NULL, NULL, NULL, NULL, NULL, '2016-09-19 16:12:41', NULL),
(343, 4, 2, 2, 1, 1, 0, 0, NULL, NULL, NULL, NULL, 1232, NULL, NULL, NULL, NULL, NULL, NULL, NULL, NULL, NULL, NULL, NULL, NULL, NULL, NULL, NULL, NULL, NULL, NULL, NULL, NULL, NULL, NULL, NULL, NULL, NULL, NULL, NULL, NULL, NULL, NULL, NULL, NULL, NULL, NULL, NULL, '2016-09-19 16:12:41', NULL),
(344, 3, 2, 2, 1, 1, 0, 0, NULL, NULL, NULL, NULL, 1232, NULL, NULL, NULL, NULL, NULL, NULL, NULL, NULL, NULL, NULL, NULL, NULL, NULL, NULL, NULL, NULL, NULL, NULL, NULL, NULL, NULL, NULL, NULL, NULL, NULL, NULL, NULL, NULL, NULL, NULL, NULL, NULL, NULL, NULL, NULL, '2016-09-19 16:12:41', NULL),
(345, 4, 2, 2, 1, 1, 0, 0, NULL, NULL, NULL, NULL, 1232, NULL, NULL, NULL, NULL, NULL, NULL, NULL, NULL, NULL, NULL, NULL, NULL, NULL, NULL, NULL, NULL, NULL, NULL, NULL, NULL, NULL, NULL, NULL, NULL, NULL, NULL, NULL, NULL, NULL, NULL, NULL, NULL, NULL, NULL, NULL, '2016-09-19 16:12:41', NULL),
(346, 2, 2, 2, 1, 1, 0, 0, NULL, NULL, NULL, NULL, 1232, NULL, NULL, NULL, NULL, NULL, NULL, NULL, NULL, NULL, NULL, NULL, NULL, NULL, NULL, NULL, NULL, NULL, NULL, NULL, NULL, NULL, NULL, NULL, NULL, NULL, NULL, NULL, NULL, NULL, NULL, NULL, NULL, NULL, NULL, NULL, '2016-09-19 16:12:41', NULL),
(347, 4, 2, 2, 1, 1, 0, 0, NULL, NULL, NULL, NULL, 1232, NULL, NULL, NULL, NULL, NULL, NULL, NULL, NULL, NULL, NULL, NULL, NULL, NULL, NULL, NULL, NULL, NULL, NULL, NULL, NULL, NULL, NULL, NULL, NULL, NULL, NULL, NULL, NULL, NULL, NULL, NULL, NULL, NULL, NULL, NULL, '2016-09-19 16:12:41', NULL),
(348, 4, 2, 2, 1, 1, 0, 0, NULL, NULL, NULL, NULL, 1232, NULL, NULL, NULL, NULL, NULL, NULL, NULL, NULL, NULL, NULL, NULL, NULL, NULL, NULL, NULL, NULL, NULL, NULL, NULL, NULL, NULL, NULL, NULL, NULL, NULL, NULL, NULL, NULL, NULL, NULL, NULL, NULL, NULL, NULL, NULL, '2016-09-19 16:12:41', NULL),
(349, 9, 2, 2, 1, 1, 0, 0, NULL, NULL, NULL, NULL, 1232, NULL, NULL, NULL, NULL, NULL, NULL, NULL, NULL, NULL, NULL, NULL, NULL, NULL, NULL, NULL, NULL, NULL, NULL, NULL, NULL, NULL, NULL, NULL, NULL, NULL, NULL, NULL, NULL, NULL, NULL, NULL, NULL, NULL, NULL, NULL, '2016-09-19 16:12:41', NULL),
(350, 6, 1, 2, 1, 1, 1, 1, NULL, NULL, NULL, NULL, 0, NULL, NULL, NULL, NULL, NULL, NULL, NULL, NULL, NULL, NULL, NULL, NULL, NULL, NULL, NULL, NULL, NULL, NULL, NULL, NULL, NULL, NULL, NULL, NULL, NULL, NULL, NULL, NULL, NULL, NULL, NULL, NULL, NULL, NULL, NULL, '2016-09-19 16:12:41', NULL),
(351, 1, 2, 2, 1, 1, 0, 0, NULL, NULL, NULL, NULL, 1232, NULL, NULL, NULL, NULL, NULL, NULL, NULL, NULL, NULL, NULL, NULL, NULL, NULL, NULL, NULL, NULL, NULL, NULL, NULL, NULL, NULL, NULL, NULL, NULL, NULL, NULL, NULL, NULL, NULL, NULL, NULL, NULL, NULL, NULL, NULL, '2016-09-19 16:12:41', NULL),
(352, 7, 2, 2, 1, 1, 0, 0, NULL, NULL, NULL, NULL, 1232, NULL, NULL, NULL, NULL, NULL, NULL, NULL, NULL, NULL, NULL, NULL, NULL, NULL, NULL, NULL, NULL, NULL, NULL, NULL, NULL, NULL, NULL, NULL, NULL, NULL, NULL, NULL, NULL, NULL, NULL, NULL, NULL, NULL, NULL, NULL, '2016-09-19 16:12:41', NULL),
(353, 4, 2, 2, 1, 1, 0, 0, NULL, NULL, NULL, NULL, 1232, NULL, NULL, NULL, NULL, NULL, NULL, NULL, NULL, NULL, NULL, NULL, NULL, NULL, NULL, NULL, NULL, NULL, NULL, NULL, NULL, NULL, NULL, NULL, NULL, NULL, NULL, NULL, NULL, NULL, NULL, NULL, NULL, NULL, NULL, NULL, '2016-09-19 16:12:41', NULL),
(354, 6, 2, 2, 1, 1, 0, 0, NULL, NULL, NULL, NULL, 1232, NULL, NULL, NULL, NULL, NULL, NULL, NULL, NULL, NULL, NULL, NULL, NULL, NULL, NULL, NULL, NULL, NULL, NULL, NULL, NULL, NULL, NULL, NULL, NULL, NULL, NULL, NULL, NULL, NULL, NULL, NULL, NULL, NULL, NULL, NULL, '2016-09-19 16:12:41', NULL),
(355, 2, 2, 2, 1, 1, 0, 0, NULL, NULL, NULL, NULL, 1232, NULL, NULL, NULL, NULL, NULL, NULL, NULL, NULL, NULL, NULL, NULL, NULL, NULL, NULL, NULL, NULL, NULL, NULL, NULL, NULL, NULL, NULL, NULL, NULL, NULL, NULL, NULL, NULL, NULL, NULL, NULL, NULL, NULL, NULL, NULL, '2016-09-19 16:12:41', NULL),
(356, 8, 2, 2, 1, 1, 0, 0, NULL, NULL, NULL, NULL, 1232, NULL, NULL, NULL, NULL, NULL, NULL, NULL, NULL, NULL, NULL, NULL, NULL, NULL, NULL, NULL, NULL, NULL, NULL, NULL, NULL, NULL, NULL, NULL, NULL, NULL, NULL, NULL, NULL, NULL, NULL, NULL, NULL, NULL, NULL, NULL, '2016-09-19 16:12:41', NULL),
(357, 6, 2, 2, 1, 1, 0, 0, NULL, NULL, NULL, NULL, 1232, NULL, NULL, NULL, NULL, NULL, NULL, NULL, NULL, NULL, NULL, NULL, NULL, NULL, NULL, NULL, NULL, NULL, NULL, NULL, NULL, NULL, NULL, NULL, NULL, NULL, NULL, NULL, NULL, NULL, NULL, NULL, NULL, NULL, NULL, NULL, '2016-09-19 16:12:41', NULL),
(358, 6, 2, 2, 1, 1, 0, 0, NULL, NULL, NULL, NULL, 1232, NULL, NULL, NULL, NULL, NULL, NULL, NULL, NULL, NULL, NULL, NULL, NULL, NULL, NULL, NULL, NULL, NULL, NULL, NULL, NULL, NULL, NULL, NULL, NULL, NULL, NULL, NULL, NULL, NULL, NULL, NULL, NULL, NULL, NULL, NULL, '2016-09-19 16:12:41', NULL),
(359, 4, 2, 2, 1, 1, 0, 0, NULL, NULL, NULL, NULL, 1232, NULL, NULL, NULL, NULL, NULL, NULL, NULL, NULL, NULL, NULL, NULL, NULL, NULL, NULL, NULL, NULL, NULL, NULL, NULL, NULL, NULL, NULL, NULL, NULL, NULL, NULL, NULL, NULL, NULL, NULL, NULL, NULL, NULL, NULL, NULL, '2016-09-19 16:12:41', NULL);
INSERT INTO `realestate_apartments` (`id`, `id_reference_type_apartment`, `floor`, `floor_all`, `id_reference_wall_material`, `id_reference_fund`, `area_general`, `area_living`, `area_kitchen`, `year_build`, `is_under_construction`, `date_putting`, `price`, `conditions`, `clear_sale`, `id_reference_state`, `id_reference_floors`, `id_reference_window_material`, `id_reference_loggia`, `id_reference_balcony`, `has_around_territory`, `id_reference_bathroom`, `id_reference_hot_water`, `id_reference_heating`, `ceiling`, `id_reference_comfort`, `id_reference_adjacency`, `id_reference_location`, `has_concierge`, `year_purchase`, `is_backup_power`, `floor_apartments_count`, `is_free_planing`, `is_guarded`, `is_video_monitoring`, `is_control_access`, `is_parking_guards`, `owners_count`, `minor_owners_count`, `room_count`, `is_penthouse`, `is_apartments`, `has_phone`, `has_internet`, `has_garbage_chute`, `passenger_elevators_count`, `service_elevators_count`, `id_reference_decoration`, `created_at`, `updated_at`) VALUES
(360, 8, 2, 2, 1, 1, 0, 0, NULL, NULL, NULL, NULL, 1232, NULL, NULL, NULL, NULL, NULL, NULL, NULL, NULL, NULL, NULL, NULL, NULL, NULL, NULL, NULL, NULL, NULL, NULL, NULL, NULL, NULL, NULL, NULL, NULL, NULL, NULL, NULL, NULL, NULL, NULL, NULL, NULL, NULL, NULL, NULL, '2016-09-19 16:12:41', NULL),
(361, 8, 2, 2, 1, 1, 0, 0, NULL, NULL, NULL, NULL, 1232, NULL, NULL, NULL, NULL, NULL, NULL, NULL, NULL, NULL, NULL, NULL, NULL, NULL, NULL, NULL, NULL, NULL, NULL, NULL, NULL, NULL, NULL, NULL, NULL, NULL, NULL, NULL, NULL, NULL, NULL, NULL, NULL, NULL, NULL, NULL, '2016-09-19 16:12:41', NULL),
(362, 1, 2, 2, 1, 1, 0, 0, NULL, NULL, NULL, NULL, 1232, NULL, NULL, NULL, NULL, NULL, NULL, NULL, NULL, NULL, NULL, NULL, NULL, NULL, NULL, NULL, NULL, NULL, NULL, NULL, NULL, NULL, NULL, NULL, NULL, NULL, NULL, NULL, NULL, NULL, NULL, NULL, NULL, NULL, NULL, NULL, '2016-09-19 16:12:41', NULL),
(363, 8, 2, 2, 1, 1, 0, 0, NULL, NULL, NULL, NULL, 1232, NULL, NULL, NULL, NULL, NULL, NULL, NULL, NULL, NULL, NULL, NULL, NULL, NULL, NULL, NULL, NULL, NULL, NULL, NULL, NULL, NULL, NULL, NULL, NULL, NULL, NULL, NULL, NULL, NULL, NULL, NULL, NULL, NULL, NULL, NULL, '2016-09-19 16:12:41', NULL),
(364, 8, 2, 2, 1, 1, 0, 0, NULL, NULL, NULL, NULL, 1232, NULL, NULL, NULL, NULL, NULL, NULL, NULL, NULL, NULL, NULL, NULL, NULL, NULL, NULL, NULL, NULL, NULL, NULL, NULL, NULL, NULL, NULL, NULL, NULL, NULL, NULL, NULL, NULL, NULL, NULL, NULL, NULL, NULL, NULL, NULL, '2016-09-19 16:12:41', NULL),
(365, 6, 2, 2, 1, 1, 0, 0, NULL, NULL, NULL, NULL, 1232, NULL, NULL, NULL, NULL, NULL, NULL, NULL, NULL, NULL, NULL, NULL, NULL, NULL, NULL, NULL, NULL, NULL, NULL, NULL, NULL, NULL, NULL, NULL, NULL, NULL, NULL, NULL, NULL, NULL, NULL, NULL, NULL, NULL, NULL, NULL, '2016-09-19 16:12:41', NULL),
(366, 7, 2, 2, 1, 1, 0, 0, NULL, NULL, NULL, NULL, 1232, NULL, NULL, NULL, NULL, NULL, NULL, NULL, NULL, NULL, NULL, NULL, NULL, NULL, NULL, NULL, NULL, NULL, NULL, NULL, NULL, NULL, NULL, NULL, NULL, NULL, NULL, NULL, NULL, NULL, NULL, NULL, NULL, NULL, NULL, NULL, '2016-09-19 16:12:41', NULL),
(367, 7, 2, 2, 1, 1, 0, 0, NULL, NULL, NULL, NULL, 1232, NULL, NULL, NULL, NULL, NULL, NULL, NULL, NULL, NULL, NULL, NULL, NULL, NULL, NULL, NULL, NULL, NULL, NULL, NULL, NULL, NULL, NULL, NULL, NULL, NULL, NULL, NULL, NULL, NULL, NULL, NULL, NULL, NULL, NULL, NULL, '2016-09-19 16:12:41', NULL),
(368, 6, 2, 2, 1, 1, 0, 0, NULL, NULL, NULL, NULL, 1232, NULL, NULL, NULL, NULL, NULL, NULL, NULL, NULL, NULL, NULL, NULL, NULL, NULL, NULL, NULL, NULL, NULL, NULL, NULL, NULL, NULL, NULL, NULL, NULL, NULL, NULL, NULL, NULL, NULL, NULL, NULL, NULL, NULL, NULL, NULL, '2016-09-19 16:12:41', NULL),
(369, 5, 2, 2, 1, 1, 0, 0, NULL, NULL, NULL, NULL, 1232, NULL, NULL, NULL, NULL, NULL, NULL, NULL, NULL, NULL, NULL, NULL, NULL, NULL, NULL, NULL, NULL, NULL, NULL, NULL, NULL, NULL, NULL, NULL, NULL, NULL, NULL, NULL, NULL, NULL, NULL, NULL, NULL, NULL, NULL, NULL, '2016-09-19 16:12:41', NULL),
(370, 9, 2, 2, 1, 1, 0, 0, NULL, NULL, NULL, NULL, 1232, NULL, NULL, NULL, NULL, NULL, NULL, NULL, NULL, NULL, NULL, NULL, NULL, NULL, NULL, NULL, NULL, NULL, NULL, NULL, NULL, NULL, NULL, NULL, NULL, NULL, NULL, NULL, NULL, NULL, NULL, NULL, NULL, NULL, NULL, NULL, '2016-09-19 16:12:41', NULL),
(371, 3, 2, 2, 1, 1, 0, 0, NULL, NULL, NULL, NULL, 1232, NULL, NULL, NULL, NULL, NULL, NULL, NULL, NULL, NULL, NULL, NULL, NULL, NULL, NULL, NULL, NULL, NULL, NULL, NULL, NULL, NULL, NULL, NULL, NULL, NULL, NULL, NULL, NULL, NULL, NULL, NULL, NULL, NULL, NULL, NULL, '2016-09-19 16:12:41', NULL),
(372, 6, 2, 2, 1, 1, 0, 0, NULL, NULL, NULL, NULL, 1232, NULL, NULL, NULL, NULL, NULL, NULL, NULL, NULL, NULL, NULL, NULL, NULL, NULL, NULL, NULL, NULL, NULL, NULL, NULL, NULL, NULL, NULL, NULL, NULL, NULL, NULL, NULL, NULL, NULL, NULL, NULL, NULL, NULL, NULL, NULL, '2016-09-19 16:12:41', NULL),
(373, 2, 2, 2, 1, 1, 0, 0, NULL, NULL, NULL, NULL, 1232, NULL, NULL, NULL, NULL, NULL, NULL, NULL, NULL, NULL, NULL, NULL, NULL, NULL, NULL, NULL, NULL, NULL, NULL, NULL, NULL, NULL, NULL, NULL, NULL, NULL, NULL, NULL, NULL, NULL, NULL, NULL, NULL, NULL, NULL, NULL, '2016-09-19 16:12:41', NULL),
(374, 9, 2, 2, 1, 1, 0, 0, NULL, NULL, NULL, NULL, 1232, NULL, NULL, NULL, NULL, NULL, NULL, NULL, NULL, NULL, NULL, NULL, NULL, NULL, NULL, NULL, NULL, NULL, NULL, NULL, NULL, NULL, NULL, NULL, NULL, NULL, NULL, NULL, NULL, NULL, NULL, NULL, NULL, NULL, NULL, NULL, '2016-09-19 16:12:41', NULL),
(375, 2, 2, 2, 1, 1, 0, 0, NULL, NULL, NULL, NULL, 1232, NULL, NULL, NULL, NULL, NULL, NULL, NULL, NULL, NULL, NULL, NULL, NULL, NULL, NULL, NULL, NULL, NULL, NULL, NULL, NULL, NULL, NULL, NULL, NULL, NULL, NULL, NULL, NULL, NULL, NULL, NULL, NULL, NULL, NULL, NULL, '2016-09-19 16:12:41', NULL),
(376, 3, 2, 2, 1, 1, 0, 0, NULL, NULL, NULL, NULL, 1232, NULL, NULL, NULL, NULL, NULL, NULL, NULL, NULL, NULL, NULL, NULL, NULL, NULL, NULL, NULL, NULL, NULL, NULL, NULL, NULL, NULL, NULL, NULL, NULL, NULL, NULL, NULL, NULL, NULL, NULL, NULL, NULL, NULL, NULL, NULL, '2016-09-19 16:12:41', NULL),
(377, 5, 2, 2, 1, 1, 0, 0, NULL, NULL, NULL, NULL, 1232, NULL, NULL, NULL, NULL, NULL, NULL, NULL, NULL, NULL, NULL, NULL, NULL, NULL, NULL, NULL, NULL, NULL, NULL, NULL, NULL, NULL, NULL, NULL, NULL, NULL, NULL, NULL, NULL, NULL, NULL, NULL, NULL, NULL, NULL, NULL, '2016-09-19 16:12:41', NULL),
(378, 1, 2, 2, 1, 1, 0, 0, NULL, NULL, NULL, NULL, 1232, NULL, NULL, NULL, NULL, NULL, NULL, NULL, NULL, NULL, NULL, NULL, NULL, NULL, NULL, NULL, NULL, NULL, NULL, NULL, NULL, NULL, NULL, NULL, NULL, NULL, NULL, NULL, NULL, NULL, NULL, NULL, NULL, NULL, NULL, NULL, '2016-09-19 16:12:41', NULL),
(379, 4, 2, 2, 1, 1, 0, 0, NULL, NULL, NULL, NULL, 1232, NULL, NULL, NULL, NULL, NULL, NULL, NULL, NULL, NULL, NULL, NULL, NULL, NULL, NULL, NULL, NULL, NULL, NULL, NULL, NULL, NULL, NULL, NULL, NULL, NULL, NULL, NULL, NULL, NULL, NULL, NULL, NULL, NULL, NULL, NULL, '2016-09-19 16:12:41', NULL),
(380, 1, 2, 3, 5, 2, 1, 1, NULL, NULL, NULL, NULL, 58486448, NULL, NULL, NULL, NULL, NULL, NULL, NULL, NULL, NULL, NULL, NULL, NULL, NULL, NULL, NULL, NULL, NULL, NULL, NULL, NULL, NULL, NULL, NULL, NULL, NULL, NULL, NULL, NULL, NULL, NULL, NULL, NULL, NULL, NULL, NULL, '2016-09-19 16:12:41', NULL),
(381, 9, 2, 2, 1, 1, 0, 0, NULL, NULL, NULL, NULL, 1232, NULL, NULL, NULL, NULL, NULL, NULL, NULL, NULL, NULL, NULL, NULL, NULL, NULL, NULL, NULL, NULL, NULL, NULL, NULL, NULL, NULL, NULL, NULL, NULL, NULL, NULL, NULL, NULL, NULL, NULL, NULL, NULL, NULL, NULL, NULL, '2016-09-19 16:12:41', NULL),
(382, 7, 2, 2, 1, 1, 0, 0, NULL, NULL, NULL, NULL, 1232, NULL, NULL, NULL, NULL, NULL, NULL, NULL, NULL, NULL, NULL, NULL, NULL, NULL, NULL, NULL, NULL, NULL, NULL, NULL, NULL, NULL, NULL, NULL, NULL, NULL, NULL, NULL, NULL, NULL, NULL, NULL, NULL, NULL, NULL, NULL, '2016-09-19 16:12:41', NULL),
(383, 8, 2, 2, 1, 1, 0, 0, NULL, NULL, NULL, NULL, 1232, NULL, NULL, NULL, NULL, NULL, NULL, NULL, NULL, NULL, NULL, NULL, NULL, NULL, NULL, NULL, NULL, NULL, NULL, NULL, NULL, NULL, NULL, NULL, NULL, NULL, NULL, NULL, NULL, NULL, NULL, NULL, NULL, NULL, NULL, NULL, '2016-09-19 16:12:41', NULL),
(384, 8, 2, 2, 1, 1, 0, 0, NULL, NULL, NULL, NULL, 1232, NULL, NULL, NULL, NULL, NULL, NULL, NULL, NULL, NULL, NULL, NULL, NULL, NULL, NULL, NULL, NULL, NULL, NULL, NULL, NULL, NULL, NULL, NULL, NULL, NULL, NULL, NULL, NULL, NULL, NULL, NULL, NULL, NULL, NULL, NULL, '2016-09-19 16:12:41', NULL),
(385, 8, 2, 2, 1, 1, 0, 0, NULL, NULL, NULL, NULL, 1232, NULL, NULL, NULL, NULL, NULL, NULL, NULL, NULL, NULL, NULL, NULL, NULL, NULL, NULL, NULL, NULL, NULL, NULL, NULL, NULL, NULL, NULL, NULL, NULL, NULL, NULL, NULL, NULL, NULL, NULL, NULL, NULL, NULL, NULL, NULL, '2016-09-19 16:12:41', NULL),
(386, 6, 2, 2, 1, 1, 0, 0, NULL, NULL, NULL, NULL, 1232, NULL, NULL, NULL, NULL, NULL, NULL, NULL, NULL, NULL, NULL, NULL, NULL, NULL, NULL, NULL, NULL, NULL, NULL, NULL, NULL, NULL, NULL, NULL, NULL, NULL, NULL, NULL, NULL, NULL, NULL, NULL, NULL, NULL, NULL, NULL, '2016-09-19 16:12:41', NULL),
(387, 6, 2, 2, 1, 1, 0, 0, NULL, NULL, NULL, NULL, 1232, NULL, NULL, NULL, NULL, NULL, NULL, NULL, NULL, NULL, NULL, NULL, NULL, NULL, NULL, NULL, NULL, NULL, NULL, NULL, NULL, NULL, NULL, NULL, NULL, NULL, NULL, NULL, NULL, NULL, NULL, NULL, NULL, NULL, NULL, NULL, '2016-09-19 16:12:41', NULL),
(388, 2, 2, 2, 1, 1, 0, 0, NULL, NULL, NULL, NULL, 1232, NULL, NULL, NULL, NULL, NULL, NULL, NULL, NULL, NULL, NULL, NULL, NULL, NULL, NULL, NULL, NULL, NULL, NULL, NULL, NULL, NULL, NULL, NULL, NULL, NULL, NULL, NULL, NULL, NULL, NULL, NULL, NULL, NULL, NULL, NULL, '2016-09-19 16:12:41', NULL),
(389, 8, 2, 2, 1, 1, 0, 0, NULL, NULL, NULL, NULL, 1232, NULL, NULL, NULL, NULL, NULL, NULL, NULL, NULL, NULL, NULL, NULL, NULL, NULL, NULL, NULL, NULL, NULL, NULL, NULL, NULL, NULL, NULL, NULL, NULL, NULL, NULL, NULL, NULL, NULL, NULL, NULL, NULL, NULL, NULL, NULL, '2016-09-19 16:12:41', NULL),
(390, 5, 2, 2, 1, 1, 0, 0, NULL, NULL, NULL, NULL, 1232, NULL, NULL, NULL, NULL, NULL, NULL, NULL, NULL, NULL, NULL, NULL, NULL, NULL, NULL, NULL, NULL, NULL, NULL, NULL, NULL, NULL, NULL, NULL, NULL, NULL, NULL, NULL, NULL, NULL, NULL, NULL, NULL, NULL, NULL, NULL, '2016-09-19 16:12:41', NULL),
(391, 4, 2, 2, 1, 1, 0, 0, NULL, NULL, NULL, NULL, 1232, NULL, NULL, NULL, NULL, NULL, NULL, NULL, NULL, NULL, NULL, NULL, NULL, NULL, NULL, NULL, NULL, NULL, NULL, NULL, NULL, NULL, NULL, NULL, NULL, NULL, NULL, NULL, NULL, NULL, NULL, NULL, NULL, NULL, NULL, NULL, '2016-09-19 16:12:41', NULL),
(392, 5, 2, 2, 1, 1, 0, 0, NULL, NULL, NULL, NULL, 1232, NULL, NULL, NULL, NULL, NULL, NULL, NULL, NULL, NULL, NULL, NULL, NULL, NULL, NULL, NULL, NULL, NULL, NULL, NULL, NULL, NULL, NULL, NULL, NULL, NULL, NULL, NULL, NULL, NULL, NULL, NULL, NULL, NULL, NULL, NULL, '2016-09-19 16:12:41', NULL),
(393, 1, 2, 2, 1, 1, 0, 0, NULL, NULL, NULL, NULL, 1232, NULL, NULL, NULL, NULL, NULL, NULL, NULL, NULL, NULL, NULL, NULL, NULL, NULL, NULL, NULL, NULL, NULL, NULL, NULL, NULL, NULL, NULL, NULL, NULL, NULL, NULL, NULL, NULL, NULL, NULL, NULL, NULL, NULL, NULL, NULL, '2016-09-19 16:12:41', NULL),
(394, 8, 2, 2, 1, 1, 0, 0, NULL, NULL, NULL, NULL, 1232, NULL, NULL, NULL, NULL, NULL, NULL, NULL, NULL, NULL, NULL, NULL, NULL, NULL, NULL, NULL, NULL, NULL, NULL, NULL, NULL, NULL, NULL, NULL, NULL, NULL, NULL, NULL, NULL, NULL, NULL, NULL, NULL, NULL, NULL, NULL, '2016-09-19 16:12:41', NULL),
(395, 3, 2, 2, 1, 1, 0, 0, NULL, NULL, NULL, NULL, 1232, NULL, NULL, NULL, NULL, NULL, NULL, NULL, NULL, NULL, NULL, NULL, NULL, NULL, NULL, NULL, NULL, NULL, NULL, NULL, NULL, NULL, NULL, NULL, NULL, NULL, NULL, NULL, NULL, NULL, NULL, NULL, NULL, NULL, NULL, NULL, '2016-09-19 16:12:41', NULL),
(396, 6, 2, 2, 1, 1, 0, 0, NULL, NULL, NULL, NULL, 1232, NULL, NULL, NULL, NULL, NULL, NULL, NULL, NULL, NULL, NULL, NULL, NULL, NULL, NULL, NULL, NULL, NULL, NULL, NULL, NULL, NULL, NULL, NULL, NULL, NULL, NULL, NULL, NULL, NULL, NULL, NULL, NULL, NULL, NULL, NULL, '2016-09-19 16:12:41', NULL),
(397, 3, 2, 2, 1, 1, 0, 0, NULL, NULL, NULL, NULL, 1232, NULL, NULL, NULL, NULL, NULL, NULL, NULL, NULL, NULL, NULL, NULL, NULL, NULL, NULL, NULL, NULL, NULL, NULL, NULL, NULL, NULL, NULL, NULL, NULL, NULL, NULL, NULL, NULL, NULL, NULL, NULL, NULL, NULL, NULL, NULL, '2016-09-19 16:12:41', NULL),
(398, 8, 2, 2, 1, 1, 0, 0, NULL, NULL, NULL, NULL, 1232, NULL, NULL, NULL, NULL, NULL, NULL, NULL, NULL, NULL, NULL, NULL, NULL, NULL, NULL, NULL, NULL, NULL, NULL, NULL, NULL, NULL, NULL, NULL, NULL, NULL, NULL, NULL, NULL, NULL, NULL, NULL, NULL, NULL, NULL, NULL, '2016-09-19 16:12:41', NULL),
(399, 9, 2, 2, 1, 1, 0, 0, NULL, NULL, NULL, NULL, 1232, NULL, NULL, NULL, NULL, NULL, NULL, NULL, NULL, NULL, NULL, NULL, NULL, NULL, NULL, NULL, NULL, NULL, NULL, NULL, NULL, NULL, NULL, NULL, NULL, NULL, NULL, NULL, NULL, NULL, NULL, NULL, NULL, NULL, NULL, NULL, '2016-09-19 16:12:41', NULL),
(400, 5, 2, 2, 1, 1, 0, 0, NULL, NULL, NULL, NULL, 1232, NULL, NULL, NULL, NULL, NULL, NULL, NULL, NULL, NULL, NULL, NULL, NULL, NULL, NULL, NULL, NULL, NULL, NULL, NULL, NULL, NULL, NULL, NULL, NULL, NULL, NULL, NULL, NULL, NULL, NULL, NULL, NULL, NULL, NULL, NULL, '2016-09-19 16:12:41', NULL),
(401, 7, 2, 2, 1, 1, 0, 0, NULL, NULL, NULL, NULL, 1232, NULL, NULL, NULL, NULL, NULL, NULL, NULL, NULL, NULL, NULL, NULL, NULL, NULL, NULL, NULL, NULL, NULL, NULL, NULL, NULL, NULL, NULL, NULL, NULL, NULL, NULL, NULL, NULL, NULL, NULL, NULL, NULL, NULL, NULL, NULL, '2016-09-19 16:12:41', NULL),
(402, 1, 2, 2, 1, 1, 0, 0, NULL, NULL, NULL, NULL, 1232, NULL, NULL, NULL, NULL, NULL, NULL, NULL, NULL, NULL, NULL, NULL, NULL, NULL, NULL, NULL, NULL, NULL, NULL, NULL, NULL, NULL, NULL, NULL, NULL, NULL, NULL, NULL, NULL, NULL, NULL, NULL, NULL, NULL, NULL, NULL, '2016-09-19 16:12:41', NULL),
(403, 8, 2, 2, 1, 1, 0, 0, NULL, NULL, NULL, NULL, 1232, NULL, NULL, NULL, NULL, NULL, NULL, NULL, NULL, NULL, NULL, NULL, NULL, NULL, NULL, NULL, NULL, NULL, NULL, NULL, NULL, NULL, NULL, NULL, NULL, NULL, NULL, NULL, NULL, NULL, NULL, NULL, NULL, NULL, NULL, NULL, '2016-09-19 16:12:41', NULL),
(404, 4, 2, 2, 1, 1, 0, 0, NULL, NULL, NULL, NULL, 1232, NULL, NULL, NULL, NULL, NULL, NULL, NULL, NULL, NULL, NULL, NULL, NULL, NULL, NULL, NULL, NULL, NULL, NULL, NULL, NULL, NULL, NULL, NULL, NULL, NULL, NULL, NULL, NULL, NULL, NULL, NULL, NULL, NULL, NULL, NULL, '2016-09-19 16:12:41', NULL),
(405, 3, 2, 2, 1, 1, 0, 0, NULL, NULL, NULL, NULL, 1232, NULL, NULL, NULL, NULL, NULL, NULL, NULL, NULL, NULL, NULL, NULL, NULL, NULL, NULL, NULL, NULL, NULL, NULL, NULL, NULL, NULL, NULL, NULL, NULL, NULL, NULL, NULL, NULL, NULL, NULL, NULL, NULL, NULL, NULL, NULL, '2016-09-19 16:12:41', NULL),
(406, 1, 2, 2, 1, 1, 0, 0, NULL, NULL, NULL, NULL, 1232, NULL, NULL, NULL, NULL, NULL, NULL, NULL, NULL, NULL, NULL, NULL, NULL, NULL, NULL, NULL, NULL, NULL, NULL, NULL, NULL, NULL, NULL, NULL, NULL, NULL, NULL, NULL, NULL, NULL, NULL, NULL, NULL, NULL, NULL, NULL, '2016-09-19 16:12:41', NULL),
(407, 7, 2, 2, 1, 1, 0, 0, NULL, NULL, NULL, NULL, 1232, NULL, NULL, NULL, NULL, NULL, NULL, NULL, NULL, NULL, NULL, NULL, NULL, NULL, NULL, NULL, NULL, NULL, NULL, NULL, NULL, NULL, NULL, NULL, NULL, NULL, NULL, NULL, NULL, NULL, NULL, NULL, NULL, NULL, NULL, NULL, '2016-09-19 16:12:41', NULL),
(408, 2, 2, 2, 1, 1, 0, 0, NULL, NULL, NULL, NULL, 1232, NULL, NULL, NULL, NULL, NULL, NULL, NULL, NULL, NULL, NULL, NULL, NULL, NULL, NULL, NULL, NULL, NULL, NULL, NULL, NULL, NULL, NULL, NULL, NULL, NULL, NULL, NULL, NULL, NULL, NULL, NULL, NULL, NULL, NULL, NULL, '2016-09-19 16:12:41', NULL),
(409, 9, 2, 2, 1, 1, 0, 0, NULL, NULL, NULL, NULL, 1232, NULL, NULL, NULL, NULL, NULL, NULL, NULL, NULL, NULL, NULL, NULL, NULL, NULL, NULL, NULL, NULL, NULL, NULL, NULL, NULL, NULL, NULL, NULL, NULL, NULL, NULL, NULL, NULL, NULL, NULL, NULL, NULL, NULL, NULL, NULL, '2016-09-19 16:12:41', NULL),
(410, 3, 2, 2, 1, 1, 0, 0, NULL, NULL, NULL, NULL, 1232, NULL, NULL, NULL, NULL, NULL, NULL, NULL, NULL, NULL, NULL, NULL, NULL, NULL, NULL, NULL, NULL, NULL, NULL, NULL, NULL, NULL, NULL, NULL, NULL, NULL, NULL, NULL, NULL, NULL, NULL, NULL, NULL, NULL, NULL, NULL, '2016-09-19 16:12:41', NULL),
(411, 2, 2, 2, 1, 1, 0, 0, NULL, NULL, NULL, NULL, 1232, NULL, NULL, NULL, NULL, NULL, NULL, NULL, NULL, NULL, NULL, NULL, NULL, NULL, NULL, NULL, NULL, NULL, NULL, NULL, NULL, NULL, NULL, NULL, NULL, NULL, NULL, NULL, NULL, NULL, NULL, NULL, NULL, NULL, NULL, NULL, '2016-09-19 16:12:41', NULL),
(412, 4, 1, 4, 1, 1, 1, 1, NULL, NULL, NULL, NULL, 0, NULL, NULL, NULL, NULL, NULL, NULL, NULL, NULL, NULL, NULL, NULL, NULL, NULL, NULL, NULL, NULL, NULL, NULL, NULL, NULL, NULL, NULL, NULL, NULL, NULL, NULL, NULL, NULL, NULL, NULL, NULL, NULL, NULL, NULL, NULL, '2016-09-19 16:12:41', NULL),
(413, 3, 0, 0, 1, 1, 0, 0, NULL, NULL, NULL, NULL, 0, NULL, NULL, NULL, NULL, NULL, NULL, NULL, NULL, NULL, NULL, NULL, NULL, NULL, NULL, NULL, NULL, NULL, NULL, NULL, NULL, NULL, NULL, NULL, NULL, NULL, NULL, NULL, NULL, NULL, NULL, NULL, NULL, NULL, NULL, NULL, '2016-09-19 16:12:41', NULL),
(414, 3, 0, 0, 1, 1, 0, 0, NULL, NULL, NULL, NULL, 0, NULL, NULL, NULL, NULL, NULL, NULL, NULL, NULL, NULL, NULL, NULL, NULL, NULL, NULL, NULL, NULL, NULL, NULL, NULL, NULL, NULL, NULL, NULL, NULL, NULL, NULL, NULL, NULL, NULL, NULL, NULL, NULL, NULL, NULL, NULL, '2016-09-19 16:12:41', NULL);

-- --------------------------------------------------------

--
-- Table structure for table `realestate_archieve`
--

CREATE TABLE IF NOT EXISTS `realestate_archieve` (
  `id` bigint(10) NOT NULL AUTO_INCREMENT,
  `id_realestate` bigint(10) NOT NULL COMMENT 'Объект недвижимости',
  `reason` text NOT NULL COMMENT 'Причина',
  `date` timestamp NOT NULL DEFAULT '0000-00-00 00:00:00' COMMENT 'Дата добавления объекта недвижимости в архив',
  `id_employee` bigint(10) NOT NULL COMMENT 'Сотрудник, перенесший в архив недвижимость',
  `created_at` timestamp NULL DEFAULT NULL,
  `updated_at` timestamp NULL DEFAULT NULL,
  PRIMARY KEY (`id`),
  KEY `id_employee` (`id_employee`),
  KEY `id_realestate` (`id_realestate`)
) ENGINE=InnoDB  DEFAULT CHARSET=utf8 COMMENT='Архив недвижимости' AUTO_INCREMENT=3 ;

--
-- Dumping data for table `realestate_archieve`
--

INSERT INTO `realestate_archieve` (`id`, `id_realestate`, `reason`, `date`, `id_employee`, `created_at`, `updated_at`) VALUES
(1, 66, '###', '2016-08-02 10:56:07', 1, NULL, NULL),
(2, 50, 'продана', '2016-08-02 12:03:04', 1, NULL, NULL);

-- --------------------------------------------------------

--
-- Table structure for table `realestate_commercial`
--

CREATE TABLE IF NOT EXISTS `realestate_commercial` (
  `id` bigint(20) NOT NULL AUTO_INCREMENT,
  `id_pivot_profile` bigint(20) DEFAULT NULL COMMENT 'Объект перекрестной таблица "Профиль-Классификация профиля"',
  `id_pivot_profile_category` bigint(20) DEFAULT NULL COMMENT 'Объект перекрестной таблица "Профиль-Категория профиля"',
  `pivot_profile_category_distance_to` tinyint(4) DEFAULT NULL COMMENT 'Расстояние до города (если выбрана категория "за чертой города").',
  `area_general` tinyint(4) DEFAULT NULL COMMENT 'Площадь общая',
  `area_hall` tinyint(4) DEFAULT NULL COMMENT 'Площадь зала',
  `area_land` tinyint(4) DEFAULT NULL COMMENT 'Площадь участка',
  `year_build` tinyint(4) DEFAULT NULL COMMENT 'Год постройки. Доступно, если Стройвариант = 0',
  `is_under_construction` tinyint(1) DEFAULT NULL COMMENT 'Стройвариант 1 / 0',
  `date_putting` timestamp NULL DEFAULT NULL COMMENT 'Дата сдачи. Доступно, если Стройвариант = 1',
  `sell_price` bigint(20) DEFAULT NULL COMMENT 'Цена продажи',
  `sell_price_square` bigint(20) DEFAULT NULL COMMENT 'Цена продажи за кв. метр',
  `rent_price` bigint(20) DEFAULT NULL COMMENT 'Цена аренды',
  `rent_price_square` bigint(20) DEFAULT NULL COMMENT 'Цена аренды за кв. метр',
  `is_ready_business` tinyint(1) DEFAULT NULL COMMENT 'Флажок: если готовый бизнесс (1), если нет (0)',
  `monthly income` int(10) DEFAULT NULL COMMENT 'Ежемесячный доход. Заполняется, если is_ready_business = 1',
  `payback_period` varchar(255) DEFAULT NULL COMMENT 'Период окупаемости. Заполняется, если is_ready_business = 1',
  `area_basement` tinyint(4) DEFAULT NULL COMMENT 'Площадь подвала',
  `area_plinth` tinyint(4) DEFAULT NULL COMMENT 'Площадь цоколя',
  `area_first` tinyint(4) DEFAULT NULL COMMENT 'Площадь первого этажа',
  `area_floors` tinyint(4) DEFAULT NULL COMMENT 'Площадь других этажей',
  `is_detached_building` tinyint(1) DEFAULT NULL COMMENT 'Флажок: отдельностоящее здание (1), или нет (0)',
  `id_reference_decoration` bigint(20) DEFAULT NULL COMMENT 'Состояние отделка',
  `id_reference_floor` bigint(20) DEFAULT NULL COMMENT 'Справочник: полы',
  `id_reference_rightholder` bigint(20) DEFAULT NULL COMMENT 'Справочник: правообладатель',
  `id_pivot_commercial_land` bigint(20) DEFAULT NULL COMMENT 'Перекрестная таблица: участки КН - подвиды участков КН',
  `pivot_commercial_land_distance_to` tinyint(4) DEFAULT NULL COMMENT 'Заполняется, если выбрано значение с указанием расстояния.',
  `has_allocated_parking_place` tinyint(1) DEFAULT NULL COMMENT 'Флажок: выделенное парковочное место есть (1), нет (0)',
  `spaces_height` tinyint(4) DEFAULT NULL COMMENT 'Высота помещений',
  `gates_count` tinyint(4) DEFAULT NULL COMMENT 'Количество ворот.',
  `has_rampant` tinyint(1) DEFAULT NULL COMMENT 'Флажок: есть пандус (1), нет (0)',
  `has_escalator` tinyint(1) DEFAULT NULL COMMENT 'Флажок: есть эскалатор (1), нет (0)',
  `id_hoist` bigint(20) DEFAULT NULL COMMENT 'Справочник: подъемные средства.',
  `transaction_type` tinyint(1) DEFAULT NULL COMMENT 'Тип сделки: продажа (1), покупка (0)',
  `floors_count` tinyint(4) DEFAULT NULL COMMENT 'Количество этажей в здании',
  `business_center_name` varchar(50) DEFAULT NULL COMMENT 'Название бизнес-центра',
  `id_reference_business_center_class` bigint(20) DEFAULT NULL COMMENT 'Справочник: класс бизнес центра',
  `id_reference_window_type` bigint(20) DEFAULT NULL COMMENT 'Справочник: типы окон',
  `id_reference_railroad_branch` bigint(20) DEFAULT NULL,
  `has_furniture` tinyint(1) DEFAULT NULL COMMENT 'Флажок: есть мебель (1), нет мебели (0)',
  `id_reference_location` bigint(20) DEFAULT NULL COMMENT 'Справочник: расположение',
  `profile_category_distance_to` tinyint(4) DEFAULT NULL COMMENT 'Расстояние, указанное в категории профиля.',
  `created_at` timestamp NULL DEFAULT NULL,
  `updated_at` timestamp NULL DEFAULT NULL,
  PRIMARY KEY (`id`),
  KEY `id_pivot_profile` (`id_pivot_profile`),
  KEY `realestate_commercial_ibfk_2` (`id_pivot_profile_category`),
  KEY `id_reference_decoration` (`id_reference_decoration`),
  KEY `id_reference_floor` (`id_reference_floor`),
  KEY `id_reference_rightholder` (`id_reference_rightholder`),
  KEY `id_pivot_commercial_land` (`id_pivot_commercial_land`),
  KEY `id_hoist` (`id_hoist`),
  KEY `id_reference_business_center_class` (`id_reference_business_center_class`),
  KEY `id_reference_window_type` (`id_reference_window_type`),
  KEY `id_reference_railroad_branch` (`id_reference_railroad_branch`),
  KEY `id_reference_location` (`id_reference_location`)
) ENGINE=InnoDB DEFAULT CHARSET=utf8 COMMENT='Объект недвижимости: коммерческая недвижимость.' AUTO_INCREMENT=1 ;

--
-- Triggers `realestate_commercial`
--
DROP TRIGGER IF EXISTS `landlord_new_db`.`before_insert_realestate_commercial`;
DELIMITER //
CREATE TRIGGER `landlord_new_db`.`before_insert_realestate_commercial` BEFORE INSERT ON `landlord_new_db`.`realestate_commercial`
 FOR EACH ROW BEGIN
    IF ( new.created_at IS NULL) THEN
        SET new.created_at = now();
    END IF;
END
//
DELIMITER ;
DROP TRIGGER IF EXISTS `landlord_new_db`.`before_update_realestate_commercial`;
DELIMITER //
CREATE TRIGGER `landlord_new_db`.`before_update_realestate_commercial` BEFORE UPDATE ON `landlord_new_db`.`realestate_commercial`
 FOR EACH ROW BEGIN
    IF ( new.updated_at IS NULL) THEN
        SET new.updated_at = now();
    END IF;
END
//
DELIMITER ;

--
-- Dumping data for table `realestate_commercial`
--


-- --------------------------------------------------------

--
-- Table structure for table `realestate_contacts`
--

CREATE TABLE IF NOT EXISTS `realestate_contacts` (
  `id` bigint(10) NOT NULL AUTO_INCREMENT,
  `id_contacts` bigint(10) NOT NULL COMMENT 'Объект контакты',
  `id_realestate` bigint(10) NOT NULL COMMENT 'Объект недвижимость',
  PRIMARY KEY (`id`),
  KEY `id_contacts` (`id_contacts`,`id_realestate`),
  KEY `id_realestate` (`id_realestate`)
) ENGINE=InnoDB  DEFAULT CHARSET=utf8 COMMENT='Промежуточная таблица: контакты - недвижимость' AUTO_INCREMENT=181 ;

--
-- Dumping data for table `realestate_contacts`
--

INSERT INTO `realestate_contacts` (`id`, `id_contacts`, `id_realestate`) VALUES
(15, 29, 48),
(20, 34, 53),
(23, 37, 57),
(30, 44, 59),
(34, 48, 63),
(35, 49, 64),
(36, 50, 47),
(40, 54, 61),
(43, 57, 49),
(44, 58, 51),
(45, 59, 56),
(46, 60, 50),
(47, 61, 67),
(48, 62, 68),
(50, 64, 70),
(51, 65, 71),
(53, 67, 55),
(54, 68, 86),
(55, 69, 87),
(56, 70, 92),
(57, 71, 113),
(58, 72, 114),
(59, 73, 115),
(60, 74, 117),
(61, 75, 118),
(62, 76, 119),
(63, 77, 173),
(64, 78, 174),
(65, 79, 175),
(66, 80, 60),
(67, 81, 176),
(68, 82, 181),
(69, 83, 182),
(70, 84, 183),
(71, 85, 184),
(72, 86, 185),
(73, 87, 186),
(74, 88, 187),
(75, 89, 188),
(76, 90, 204),
(77, 91, 204),
(78, 92, 252),
(79, 93, 254),
(80, 94, 255),
(81, 95, 256),
(82, 96, 257),
(83, 97, 258),
(84, 98, 259),
(85, 99, 260),
(86, 100, 261),
(87, 101, 262),
(88, 102, 263),
(89, 103, 264),
(90, 104, 265),
(91, 105, 266),
(92, 106, 267),
(93, 107, 269),
(94, 108, 270),
(95, 109, 271),
(96, 110, 272),
(97, 111, 273),
(98, 112, 274),
(99, 113, 275),
(100, 114, 276),
(101, 115, 277),
(102, 116, 278),
(103, 117, 279),
(104, 118, 280),
(105, 119, 281),
(106, 120, 282),
(107, 121, 283),
(108, 122, 284),
(109, 123, 285),
(110, 124, 286),
(111, 125, 287),
(112, 126, 288),
(113, 127, 289),
(114, 128, 290),
(115, 129, 291),
(116, 130, 292),
(117, 131, 293),
(118, 132, 294),
(119, 133, 295),
(120, 134, 296),
(121, 135, 297),
(122, 136, 298),
(123, 137, 299),
(124, 138, 300),
(126, 140, 58),
(127, 141, 52),
(128, 142, 301),
(129, 143, 69),
(130, 144, 302),
(131, 145, 303),
(132, 146, 304),
(133, 147, 305),
(134, 148, 306),
(135, 149, 307),
(136, 150, 308),
(137, 151, 309),
(138, 152, 310),
(139, 153, 311),
(140, 154, 312),
(141, 155, 313),
(142, 156, 314),
(143, 157, 315),
(144, 158, 316),
(145, 159, 317),
(146, 160, 318),
(147, 161, 319),
(148, 162, 320),
(149, 163, 321),
(150, 164, 322),
(151, 165, 323),
(152, 166, 324),
(153, 167, 325),
(154, 168, 326),
(155, 169, 327),
(156, 170, 328),
(157, 171, 329),
(158, 172, 330),
(159, 173, 331),
(160, 174, 332),
(161, 175, 333),
(162, 176, 334),
(163, 177, 335),
(164, 178, 336),
(165, 179, 337),
(166, 180, 338),
(167, 181, 339),
(168, 182, 340),
(169, 183, 341),
(170, 184, 342),
(171, 185, 343),
(172, 186, 346),
(173, 187, 347),
(174, 188, 349),
(175, 189, 350),
(176, 190, 352),
(177, 191, 353),
(178, 192, 354),
(179, 193, 355),
(180, 194, 356);

-- --------------------------------------------------------

--
-- Table structure for table `realestate_duplication`
--

CREATE TABLE IF NOT EXISTS `realestate_duplication` (
  `id` bigint(10) NOT NULL AUTO_INCREMENT,
  `id_realestate` bigint(10) NOT NULL COMMENT 'Объект недвижимости',
  `id_parent` bigint(10) NOT NULL COMMENT 'Идентификатор родительской записи',
  `created_at` timestamp NULL DEFAULT NULL,
  `updated_at` timestamp NULL DEFAULT NULL,
  PRIMARY KEY (`id`),
  KEY `id_realestate` (`id_realestate`),
  KEY `id_parent` (`id_parent`)
) ENGINE=InnoDB  DEFAULT CHARSET=utf8 COMMENT='Дубликаты объектов недвижимости' AUTO_INCREMENT=6528 ;

--
-- Dumping data for table `realestate_duplication`
--

INSERT INTO `realestate_duplication` (`id`, `id_realestate`, `id_parent`, `created_at`, `updated_at`) VALUES
(30, 115, 99, NULL, NULL),
(31, 100, 99, NULL, NULL),
(32, 101, 99, NULL, NULL),
(33, 102, 99, NULL, NULL),
(34, 103, 99, NULL, NULL),
(35, 104, 99, NULL, NULL),
(36, 105, 99, NULL, NULL),
(37, 106, 99, NULL, NULL),
(38, 107, 99, NULL, NULL),
(39, 108, 99, NULL, NULL),
(40, 109, 99, NULL, NULL),
(41, 110, 99, NULL, NULL),
(42, 111, 99, NULL, NULL),
(43, 112, 99, NULL, NULL),
(44, 113, 99, NULL, NULL),
(45, 114, 99, NULL, NULL),
(3509, 303, 63, NULL, NULL),
(3510, 304, 64, NULL, NULL),
(6164, 348, 342, NULL, NULL),
(6165, 343, 342, NULL, NULL),
(6166, 344, 342, NULL, NULL),
(6167, 345, 342, NULL, NULL),
(6407, 352, 4, NULL, NULL),
(6408, 73, 4, NULL, NULL),
(6409, 74, 4, NULL, NULL),
(6410, 75, 4, NULL, NULL),
(6411, 76, 4, NULL, NULL),
(6412, 77, 4, NULL, NULL),
(6413, 78, 4, NULL, NULL),
(6414, 79, 4, NULL, NULL),
(6415, 80, 4, NULL, NULL),
(6416, 81, 4, NULL, NULL),
(6417, 82, 4, NULL, NULL),
(6418, 83, 4, NULL, NULL),
(6419, 84, 4, NULL, NULL),
(6420, 85, 4, NULL, NULL),
(6421, 86, 4, NULL, NULL),
(6422, 87, 4, NULL, NULL),
(6423, 117, 4, NULL, NULL),
(6424, 118, 4, NULL, NULL),
(6425, 119, 4, NULL, NULL),
(6426, 173, 4, NULL, NULL),
(6427, 174, 4, NULL, NULL),
(6428, 175, 4, NULL, NULL),
(6429, 176, 4, NULL, NULL),
(6430, 181, 4, NULL, NULL),
(6431, 182, 4, NULL, NULL),
(6432, 183, 4, NULL, NULL),
(6433, 184, 4, NULL, NULL),
(6434, 185, 4, NULL, NULL),
(6435, 186, 4, NULL, NULL),
(6436, 187, 4, NULL, NULL),
(6437, 188, 4, NULL, NULL),
(6438, 217, 4, NULL, NULL),
(6439, 218, 4, NULL, NULL),
(6440, 219, 4, NULL, NULL),
(6441, 220, 4, NULL, NULL),
(6442, 221, 4, NULL, NULL),
(6443, 222, 4, NULL, NULL),
(6444, 226, 4, NULL, NULL),
(6445, 227, 4, NULL, NULL),
(6446, 228, 4, NULL, NULL),
(6447, 229, 4, NULL, NULL),
(6448, 230, 4, NULL, NULL),
(6449, 237, 4, NULL, NULL),
(6450, 247, 4, NULL, NULL),
(6451, 248, 4, NULL, NULL),
(6452, 250, 4, NULL, NULL),
(6453, 251, 4, NULL, NULL),
(6454, 253, 4, NULL, NULL),
(6455, 254, 4, NULL, NULL),
(6456, 255, 4, NULL, NULL),
(6457, 256, 4, NULL, NULL),
(6458, 257, 4, NULL, NULL),
(6459, 258, 4, NULL, NULL),
(6460, 259, 4, NULL, NULL),
(6461, 260, 4, NULL, NULL),
(6462, 261, 4, NULL, NULL),
(6463, 262, 4, NULL, NULL),
(6464, 263, 4, NULL, NULL),
(6465, 264, 4, NULL, NULL),
(6466, 265, 4, NULL, NULL),
(6467, 266, 4, NULL, NULL),
(6468, 267, 4, NULL, NULL),
(6469, 269, 4, NULL, NULL),
(6470, 270, 4, NULL, NULL),
(6471, 271, 4, NULL, NULL),
(6472, 272, 4, NULL, NULL),
(6473, 273, 4, NULL, NULL),
(6474, 274, 4, NULL, NULL),
(6475, 275, 4, NULL, NULL),
(6476, 276, 4, NULL, NULL),
(6477, 277, 4, NULL, NULL),
(6478, 278, 4, NULL, NULL),
(6479, 279, 4, NULL, NULL),
(6480, 280, 4, NULL, NULL),
(6481, 281, 4, NULL, NULL),
(6482, 282, 4, NULL, NULL),
(6483, 283, 4, NULL, NULL),
(6484, 284, 4, NULL, NULL),
(6485, 285, 4, NULL, NULL),
(6486, 286, 4, NULL, NULL),
(6487, 287, 4, NULL, NULL),
(6488, 288, 4, NULL, NULL),
(6489, 289, 4, NULL, NULL),
(6490, 290, 4, NULL, NULL),
(6491, 291, 4, NULL, NULL),
(6492, 292, 4, NULL, NULL),
(6493, 293, 4, NULL, NULL),
(6494, 294, 4, NULL, NULL),
(6495, 295, 4, NULL, NULL),
(6496, 296, 4, NULL, NULL),
(6497, 297, 4, NULL, NULL),
(6498, 299, 4, NULL, NULL),
(6499, 300, 4, NULL, NULL),
(6500, 301, 4, NULL, NULL),
(6501, 305, 4, NULL, NULL),
(6502, 306, 4, NULL, NULL),
(6503, 312, 4, NULL, NULL),
(6504, 313, 4, NULL, NULL),
(6505, 314, 4, NULL, NULL),
(6506, 315, 4, NULL, NULL),
(6507, 316, 4, NULL, NULL),
(6508, 320, 4, NULL, NULL),
(6509, 321, 4, NULL, NULL),
(6510, 322, 4, NULL, NULL),
(6511, 324, 4, NULL, NULL),
(6512, 326, 4, NULL, NULL),
(6513, 331, 4, NULL, NULL),
(6514, 332, 4, NULL, NULL),
(6515, 333, 4, NULL, NULL),
(6516, 334, 4, NULL, NULL),
(6517, 335, 4, NULL, NULL),
(6518, 336, 4, NULL, NULL),
(6519, 337, 4, NULL, NULL),
(6520, 338, 4, NULL, NULL),
(6521, 339, 4, NULL, NULL),
(6522, 340, 4, NULL, NULL),
(6523, 341, 4, NULL, NULL),
(6524, 346, 4, NULL, NULL),
(6525, 347, 4, NULL, NULL),
(6526, 349, 4, NULL, NULL),
(6527, 350, 4, NULL, NULL);

-- --------------------------------------------------------

--
-- Table structure for table `realestate_history`
--

CREATE TABLE IF NOT EXISTS `realestate_history` (
  `id` bigint(10) NOT NULL AUTO_INCREMENT,
  `date_change` timestamp NOT NULL DEFAULT '0000-00-00 00:00:00' COMMENT 'Дата изменения',
  `id_employee` bigint(10) NOT NULL COMMENT 'Сотрудник, произведший изменение',
  `description` varchar(255) NOT NULL COMMENT 'Описание изменения',
  `id_realestate` bigint(10) NOT NULL COMMENT 'Объект недвижимости',
  `created_at` timestamp NULL DEFAULT NULL,
  `updated_at` timestamp NULL DEFAULT NULL,
  PRIMARY KEY (`id`),
  KEY `id_employee` (`id_employee`,`id_realestate`),
  KEY `realestate_history_ibfk_2` (`id_realestate`)
) ENGINE=InnoDB DEFAULT CHARSET=utf8 COMMENT='История объекта недвижимости' AUTO_INCREMENT=1 ;

--
-- Dumping data for table `realestate_history`
--


-- --------------------------------------------------------

--
-- Table structure for table `realestate_households`
--

CREATE TABLE IF NOT EXISTS `realestate_households` (
  `id` bigint(20) NOT NULL AUTO_INCREMENT,
  `id_reference_type_household` bigint(20) DEFAULT NULL COMMENT 'Справочник: тип домовладения',
  `floors` tinyint(4) DEFAULT NULL COMMENT 'Этажность',
  `id_reference_wall_material` bigint(20) DEFAULT NULL COMMENT 'Справочник: материал стен',
  `stead` tinyint(4) DEFAULT NULL COMMENT 'Земельный участок',
  `id_reference_yard` bigint(20) DEFAULT NULL COMMENT 'Справочник: двор',
  `id_reference_type_right` bigint(20) DEFAULT NULL COMMENT 'Справочник: вид права на дом.',
  `id_reference_type_right_land` bigint(20) DEFAULT NULL COMMENT 'Справочник: тип права на участок.',
  `year_build` tinyint(4) DEFAULT NULL COMMENT 'Год постройки. Доступно, если Стройвариант = 0',
  `is_under_construction` tinyint(1) DEFAULT NULL COMMENT 'Стройвариант 1 / 0',
  `date_putting` timestamp NULL DEFAULT NULL COMMENT 'Дата сдачи. Доступно, если Стройваринт = 1',
  `area_general` tinyint(4) DEFAULT NULL COMMENT 'Площадь общая',
  `area_living` tinyint(4) DEFAULT NULL COMMENT 'Площадь жилая',
  `area_kitchen` tinyint(4) DEFAULT NULL COMMENT 'Площадь кухонная',
  `price` bigint(20) DEFAULT NULL COMMENT 'Стоимость',
  `conditions` text COMMENT 'Условия',
  `clear_sale` tinyint(1) DEFAULT NULL COMMENT 'Чистая продажа',
  `id_reference_roof` bigint(20) DEFAULT NULL COMMENT 'Справочник: крыши',
  `id_reference_state` bigint(20) DEFAULT NULL COMMENT 'Справочник: состояние',
  `room_count` tinyint(4) DEFAULT NULL COMMENT 'Количество комнат',
  `ceilings` double(2,0) DEFAULT NULL COMMENT 'Потолки',
  `id_reference_comfort` bigint(20) DEFAULT NULL COMMENT 'Справочник: удобства',
  `id_reference_bathroom` bigint(20) DEFAULT NULL COMMENT 'Справочник: сан. узел',
  `id_reference_heating` bigint(20) DEFAULT NULL COMMENT 'Справочник: отопление',
  `id_reference_hot_water` bigint(20) DEFAULT NULL COMMENT 'Справочник: горячая вода',
  `id_reference_floor` bigint(20) DEFAULT NULL COMMENT 'Справочник: полы',
  `has_garage` tinyint(1) DEFAULT NULL COMMENT 'Флажок: есть гараж (1), или нет (0)',
  `id_reference_pavement_land` bigint(20) DEFAULT NULL COMMENT 'Справочник: подъезд к участку - дорожное покрытие',
  `id_reference_placement_land` bigint(20) DEFAULT NULL COMMENT 'Справочник: расположение участка',
  `id_reference_land_relief` bigint(20) DEFAULT NULL COMMENT 'Справочник: рельеф участка',
  `facade` tinyint(4) DEFAULT NULL COMMENT 'Фасад участка.',
  `id_reference_beautification` bigint(20) DEFAULT NULL COMMENT 'Справочник: благоустройство',
  `id_reference_survey` bigint(20) DEFAULT NULL COMMENT 'Справочник: межевание',
  `id_reference_output_to_water` bigint(20) DEFAULT NULL COMMENT 'Справочник: выход к водоему.',
  `has_around_territory` tinyint(1) DEFAULT NULL COMMENT 'Флажок: есть придомовая территория (1), нет (0)',
  `id_reference_household_location` bigint(20) DEFAULT NULL COMMENT 'Справочник: местонахождение дома.',
  `id_reference_location` bigint(20) DEFAULT NULL COMMENT 'Справочник: расположение домовладения',
  `distance_to_city` tinyint(4) DEFAULT NULL COMMENT 'Расстояние до города. Заполняется, если в справочнике "Местонахождение дома" выбрано "За чертой города".',
  `owners_count` tinyint(4) DEFAULT NULL COMMENT 'Количество собственников.',
  `minor_owners_count` tinyint(4) DEFAULT NULL COMMENT 'Количество несовершеннолетних собственников. Не больше owners_count.',
  `id_reference_entry` bigint(20) DEFAULT NULL COMMENT 'Справочник: въезд',
  `transaction_type` tinyint(1) DEFAULT NULL COMMENT 'Тип сделки: продажа (1), покупка (0)',
  `id_reference_house_type` bigint(20) DEFAULT NULL COMMENT 'Справочник: тип дома.',
  `cottage_settlement_name` varchar(255) DEFAULT NULL COMMENT 'Название коттеджного поселка',
  `has_security` tinyint(1) DEFAULT NULL COMMENT 'Флажок: есть охрана (1), нет охраны (0)',
  `id_reference_repair` bigint(20) DEFAULT NULL COMMENT 'Справочник: ремонт',
  `can_children` tinyint(1) DEFAULT NULL COMMENT 'Флажок: берут с детьми (1), не берут (0)',
  `can_animals` tinyint(1) DEFAULT NULL COMMENT 'Флажок: можно с животными (1), нельзя (0)',
  `commission_value` int(10) DEFAULT NULL COMMENT 'Размер комиссии',
  `can_permanent_residence` tinyint(1) DEFAULT NULL COMMENT 'Флажок: возможность ПМЖ (1), нет (0)',
  `created_at` timestamp NULL DEFAULT NULL,
  `updated_at` timestamp NULL DEFAULT NULL,
  PRIMARY KEY (`id`),
  KEY `id_reference_type_household` (`id_reference_type_household`),
  KEY `id_reference_wall_material` (`id_reference_wall_material`),
  KEY `id_reference_type_right` (`id_reference_type_right`),
  KEY `id_reference_type_right_land` (`id_reference_type_right_land`),
  KEY `id_reference_yard` (`id_reference_yard`) USING BTREE,
  KEY `id_reference_roof` (`id_reference_roof`),
  KEY `id_reference_state` (`id_reference_state`),
  KEY `id_reference_comfort` (`id_reference_comfort`),
  KEY `id_reference_bathroom` (`id_reference_bathroom`),
  KEY `id_reference_heating` (`id_reference_heating`),
  KEY `id_reference_hot_water` (`id_reference_hot_water`),
  KEY `id_reference_floor` (`id_reference_floor`),
  KEY `id_reference_pavement_land` (`id_reference_pavement_land`),
  KEY `id_reference_land_relief` (`id_reference_land_relief`),
  KEY `id_reference_beautification` (`id_reference_beautification`),
  KEY `id_reference_survey` (`id_reference_survey`),
  KEY `id_reference_output_to_water` (`id_reference_output_to_water`),
  KEY `id_reference_household_location` (`id_reference_household_location`),
  KEY `id_reference_entry` (`id_reference_entry`),
  KEY `id_reference_house_type` (`id_reference_house_type`),
  KEY `id_reference_repair` (`id_reference_repair`),
  KEY `id_reference_placement_land` (`id_reference_placement_land`),
  KEY `id_reference_location` (`id_reference_location`)
) ENGINE=InnoDB  DEFAULT CHARSET=utf8 COMMENT='Таблица эксземпляров недвижимости: домовладения.' AUTO_INCREMENT=30 ;

--
-- Triggers `realestate_households`
--
DROP TRIGGER IF EXISTS `landlord_new_db`.`before_insert_realestate_households`;
DELIMITER //
CREATE TRIGGER `landlord_new_db`.`before_insert_realestate_households` BEFORE INSERT ON `landlord_new_db`.`realestate_households`
 FOR EACH ROW BEGIN
    IF ( new.created_at IS NULL) THEN
        SET new.created_at = now();
    END IF;
END
//
DELIMITER ;
DROP TRIGGER IF EXISTS `landlord_new_db`.`before_update_realestate_households`;
DELIMITER //
CREATE TRIGGER `landlord_new_db`.`before_update_realestate_households` BEFORE UPDATE ON `landlord_new_db`.`realestate_households`
 FOR EACH ROW BEGIN
    IF ( new.updated_at IS NULL) THEN
        SET new.updated_at = now();
    END IF;
END
//
DELIMITER ;

--
-- Dumping data for table `realestate_households`
--

INSERT INTO `realestate_households` (`id`, `id_reference_type_household`, `floors`, `id_reference_wall_material`, `stead`, `id_reference_yard`, `id_reference_type_right`, `id_reference_type_right_land`, `year_build`, `is_under_construction`, `date_putting`, `area_general`, `area_living`, `area_kitchen`, `price`, `conditions`, `clear_sale`, `id_reference_roof`, `id_reference_state`, `room_count`, `ceilings`, `id_reference_comfort`, `id_reference_bathroom`, `id_reference_heating`, `id_reference_hot_water`, `id_reference_floor`, `has_garage`, `id_reference_pavement_land`, `id_reference_placement_land`, `id_reference_land_relief`, `facade`, `id_reference_beautification`, `id_reference_survey`, `id_reference_output_to_water`, `has_around_territory`, `id_reference_household_location`, `id_reference_location`, `distance_to_city`, `owners_count`, `minor_owners_count`, `id_reference_entry`, `transaction_type`, `id_reference_house_type`, `cottage_settlement_name`, `has_security`, `id_reference_repair`, `can_children`, `can_animals`, `commission_value`, `can_permanent_residence`, `created_at`, `updated_at`) VALUES
(1, 1, NULL, NULL, NULL, NULL, NULL, NULL, NULL, NULL, NULL, NULL, NULL, NULL, NULL, NULL, NULL, NULL, NULL, NULL, NULL, NULL, NULL, NULL, NULL, NULL, NULL, NULL, NULL, NULL, NULL, NULL, NULL, NULL, NULL, NULL, NULL, NULL, NULL, NULL, NULL, NULL, NULL, NULL, NULL, NULL, NULL, NULL, NULL, NULL, '2016-09-19 11:44:56', NULL),
(10, 1, NULL, NULL, NULL, 4, NULL, NULL, NULL, NULL, NULL, 7, 2, NULL, 251659, NULL, NULL, NULL, NULL, NULL, NULL, NULL, NULL, NULL, NULL, NULL, NULL, NULL, NULL, NULL, NULL, NULL, NULL, NULL, NULL, NULL, NULL, NULL, NULL, NULL, 1, NULL, NULL, NULL, NULL, NULL, NULL, NULL, NULL, NULL, '2016-09-20 16:53:37', '2016-09-26 14:31:53'),
(16, 3, 10, NULL, 12, 2, NULL, NULL, NULL, NULL, NULL, 1, 2, NULL, 27538398, NULL, NULL, NULL, NULL, NULL, NULL, NULL, NULL, NULL, NULL, NULL, NULL, NULL, NULL, NULL, NULL, NULL, NULL, NULL, NULL, NULL, NULL, NULL, NULL, NULL, 1, NULL, NULL, NULL, NULL, NULL, NULL, NULL, NULL, NULL, '2016-09-20 16:53:37', NULL),
(17, 2, 1, NULL, 3, 4, NULL, NULL, NULL, NULL, NULL, 2, 3, NULL, 123, NULL, NULL, NULL, NULL, 2, NULL, NULL, NULL, NULL, NULL, NULL, NULL, NULL, NULL, NULL, NULL, NULL, NULL, NULL, NULL, NULL, NULL, NULL, NULL, NULL, 2, NULL, NULL, NULL, NULL, NULL, NULL, NULL, NULL, NULL, '2016-09-20 16:53:37', NULL),
(18, 3, 1, NULL, 3, 4, NULL, NULL, NULL, NULL, NULL, 2, 3, NULL, 123, NULL, NULL, NULL, NULL, 2, NULL, NULL, NULL, NULL, NULL, NULL, NULL, NULL, NULL, NULL, NULL, NULL, NULL, NULL, NULL, NULL, NULL, NULL, NULL, NULL, 2, NULL, NULL, NULL, NULL, NULL, NULL, NULL, NULL, NULL, '2016-09-20 16:53:37', NULL),
(19, 4, NULL, NULL, NULL, 3, NULL, NULL, NULL, NULL, NULL, 1, 11, NULL, 12312312, NULL, NULL, NULL, NULL, NULL, NULL, NULL, NULL, NULL, NULL, NULL, NULL, NULL, NULL, NULL, NULL, NULL, NULL, NULL, NULL, NULL, NULL, NULL, NULL, NULL, 2, NULL, NULL, NULL, NULL, NULL, NULL, NULL, NULL, NULL, '2016-09-20 16:53:37', NULL),
(20, 4, NULL, NULL, 19, 4, NULL, NULL, NULL, NULL, NULL, 1, 2, NULL, 251541, NULL, NULL, NULL, NULL, NULL, NULL, NULL, NULL, NULL, NULL, NULL, NULL, NULL, NULL, NULL, NULL, NULL, NULL, NULL, NULL, NULL, NULL, NULL, NULL, NULL, 1, NULL, NULL, NULL, NULL, NULL, NULL, NULL, NULL, NULL, '2016-09-20 16:53:37', NULL),
(21, 4, 5, NULL, 127, 4, NULL, NULL, NULL, NULL, NULL, 36, 55, NULL, 555, NULL, NULL, NULL, NULL, 0, NULL, NULL, NULL, NULL, NULL, NULL, NULL, NULL, NULL, NULL, NULL, NULL, NULL, NULL, NULL, NULL, NULL, NULL, NULL, NULL, 1, NULL, NULL, NULL, NULL, NULL, NULL, NULL, NULL, NULL, '2016-09-20 16:53:37', NULL),
(22, 3, 5, NULL, 127, 2, NULL, NULL, NULL, NULL, NULL, 36, 55, NULL, 555, NULL, NULL, NULL, NULL, 0, NULL, NULL, NULL, NULL, NULL, NULL, NULL, NULL, NULL, NULL, NULL, NULL, NULL, NULL, NULL, NULL, NULL, NULL, NULL, NULL, 2, NULL, NULL, NULL, NULL, NULL, NULL, NULL, NULL, NULL, '2016-09-20 16:53:37', NULL),
(23, 2, 5, NULL, 127, 4, NULL, NULL, NULL, NULL, NULL, 36, 55, NULL, 555, NULL, NULL, NULL, NULL, 0, NULL, NULL, NULL, NULL, NULL, NULL, NULL, NULL, NULL, NULL, NULL, NULL, NULL, NULL, NULL, NULL, NULL, NULL, NULL, NULL, 2, NULL, NULL, NULL, NULL, NULL, NULL, NULL, NULL, NULL, '2016-09-20 16:53:37', NULL),
(24, 1, 45, NULL, 127, 1, NULL, NULL, NULL, NULL, NULL, 5, 5, NULL, 7484, NULL, NULL, NULL, NULL, 0, NULL, NULL, NULL, NULL, NULL, NULL, NULL, NULL, NULL, NULL, NULL, NULL, NULL, NULL, NULL, NULL, NULL, NULL, NULL, NULL, 2, NULL, NULL, NULL, NULL, NULL, NULL, NULL, NULL, NULL, '2016-09-20 16:53:37', NULL),
(25, 1, 45, NULL, 127, 2, NULL, NULL, NULL, NULL, NULL, 5, 5, NULL, 7484, NULL, NULL, NULL, NULL, 0, NULL, NULL, NULL, NULL, NULL, NULL, NULL, NULL, NULL, NULL, NULL, NULL, NULL, NULL, NULL, NULL, NULL, NULL, NULL, NULL, 1, NULL, NULL, NULL, NULL, NULL, NULL, NULL, NULL, NULL, '2016-09-20 16:53:37', NULL),
(26, 2, 45, NULL, 127, 3, NULL, NULL, NULL, NULL, NULL, 5, 5, NULL, 7484, NULL, NULL, NULL, NULL, 0, NULL, NULL, NULL, NULL, NULL, NULL, NULL, NULL, NULL, NULL, NULL, NULL, NULL, NULL, NULL, NULL, NULL, NULL, NULL, NULL, 1, NULL, NULL, NULL, NULL, NULL, NULL, NULL, NULL, NULL, '2016-09-20 16:53:37', NULL),
(27, 4, 45, NULL, 127, 3, NULL, NULL, NULL, NULL, NULL, 5, 5, NULL, 7484, NULL, NULL, NULL, NULL, 0, NULL, NULL, NULL, NULL, NULL, NULL, NULL, NULL, NULL, NULL, NULL, NULL, NULL, NULL, NULL, NULL, NULL, NULL, NULL, NULL, 2, NULL, NULL, NULL, NULL, NULL, NULL, NULL, NULL, NULL, '2016-09-20 16:53:37', NULL),
(28, 2, 45, NULL, 127, 4, NULL, NULL, NULL, NULL, NULL, 5, 5, NULL, 7484, NULL, NULL, NULL, NULL, 0, NULL, NULL, NULL, NULL, NULL, NULL, NULL, NULL, NULL, NULL, NULL, NULL, NULL, NULL, NULL, NULL, NULL, NULL, NULL, NULL, 1, NULL, NULL, NULL, NULL, NULL, NULL, NULL, NULL, NULL, '2016-09-20 16:53:37', NULL),
(29, 1, 5, NULL, 127, 2, NULL, NULL, NULL, NULL, NULL, 11, 44, NULL, 555, NULL, NULL, NULL, NULL, 0, NULL, NULL, NULL, NULL, NULL, NULL, NULL, NULL, NULL, NULL, NULL, NULL, NULL, NULL, NULL, NULL, NULL, NULL, NULL, NULL, 1, NULL, NULL, NULL, NULL, NULL, NULL, NULL, NULL, NULL, '2016-09-20 16:53:37', NULL);

-- --------------------------------------------------------

--
-- Table structure for table `realestate_lands`
--

CREATE TABLE IF NOT EXISTS `realestate_lands` (
  `id` bigint(20) NOT NULL AUTO_INCREMENT,
  `id_reference_type_land` bigint(20) DEFAULT NULL COMMENT 'Справочник: тип участка.',
  `stead` int(10) DEFAULT NULL COMMENT 'Соток',
  `stead_x` int(10) DEFAULT NULL COMMENT 'Размеры: длина',
  `stead_y` int(10) DEFAULT NULL COMMENT 'Размеры: ширина',
  `id_reference_type_right_land` bigint(20) DEFAULT NULL COMMENT 'Справоччник: вид права на участок',
  `price` bigint(20) DEFAULT NULL COMMENT 'Цена',
  `conditions` text COMMENT 'Условия',
  `clear_sale` tinyint(1) DEFAULT NULL COMMENT 'Флажок: чистая продажа (1), нет (0)',
  `id_reference_pavement_land` bigint(20) DEFAULT NULL COMMENT 'Справочник: подъезд к участку',
  `id_reference_location` bigint(20) DEFAULT NULL COMMENT 'Справочник: расположение',
  `id_reference_land_relief` bigint(20) DEFAULT NULL COMMENT 'Справочник: рельеф участка.',
  `facade` int(10) DEFAULT NULL COMMENT 'Фасад. Должен быть равен stead_x или stead_y',
  `id_reference_survey` bigint(20) DEFAULT NULL COMMENT 'Справочник: межевание.',
  `id_reference_land_form` bigint(20) DEFAULT NULL COMMENT 'Справочник: форма участка.',
  `id_reference_output_to_water` bigint(20) DEFAULT NULL COMMENT 'Справочник: выход к водоему.',
  `id_reference_width_road_entry` bigint(20) DEFAULT NULL COMMENT 'Справочник: ширина проезжей части у въезда на участок',
  `has_around_territory` tinyint(1) DEFAULT NULL COMMENT 'Флажок: есть прилегающая территория (да), нет ее (0).',
  `id_reference_land_location` bigint(20) DEFAULT NULL COMMENT 'Справочник: расположение участка.',
  `created_at` timestamp NULL DEFAULT NULL,
  `updated_at` timestamp NULL DEFAULT NULL,
  PRIMARY KEY (`id`),
  KEY `id_reference_type_land` (`id_reference_type_land`),
  KEY `id_reference_type_right_land` (`id_reference_type_right_land`),
  KEY `id_reference_pavement_land` (`id_reference_pavement_land`),
  KEY `id_reference_land_location` (`id_reference_land_location`),
  KEY `id_reference_land_relief` (`id_reference_land_relief`),
  KEY `id_reference_survey` (`id_reference_survey`),
  KEY `id_reference_land_form` (`id_reference_land_form`),
  KEY `id_reference_output_to_water` (`id_reference_output_to_water`),
  KEY `id_reference_width_road_entry` (`id_reference_width_road_entry`),
  KEY `id_reference_location` (`id_reference_location`)
) ENGINE=InnoDB  DEFAULT CHARSET=utf8 COMMENT='Объект недвижимости: участки.' AUTO_INCREMENT=29 ;

--
-- Triggers `realestate_lands`
--
DROP TRIGGER IF EXISTS `landlord_new_db`.`before_insert_realestate_lands`;
DELIMITER //
CREATE TRIGGER `landlord_new_db`.`before_insert_realestate_lands` BEFORE INSERT ON `landlord_new_db`.`realestate_lands`
 FOR EACH ROW BEGIN
    IF ( new.created_at IS NULL) THEN
        SET new.created_at = now();
    END IF;
END
//
DELIMITER ;
DROP TRIGGER IF EXISTS `landlord_new_db`.`before_update_realestate_lands`;
DELIMITER //
CREATE TRIGGER `landlord_new_db`.`before_update_realestate_lands` BEFORE UPDATE ON `landlord_new_db`.`realestate_lands`
 FOR EACH ROW BEGIN
    IF ( new.updated_at IS NULL) THEN
        SET new.updated_at = now();
    END IF;
END
//
DELIMITER ;

--
-- Dumping data for table `realestate_lands`
--

INSERT INTO `realestate_lands` (`id`, `id_reference_type_land`, `stead`, `stead_x`, `stead_y`, `id_reference_type_right_land`, `price`, `conditions`, `clear_sale`, `id_reference_pavement_land`, `id_reference_location`, `id_reference_land_relief`, `facade`, `id_reference_survey`, `id_reference_land_form`, `id_reference_output_to_water`, `id_reference_width_road_entry`, `has_around_territory`, `id_reference_land_location`, `created_at`, `updated_at`) VALUES
(14, 4, 25, NULL, NULL, 3, 1859, NULL, NULL, 5, NULL, 3, NULL, 2, 1, 1, 1, 1, 1, '2016-09-21 15:08:04', NULL),
(15, 2, 9, 3, 5, 1, 123, 'Условия', NULL, 5, NULL, 3, 3, 1, 1, 1, 1, 1, 2, '2016-09-21 15:08:04', NULL),
(16, 4, 4, 1, 2, 2, 123, '', NULL, 1, NULL, 1, 1, 2, 1, 1, 1, 2, 1, '2016-09-21 15:08:04', NULL),
(17, 1, 555, 22, 2222, 3, 855, '5555', NULL, 1, NULL, 1, 22, 2, 1, 2, 1, 1, 2, '2016-09-21 15:08:04', NULL),
(18, 3, 555, 22, 2222, 3, 855, '5555', NULL, 3, NULL, 1, 22, 1, 2, 1, 1, 1, 2, '2016-09-21 15:08:04', NULL),
(19, 1, 555, 22, 2222, 1, 855, '5555', NULL, 3, NULL, 2, 22, 1, 1, 2, 2, 2, 1, '2016-09-21 15:08:04', NULL),
(20, 2, 555, 22, 2222, 1, 855, '5555', NULL, 1, NULL, 1, 22, 2, 2, 1, 2, 1, 2, '2016-09-21 15:08:04', NULL),
(21, 4, 555, 22, 2222, 3, 855, '5555', NULL, 4, NULL, 2, 22, 2, 2, 2, 1, 2, 1, '2016-09-21 15:08:04', NULL),
(22, 4, 555, 22, 2222, 1, 855, '5555', NULL, 3, NULL, 3, 22, 1, 2, 2, 1, 2, 2, '2016-09-21 15:08:04', NULL),
(23, 3, 555, 22, 2222, 2, 855, '5555', NULL, 1, NULL, 1, 22, 1, 2, 2, 1, 2, 2, '2016-09-21 15:08:04', NULL),
(24, 2, 555, 22, 2222, 1, 855, '5555', NULL, 3, NULL, 2, 22, 2, 2, 1, 2, 1, 2, '2016-09-21 15:08:04', NULL),
(25, 1, 555, 22, 2222, 1, 855, '5555', NULL, 1, NULL, 1, 22, 2, 2, 1, 2, 2, 1, '2016-09-21 15:08:04', NULL),
(26, 2, 555, 22, 2222, 1, 855, '5555', NULL, 2, NULL, 1, 22, 2, 1, 1, 2, 1, 2, '2016-09-21 15:08:04', NULL),
(27, 1, 555, 22, 2222, 1, 855, '5555', NULL, 2, NULL, 3, 22, 2, 1, 2, 1, 2, 1, '2016-09-21 15:08:04', NULL),
(28, 1, 555, 22, 2222, 1, 855, '5555', NULL, 3, NULL, 1, 22, 2, 1, 1, 2, 2, 1, '2016-09-21 15:08:04', NULL);

-- --------------------------------------------------------

--
-- Table structure for table `realestate_price_history`
--

CREATE TABLE IF NOT EXISTS `realestate_price_history` (
  `id` bigint(20) NOT NULL AUTO_INCREMENT,
  `id_realestate` bigint(20) DEFAULT NULL COMMENT 'Объект недвижимости',
  `price` bigint(20) DEFAULT NULL COMMENT 'Старая цена (для Квартир, Домовладений, Аренды и Участков)',
  `sell_price` bigint(20) DEFAULT NULL COMMENT 'Цена продажи (КН)',
  `sell_price_square` bigint(20) DEFAULT NULL COMMENT 'Цена продажи за кв. метр (КН)',
  `rent_price` bigint(20) DEFAULT NULL COMMENT 'Цена аренды (КН)',
  `rent_price_square` bigint(20) DEFAULT NULL COMMENT 'Цена аренды за кв. метр (КН)',
  `id_employee` bigint(20) DEFAULT NULL COMMENT 'Сотрудник, внесший изменение',
  `created_at` timestamp NULL DEFAULT NULL,
  `updated_at` timestamp NULL DEFAULT NULL,
  PRIMARY KEY (`id`),
  KEY `realestate_price_history_ibfk_1` (`id_realestate`),
  KEY `id_employee` (`id_employee`)
) ENGINE=InnoDB DEFAULT CHARSET=utf8 COMMENT='Базовая таблица: история объекта недвижимости.' AUTO_INCREMENT=1 ;

--
-- Triggers `realestate_price_history`
--
DROP TRIGGER IF EXISTS `landlord_new_db`.`before_insert_realestate_price_history`;
DELIMITER //
CREATE TRIGGER `landlord_new_db`.`before_insert_realestate_price_history` BEFORE INSERT ON `landlord_new_db`.`realestate_price_history`
 FOR EACH ROW BEGIN
    IF ( new.created_at IS NULL) THEN
        SET new.created_at = now();
    END IF;
END
//
DELIMITER ;
DROP TRIGGER IF EXISTS `landlord_new_db`.`before_update_realestate_price_history`;
DELIMITER //
CREATE TRIGGER `landlord_new_db`.`before_update_realestate_price_history` BEFORE UPDATE ON `landlord_new_db`.`realestate_price_history`
 FOR EACH ROW BEGIN
    IF ( new.updated_at IS NULL) THEN
        SET new.updated_at = now();
    END IF;
END
//
DELIMITER ;

--
-- Dumping data for table `realestate_price_history`
--


-- --------------------------------------------------------

--
-- Table structure for table `realestate_rent`
--

CREATE TABLE IF NOT EXISTS `realestate_rent` (
  `id` bigint(20) NOT NULL AUTO_INCREMENT,
  `id_reference_type_apartment` bigint(20) DEFAULT NULL COMMENT 'Справочник: тип жилья.',
  `id_reference_fund` bigint(20) DEFAULT NULL COMMENT 'Справочник: фонд.',
  `floor` tinyint(4) DEFAULT NULL COMMENT 'Этаж',
  `floor_all` tinyint(4) DEFAULT NULL COMMENT 'Этажей всего',
  `area_general` tinyint(4) DEFAULT NULL COMMENT 'Площадь общая',
  `area_living` tinyint(4) DEFAULT NULL COMMENT 'Площадь жилая',
  `area_kitchen` tinyint(4) DEFAULT NULL COMMENT 'Площадь кухонная',
  `room_count` tinyint(4) DEFAULT NULL COMMENT 'Количество комнат',
  `price` bigint(20) DEFAULT NULL COMMENT 'Стоимость',
  `prepayment` bigint(20) DEFAULT NULL COMMENT 'Предоплата',
  `deposit` bigint(20) DEFAULT NULL COMMENT 'Залог',
  `can_daily_rent` tinyint(1) DEFAULT NULL COMMENT 'Флажок: посуточная аренда есть (1), нет (0)',
  `conditions` text COMMENT 'Условия',
  `id_reference_layout` bigint(20) DEFAULT NULL COMMENT 'Справочник: планировка.',
  `id_reference_adjacement` bigint(20) DEFAULT NULL COMMENT 'Справочник: смежность.',
  `id_reference_state` bigint(20) DEFAULT NULL COMMENT 'Справочник: состояния.',
  `id_reference_furniture` bigint(20) DEFAULT NULL COMMENT 'Справочник: мебель.',
  `id_reference_appliance` bigint(20) DEFAULT NULL COMMENT 'Справочник: техника.',
  `description` text COMMENT 'Описание',
  `id_reference_comfort` bigint(20) DEFAULT NULL COMMENT 'Справочник: удобства',
  `id_reference_bathroom` bigint(20) DEFAULT NULL COMMENT 'Справочник: сан. узел',
  `id_reference_balcony` bigint(20) DEFAULT NULL COMMENT 'Справочник: балконы',
  `id_reference_loggia` bigint(20) DEFAULT NULL COMMENT 'Справочник: лоджии.',
  `id_reference_yard` bigint(20) DEFAULT NULL COMMENT 'Справочник: двор',
  `id_reference_parking` bigint(20) DEFAULT NULL COMMENT 'Справочник: парковка.',
  `id_reference_entry` bigint(20) DEFAULT NULL COMMENT 'Справочник: въезды.',
  `has_concierge` tinyint(4) DEFAULT NULL COMMENT 'Флажок: есть консьерж (1), нет (0)',
  `can_children` tinyint(1) DEFAULT NULL COMMENT 'Флажок: берут с детьми (1), не берут (0)',
  `can_animals` tinyint(1) DEFAULT NULL COMMENT 'Флажок: можно с животными (1), нельзя (0)',
  `id_deadline` bigint(20) DEFAULT NULL COMMENT 'Справочник: сроки сдачи.',
  `deadline_value` int(10) DEFAULT NULL COMMENT 'Срок сдачи в числовом эквиваленте.',
  `ceiling` double(2,0) DEFAULT NULL COMMENT 'Потолки',
  `is_penthouse` tinyint(1) DEFAULT NULL COMMENT 'Флажок: пентахус (1), не пентхаус (0)',
  `is_apartments` tinyint(1) DEFAULT NULL COMMENT 'Флажок: апартаменты - да (1), нет (0)',
  `passenger_elevators_count` tinyint(1) DEFAULT NULL COMMENT 'Количество пассажирских лифтов',
  `service_elevators_count` tinyint(1) DEFAULT NULL COMMENT 'Количество грузовых лифтов',
  `id_reference_repair` bigint(20) DEFAULT NULL COMMENT 'Справочник: ремонт.',
  `commission_value` int(10) DEFAULT NULL COMMENT 'Размер комиссии',
  `created_at` timestamp NULL DEFAULT NULL,
  `updated_at` timestamp NULL DEFAULT NULL,
  PRIMARY KEY (`id`),
  KEY `id_reference_type_apartment` (`id_reference_type_apartment`),
  KEY `id_reference_fund` (`id_reference_fund`),
  KEY `id_reference_layout` (`id_reference_layout`),
  KEY `id_reference_adjacement` (`id_reference_adjacement`),
  KEY `id_reference_state` (`id_reference_state`),
  KEY `id_reference_furniture` (`id_reference_furniture`),
  KEY `id_reference_appliance` (`id_reference_appliance`),
  KEY `id_reference_comfort` (`id_reference_comfort`),
  KEY `id_reference_bathroom` (`id_reference_bathroom`),
  KEY `id_reference_balcony` (`id_reference_balcony`),
  KEY `id_reference_loggia` (`id_reference_loggia`),
  KEY `id_reference_yard` (`id_reference_yard`),
  KEY `id_reference_parking` (`id_reference_parking`),
  KEY `id_reference_entry` (`id_reference_entry`),
  KEY `id_deadline` (`id_deadline`),
  KEY `id_reference_repair` (`id_reference_repair`)
) ENGINE=InnoDB  DEFAULT CHARSET=utf8 COMMENT='Таблица эксземпляров недвижимости: аренда.' AUTO_INCREMENT=30 ;

--
-- Triggers `realestate_rent`
--
DROP TRIGGER IF EXISTS `landlord_new_db`.`before_insert_realestate_rent`;
DELIMITER //
CREATE TRIGGER `landlord_new_db`.`before_insert_realestate_rent` BEFORE INSERT ON `landlord_new_db`.`realestate_rent`
 FOR EACH ROW BEGIN
    IF ( new.created_at IS NULL) THEN
        SET new.created_at = now();
    END IF;
END
//
DELIMITER ;
DROP TRIGGER IF EXISTS `landlord_new_db`.`before_update_realestate_rent`;
DELIMITER //
CREATE TRIGGER `landlord_new_db`.`before_update_realestate_rent` BEFORE UPDATE ON `landlord_new_db`.`realestate_rent`
 FOR EACH ROW BEGIN
    IF ( new.updated_at IS NULL) THEN
        SET new.updated_at = now();
    END IF;
END
//
DELIMITER ;

--
-- Dumping data for table `realestate_rent`
--

INSERT INTO `realestate_rent` (`id`, `id_reference_type_apartment`, `id_reference_fund`, `floor`, `floor_all`, `area_general`, `area_living`, `area_kitchen`, `room_count`, `price`, `prepayment`, `deposit`, `can_daily_rent`, `conditions`, `id_reference_layout`, `id_reference_adjacement`, `id_reference_state`, `id_reference_furniture`, `id_reference_appliance`, `description`, `id_reference_comfort`, `id_reference_bathroom`, `id_reference_balcony`, `id_reference_loggia`, `id_reference_yard`, `id_reference_parking`, `id_reference_entry`, `has_concierge`, `can_children`, `can_animals`, `id_deadline`, `deadline_value`, `ceiling`, `is_penthouse`, `is_apartments`, `passenger_elevators_count`, `service_elevators_count`, `id_reference_repair`, `commission_value`, `created_at`, `updated_at`) VALUES
(13, 3, 5, 8, 17, 3, 8, 22, NULL, 151166, 12658484, NULL, NULL, 'Условия', NULL, NULL, NULL, NULL, NULL, NULL, NULL, NULL, NULL, NULL, NULL, NULL, NULL, NULL, NULL, NULL, NULL, NULL, NULL, NULL, NULL, NULL, NULL, NULL, NULL, '2016-09-19 16:49:21', NULL),
(14, 6, 3, 5, 19, 2, 8, 17, NULL, NULL, 136544, NULL, NULL, NULL, NULL, NULL, NULL, NULL, NULL, NULL, NULL, NULL, NULL, NULL, NULL, NULL, NULL, NULL, NULL, NULL, NULL, NULL, NULL, NULL, NULL, NULL, NULL, NULL, NULL, '2016-09-19 16:49:21', NULL),
(15, 7, 2, 2, 5, 2, 3, 4, NULL, 123, 2, NULL, NULL, 'условия', NULL, NULL, NULL, NULL, NULL, NULL, NULL, NULL, NULL, NULL, NULL, NULL, NULL, NULL, NULL, NULL, NULL, NULL, NULL, NULL, NULL, NULL, NULL, NULL, NULL, '2016-09-19 16:49:21', NULL),
(16, 7, 2, 2, 5, 2, 3, 4, NULL, 123, 2, NULL, NULL, 'условия', NULL, NULL, NULL, NULL, NULL, NULL, NULL, NULL, NULL, NULL, NULL, NULL, NULL, NULL, NULL, NULL, NULL, NULL, NULL, NULL, NULL, NULL, NULL, NULL, NULL, '2016-09-19 16:49:21', NULL),
(17, 2, 4, 2, 5, 2, 3, 4, NULL, 123, 2, NULL, NULL, 'условия', NULL, NULL, NULL, NULL, NULL, NULL, NULL, NULL, NULL, NULL, NULL, NULL, NULL, NULL, NULL, NULL, NULL, NULL, NULL, NULL, NULL, NULL, NULL, NULL, NULL, '2016-09-19 16:49:21', NULL),
(18, 2, 4, 1, 2, 1, 2, 3, NULL, 123, 2, NULL, NULL, 'Условия', NULL, NULL, NULL, NULL, NULL, NULL, NULL, NULL, NULL, NULL, NULL, NULL, NULL, NULL, NULL, NULL, NULL, NULL, NULL, NULL, NULL, NULL, NULL, NULL, NULL, '2016-09-19 16:49:21', NULL),
(19, 6, 1, 1, 12, 10, 10, 10, NULL, NULL, 0, NULL, NULL, NULL, NULL, NULL, NULL, NULL, NULL, NULL, NULL, NULL, NULL, NULL, NULL, NULL, NULL, NULL, NULL, NULL, NULL, NULL, NULL, NULL, NULL, NULL, NULL, NULL, NULL, '2016-09-19 16:49:21', NULL),
(20, 3, 2, 1, 12, 10, 10, 10, NULL, NULL, 0, NULL, NULL, NULL, NULL, NULL, NULL, NULL, NULL, NULL, NULL, NULL, NULL, NULL, NULL, NULL, NULL, NULL, NULL, NULL, NULL, NULL, NULL, NULL, NULL, NULL, NULL, NULL, NULL, '2016-09-19 16:49:21', NULL),
(21, 5, 1, 1, 12, 10, 10, 10, NULL, NULL, 0, NULL, NULL, NULL, NULL, NULL, NULL, NULL, NULL, NULL, NULL, NULL, NULL, NULL, NULL, NULL, NULL, NULL, NULL, NULL, NULL, NULL, NULL, NULL, NULL, NULL, NULL, NULL, NULL, '2016-09-19 16:49:21', NULL),
(22, 7, 2, 1, 12, 10, 10, 10, NULL, NULL, 0, NULL, NULL, NULL, NULL, NULL, NULL, NULL, NULL, NULL, NULL, NULL, NULL, NULL, NULL, NULL, NULL, NULL, NULL, NULL, NULL, NULL, NULL, NULL, NULL, NULL, NULL, NULL, NULL, '2016-09-19 16:49:21', NULL),
(23, 3, 1, 1, 12, 10, 10, 10, NULL, NULL, 0, NULL, NULL, NULL, NULL, NULL, NULL, NULL, NULL, NULL, NULL, NULL, NULL, NULL, NULL, NULL, NULL, NULL, NULL, NULL, NULL, NULL, NULL, NULL, NULL, NULL, NULL, NULL, NULL, '2016-09-19 16:49:21', NULL),
(24, 2, 4, 1, 12, 10, 10, 10, NULL, NULL, 0, NULL, NULL, NULL, NULL, NULL, NULL, NULL, NULL, NULL, NULL, NULL, NULL, NULL, NULL, NULL, NULL, NULL, NULL, NULL, NULL, NULL, NULL, NULL, NULL, NULL, NULL, NULL, NULL, '2016-09-19 16:49:21', NULL),
(25, 1, 2, 1, 12, 10, 10, 10, NULL, NULL, 0, NULL, NULL, NULL, NULL, NULL, NULL, NULL, NULL, NULL, NULL, NULL, NULL, NULL, NULL, NULL, NULL, NULL, NULL, NULL, NULL, NULL, NULL, NULL, NULL, NULL, NULL, NULL, NULL, '2016-09-19 16:49:21', NULL),
(26, 1, 2, 1, 12, 10, 10, 10, NULL, NULL, 0, NULL, NULL, NULL, NULL, NULL, NULL, NULL, NULL, NULL, NULL, NULL, NULL, NULL, NULL, NULL, NULL, NULL, NULL, NULL, NULL, NULL, NULL, NULL, NULL, NULL, NULL, NULL, NULL, '2016-09-19 16:49:21', NULL),
(27, 5, 5, 1, 12, 10, 10, 10, NULL, NULL, 0, NULL, NULL, NULL, NULL, NULL, NULL, NULL, NULL, NULL, NULL, NULL, NULL, NULL, NULL, NULL, NULL, NULL, NULL, NULL, NULL, NULL, NULL, NULL, NULL, NULL, NULL, NULL, NULL, '2016-09-19 16:49:21', NULL),
(28, 7, 4, 1, 12, 10, 10, 10, NULL, NULL, 0, NULL, NULL, NULL, NULL, NULL, NULL, NULL, NULL, NULL, NULL, NULL, NULL, NULL, NULL, NULL, NULL, NULL, NULL, NULL, NULL, NULL, NULL, NULL, NULL, NULL, NULL, NULL, NULL, '2016-09-19 16:49:21', NULL),
(29, 5, 2, 1, 12, 10, 10, 10, NULL, NULL, 0, NULL, NULL, NULL, NULL, NULL, NULL, NULL, NULL, NULL, NULL, NULL, NULL, NULL, NULL, NULL, NULL, NULL, NULL, NULL, NULL, NULL, NULL, NULL, NULL, NULL, NULL, NULL, NULL, '2016-09-19 16:49:21', NULL);

-- --------------------------------------------------------

--
-- Table structure for table `reference_additional_buildings`
--

CREATE TABLE IF NOT EXISTS `reference_additional_buildings` (
  `id` bigint(20) NOT NULL AUTO_INCREMENT,
  `additional_buildings` varchar(100) DEFAULT NULL COMMENT 'Дополнительные постройки возле дома',
  PRIMARY KEY (`id`),
  UNIQUE KEY `additional_buildings` (`additional_buildings`) USING BTREE
) ENGINE=InnoDB  DEFAULT CHARSET=utf8 COMMENT='Справочник: дополнительные постройки.' AUTO_INCREMENT=3 ;

--
-- Dumping data for table `reference_additional_buildings`
--

INSERT INTO `reference_additional_buildings` (`id`, `additional_buildings`) VALUES
(1, 'Баня'),
(2, 'Бассейн');

-- --------------------------------------------------------

--
-- Table structure for table `reference_additional_expenses`
--

CREATE TABLE IF NOT EXISTS `reference_additional_expenses` (
  `id` bigint(20) NOT NULL AUTO_INCREMENT,
  `additional_expense` varchar(255) DEFAULT NULL COMMENT 'Дополнительные расходы',
  PRIMARY KEY (`id`),
  UNIQUE KEY `additional_expense` (`additional_expense`) USING BTREE
) ENGINE=InnoDB  DEFAULT CHARSET=utf8 COMMENT='Справочник: дополнительные расходы.' AUTO_INCREMENT=5 ;

--
-- Dumping data for table `reference_additional_expenses`
--

INSERT INTO `reference_additional_expenses` (`id`, `additional_expense`) VALUES
(1, 'НДС'),
(3, 'Оплата коммун. услуг'),
(4, 'Связь'),
(2, 'УК');

-- --------------------------------------------------------

--
-- Table structure for table `reference_adjacency`
--

CREATE TABLE IF NOT EXISTS `reference_adjacency` (
  `id` bigint(20) NOT NULL AUTO_INCREMENT,
  `adjacency` varchar(50) NOT NULL COMMENT 'Смежность',
  PRIMARY KEY (`id`),
  UNIQUE KEY `adjacency` (`adjacency`) USING BTREE
) ENGINE=InnoDB  DEFAULT CHARSET=utf8 COMMENT='Справочник: смежность.' AUTO_INCREMENT=3 ;

--
-- Dumping data for table `reference_adjacency`
--

INSERT INTO `reference_adjacency` (`id`, `adjacency`) VALUES
(2, 'Раздельные'),
(1, 'Смежные');

-- --------------------------------------------------------

--
-- Table structure for table `reference_appliances`
--

CREATE TABLE IF NOT EXISTS `reference_appliances` (
  `id` bigint(20) NOT NULL AUTO_INCREMENT,
  `appliance` varchar(50) DEFAULT NULL COMMENT 'Техника',
  PRIMARY KEY (`id`),
  UNIQUE KEY `appliance` (`appliance`) USING BTREE
) ENGINE=InnoDB  DEFAULT CHARSET=utf8 COMMENT='Справочник: техника.' AUTO_INCREMENT=4 ;

--
-- Dumping data for table `reference_appliances`
--

INSERT INTO `reference_appliances` (`id`, `appliance`) VALUES
(1, 'Есть'),
(3, 'Нет'),
(2, 'Частично');

-- --------------------------------------------------------

--
-- Table structure for table `reference_balcony`
--

CREATE TABLE IF NOT EXISTS `reference_balcony` (
  `id` bigint(20) NOT NULL AUTO_INCREMENT,
  `balcony` varchar(50) NOT NULL COMMENT 'Балкон',
  PRIMARY KEY (`id`),
  UNIQUE KEY `balcony` (`balcony`) USING BTREE
) ENGINE=InnoDB  DEFAULT CHARSET=utf8 COMMENT='Справочник: балконы.' AUTO_INCREMENT=4 ;

--
-- Dumping data for table `reference_balcony`
--

INSERT INTO `reference_balcony` (`id`, `balcony`) VALUES
(2, 'Балкон з/с'),
(3, 'Балкон н/с'),
(1, 'Нет');

-- --------------------------------------------------------

--
-- Table structure for table `reference_bathroom`
--

CREATE TABLE IF NOT EXISTS `reference_bathroom` (
  `id` bigint(20) NOT NULL AUTO_INCREMENT,
  `bathroom` varchar(50) NOT NULL COMMENT 'Сан. узел',
  PRIMARY KEY (`id`),
  UNIQUE KEY `bathroom` (`bathroom`) USING BTREE
) ENGINE=InnoDB  DEFAULT CHARSET=utf8 COMMENT='Справочник: сан. узлы.' AUTO_INCREMENT=5 ;

--
-- Dumping data for table `reference_bathroom`
--

INSERT INTO `reference_bathroom` (`id`, `bathroom`) VALUES
(1, 'Два'),
(2, 'Нет'),
(3, 'Разделенный'),
(4, 'Совмещенный');

-- --------------------------------------------------------

--
-- Table structure for table `reference_beautification`
--

CREATE TABLE IF NOT EXISTS `reference_beautification` (
  `id` bigint(20) NOT NULL AUTO_INCREMENT,
  `beautification` varchar(50) DEFAULT NULL COMMENT 'Благоустройство',
  PRIMARY KEY (`id`),
  UNIQUE KEY `beautification` (`beautification`) USING BTREE
) ENGINE=InnoDB  DEFAULT CHARSET=utf8 COMMENT='Справочник: благоустройство.' AUTO_INCREMENT=6 ;

--
-- Dumping data for table `reference_beautification`
--

INSERT INTO `reference_beautification` (`id`, `beautification`) VALUES
(2, 'Ландшафтный дизайн'),
(1, 'Мощение'),
(5, 'Нет'),
(4, 'Огород'),
(3, 'Сад');

-- --------------------------------------------------------

--
-- Table structure for table `reference_business_centeres_classes`
--

CREATE TABLE IF NOT EXISTS `reference_business_centeres_classes` (
  `id` bigint(20) NOT NULL AUTO_INCREMENT,
  `class` varchar(50) NOT NULL,
  PRIMARY KEY (`id`),
  UNIQUE KEY `class` (`class`)
) ENGINE=InnoDB  DEFAULT CHARSET=utf8 COMMENT='Справочник: классы бизнес-центров' AUTO_INCREMENT=4 ;

--
-- Dumping data for table `reference_business_centeres_classes`
--

INSERT INTO `reference_business_centeres_classes` (`id`, `class`) VALUES
(1, 'A'),
(2, 'A+'),
(3, 'C');

-- --------------------------------------------------------

--
-- Table structure for table `reference_cities`
--

CREATE TABLE IF NOT EXISTS `reference_cities` (
  `id` bigint(20) NOT NULL AUTO_INCREMENT,
  `city` varchar(255) NOT NULL,
  PRIMARY KEY (`id`),
  UNIQUE KEY `city` (`city`)
) ENGINE=InnoDB  DEFAULT CHARSET=utf8 COMMENT='Справочник городов (для неофициальных районов)' AUTO_INCREMENT=6 ;

--
-- Dumping data for table `reference_cities`
--

INSERT INTO `reference_cities` (`id`, `city`) VALUES
(5, 'Азов'),
(3, 'Батайск'),
(2, 'Новочеркасск'),
(1, 'Ростов-на-Дону'),
(4, 'Таганрог');

-- --------------------------------------------------------

--
-- Table structure for table `reference_comforts`
--

CREATE TABLE IF NOT EXISTS `reference_comforts` (
  `id` bigint(20) NOT NULL AUTO_INCREMENT,
  `comfort` varchar(50) NOT NULL COMMENT 'Удобство',
  PRIMARY KEY (`id`),
  UNIQUE KEY `comfort` (`comfort`) USING BTREE
) ENGINE=InnoDB  DEFAULT CHARSET=utf8 COMMENT='Справочник: удобства.' AUTO_INCREMENT=4 ;

--
-- Dumping data for table `reference_comforts`
--

INSERT INTO `reference_comforts` (`id`, `comfort`) VALUES
(1, 'Все'),
(2, 'Отсутствуют'),
(3, 'Частично');

-- --------------------------------------------------------

--
-- Table structure for table `reference_commercial_floors`
--

CREATE TABLE IF NOT EXISTS `reference_commercial_floors` (
  `id` bigint(20) NOT NULL AUTO_INCREMENT,
  `commercial_floor` varchar(50) NOT NULL COMMENT 'Этаж в КН',
  PRIMARY KEY (`id`),
  UNIQUE KEY `commercial_floor` (`commercial_floor`)
) ENGINE=InnoDB  DEFAULT CHARSET=utf8 COMMENT='Справочник: этажи в КН' AUTO_INCREMENT=8 ;

--
-- Dumping data for table `reference_commercial_floors`
--

INSERT INTO `reference_commercial_floors` (`id`, `commercial_floor`) VALUES
(4, 'Антипыль'),
(3, 'Бетон'),
(7, 'Ковролин'),
(6, 'Ламинат'),
(1, 'Линолеум'),
(2, 'Паркет'),
(5, 'Плитка');

-- --------------------------------------------------------

--
-- Table structure for table `reference_commercial_lands`
--

CREATE TABLE IF NOT EXISTS `reference_commercial_lands` (
  `id` bigint(20) NOT NULL AUTO_INCREMENT,
  `commercial_land` varchar(75) DEFAULT NULL COMMENT 'Участок КН',
  PRIMARY KEY (`id`),
  UNIQUE KEY `commercial_land` (`commercial_land`) USING BTREE
) ENGINE=InnoDB  DEFAULT CHARSET=utf8 COMMENT='Справочник: участки КН' AUTO_INCREMENT=4 ;

--
-- Dumping data for table `reference_commercial_lands`
--

INSERT INTO `reference_commercial_lands` (`id`, `commercial_land`) VALUES
(3, 'Земли поселений'),
(2, 'Промназначения'),
(1, 'Сельхозназначения');

-- --------------------------------------------------------

--
-- Table structure for table `reference_commercial_location`
--

CREATE TABLE IF NOT EXISTS `reference_commercial_location` (
  `id` bigint(20) NOT NULL AUTO_INCREMENT,
  `location` varchar(75) NOT NULL,
  PRIMARY KEY (`id`),
  UNIQUE KEY `location` (`location`)
) ENGINE=InnoDB  DEFAULT CHARSET=utf8 COMMENT='Справочник: расположение КН' AUTO_INCREMENT=5 ;

--
-- Dumping data for table `reference_commercial_location`
--

INSERT INTO `reference_commercial_location` (`id`, `location`) VALUES
(4, 'В поле/за городом'),
(1, 'Вдоль дороги/город'),
(3, 'Вдоль трассы/за городом'),
(2, 'Внутри застройки/город');

-- --------------------------------------------------------

--
-- Table structure for table `reference_commercial_sublands`
--

CREATE TABLE IF NOT EXISTS `reference_commercial_sublands` (
  `id` bigint(20) NOT NULL AUTO_INCREMENT,
  `commercial_subland` varchar(75) DEFAULT NULL COMMENT 'Подразделы коммерческого участка',
  PRIMARY KEY (`id`),
  UNIQUE KEY `commercial_subland` (`commercial_subland`) USING BTREE
) ENGINE=InnoDB  DEFAULT CHARSET=utf8 COMMENT='Справочник: подразделы коммерческих участок' AUTO_INCREMENT=6 ;

--
-- Dumping data for table `reference_commercial_sublands`
--

INSERT INTO `reference_commercial_sublands` (`id`, `commercial_subland`) VALUES
(3, 'ИЖС'),
(4, 'Многоэтажная зона'),
(1, 'Общественно-деловая зона'),
(2, 'Промышленная зона'),
(5, 'Рекреационные зоны');

-- --------------------------------------------------------

--
-- Table structure for table `reference_communications`
--

CREATE TABLE IF NOT EXISTS `reference_communications` (
  `id` bigint(20) NOT NULL AUTO_INCREMENT,
  `communication` varchar(50) DEFAULT NULL COMMENT 'Коммуникации',
  `only_commercial` tinyint(1) NOT NULL DEFAULT '0' COMMENT 'Флажок: данная коммуникация отображается только для КН (1), иначе (0)',
  PRIMARY KEY (`id`),
  UNIQUE KEY `communication` (`communication`) USING BTREE
) ENGINE=InnoDB  DEFAULT CHARSET=utf8 COMMENT='Справочник: коммуникации.' AUTO_INCREMENT=7 ;

--
-- Dumping data for table `reference_communications`
--

INSERT INTO `reference_communications` (`id`, `communication`, `only_commercial`) VALUES
(1, 'Электричество', 0),
(2, 'Водоснабжение', 0),
(3, 'Канализация', 0),
(4, 'Газоснабжение', 0),
(5, 'Наличие оптоволокна', 1),
(6, 'Наличие охраны', 1);

-- --------------------------------------------------------

--
-- Table structure for table `reference_contracts_types`
--

CREATE TABLE IF NOT EXISTS `reference_contracts_types` (
  `id` bigint(20) NOT NULL AUTO_INCREMENT,
  `contract_type` varchar(50) DEFAULT NULL COMMENT 'Тип договора',
  PRIMARY KEY (`id`),
  UNIQUE KEY `contract_type` (`contract_type`) USING BTREE
) ENGINE=InnoDB  DEFAULT CHARSET=utf8 COMMENT='Справочник: тип договора.' AUTO_INCREMENT=4 ;

--
-- Dumping data for table `reference_contracts_types`
--

INSERT INTO `reference_contracts_types` (`id`, `contract_type`) VALUES
(3, 'Возмездно-эксклюзивный'),
(2, 'Возмездный'),
(1, 'Эксклюзивный');

-- --------------------------------------------------------

--
-- Table structure for table `reference_deadlines`
--

CREATE TABLE IF NOT EXISTS `reference_deadlines` (
  `id` bigint(20) NOT NULL AUTO_INCREMENT,
  `deadline` varchar(20) DEFAULT NULL COMMENT 'Срок сдачи',
  PRIMARY KEY (`id`),
  UNIQUE KEY `deadline` (`deadline`) USING BTREE
) ENGINE=InnoDB  DEFAULT CHARSET=utf8 COMMENT='Справочник: сроки сдачи.' AUTO_INCREMENT=4 ;

--
-- Dumping data for table `reference_deadlines`
--

INSERT INTO `reference_deadlines` (`id`, `deadline`) VALUES
(1, 'Длительный (от года)'),
(2, 'Месяцы'),
(3, 'Сутки');

-- --------------------------------------------------------

--
-- Table structure for table `reference_decoration`
--

CREATE TABLE IF NOT EXISTS `reference_decoration` (
  `id` bigint(20) NOT NULL AUTO_INCREMENT,
  `decoration` varchar(50) DEFAULT NULL COMMENT 'Отделка',
  PRIMARY KEY (`id`),
  UNIQUE KEY `decoration` (`decoration`) USING BTREE
) ENGINE=InnoDB  DEFAULT CHARSET=utf8 COMMENT='Справочник: отделка.' AUTO_INCREMENT=4 ;

--
-- Dumping data for table `reference_decoration`
--

INSERT INTO `reference_decoration` (`id`, `decoration`) VALUES
(3, 'Капитальный ремонт'),
(2, 'Косметический ремонт'),
(1, 'Отличное состояние');

-- --------------------------------------------------------

--
-- Table structure for table `reference_elevators`
--

CREATE TABLE IF NOT EXISTS `reference_elevators` (
  `id` bigint(20) NOT NULL AUTO_INCREMENT,
  `elevator` varchar(50) NOT NULL COMMENT 'Лифт',
  PRIMARY KEY (`id`),
  UNIQUE KEY `elevator` (`elevator`) USING BTREE
) ENGINE=InnoDB  DEFAULT CHARSET=utf8 COMMENT='Справочник: лифты.' AUTO_INCREMENT=4 ;

--
-- Dumping data for table `reference_elevators`
--

INSERT INTO `reference_elevators` (`id`, `elevator`) VALUES
(2, 'Грузовой'),
(1, 'Пассажирский'),
(3, 'Пассажирско-грузовой');

-- --------------------------------------------------------

--
-- Table structure for table `reference_engineer_systems`
--

CREATE TABLE IF NOT EXISTS `reference_engineer_systems` (
  `id` bigint(20) NOT NULL AUTO_INCREMENT,
  `engineer_system` varchar(100) DEFAULT NULL COMMENT 'Инженерные системы дома',
  PRIMARY KEY (`id`),
  UNIQUE KEY `engineer_system` (`engineer_system`) USING BTREE
) ENGINE=InnoDB  DEFAULT CHARSET=utf8 COMMENT='Справочник: инженерные системы дома.' AUTO_INCREMENT=15 ;

--
-- Dumping data for table `reference_engineer_systems`
--

INSERT INTO `reference_engineer_systems` (`id`, `engineer_system`) VALUES
(1, 'Охранная сигнализация дома'),
(2, 'Периметральная сигнализация участка'),
(3, 'Пожарная сигнализация дома'),
(11, 'Система автополива участка'),
(5, 'Система видеонаблюдения'),
(10, 'Система кондиционирования'),
(4, 'Система контроля доступа'),
(14, 'Система локального охлаждения улицы'),
(6, 'Система обогрева дорожек'),
(9, 'Система приточно-вытяжной вентиляции'),
(8, 'Система резервного энергосбережения'),
(7, 'Система стабилизации напряжения'),
(13, 'Система центрального пылеудаления'),
(12, 'Системы очистки воды');

-- --------------------------------------------------------

--
-- Table structure for table `reference_entries`
--

CREATE TABLE IF NOT EXISTS `reference_entries` (
  `id` bigint(20) NOT NULL AUTO_INCREMENT,
  `entry` varchar(50) DEFAULT NULL COMMENT 'Въезд',
  PRIMARY KEY (`id`),
  UNIQUE KEY `entry` (`entry`) USING BTREE
) ENGINE=InnoDB  DEFAULT CHARSET=utf8 COMMENT='Справочник: въезд.' AUTO_INCREMENT=3 ;

--
-- Dumping data for table `reference_entries`
--

INSERT INTO `reference_entries` (`id`, `entry`) VALUES
(1, 'Есть'),
(2, 'Нет');

-- --------------------------------------------------------

--
-- Table structure for table `reference_floors`
--

CREATE TABLE IF NOT EXISTS `reference_floors` (
  `id` bigint(20) NOT NULL AUTO_INCREMENT,
  `floor` varchar(50) NOT NULL COMMENT 'Полы',
  PRIMARY KEY (`id`),
  UNIQUE KEY `floor` (`floor`) USING BTREE
) ENGINE=InnoDB  DEFAULT CHARSET=utf8 COMMENT='Справочник: полы.' AUTO_INCREMENT=13 ;

--
-- Dumping data for table `reference_floors`
--

INSERT INTO `reference_floors` (`id`, `floor`) VALUES
(1, 'ДВП'),
(2, 'Деревянные'),
(3, 'ДСП'),
(4, 'Ковролин'),
(5, 'Ламинат'),
(6, 'Линолеум'),
(12, 'Паркет'),
(7, 'Плитка'),
(8, 'Плитка перекрытия'),
(9, 'Стяжка'),
(10, 'Теплые полы'),
(11, 'Фанера');

-- --------------------------------------------------------

--
-- Table structure for table `reference_funds`
--

CREATE TABLE IF NOT EXISTS `reference_funds` (
  `id` bigint(20) NOT NULL AUTO_INCREMENT,
  `fund` varchar(50) NOT NULL COMMENT 'Фонд',
  PRIMARY KEY (`id`),
  UNIQUE KEY `fund` (`fund`) USING BTREE
) ENGINE=InnoDB  DEFAULT CHARSET=utf8 COMMENT='Справочник: фонды.' AUTO_INCREMENT=6 ;

--
-- Dumping data for table `reference_funds`
--

INSERT INTO `reference_funds` (`id`, `fund`) VALUES
(1, 'Новостройки'),
(2, 'Современный'),
(3, 'Сталинский'),
(4, 'Старый фонд'),
(5, 'Хрущевский');

-- --------------------------------------------------------

--
-- Table structure for table `reference_furniture`
--

CREATE TABLE IF NOT EXISTS `reference_furniture` (
  `id` bigint(20) NOT NULL AUTO_INCREMENT,
  `furniture` varchar(50) DEFAULT NULL COMMENT 'Мебель',
  PRIMARY KEY (`id`),
  UNIQUE KEY `furniture` (`furniture`) USING BTREE
) ENGINE=InnoDB  DEFAULT CHARSET=utf8 COMMENT='Справочник: мебель.' AUTO_INCREMENT=4 ;

--
-- Dumping data for table `reference_furniture`
--

INSERT INTO `reference_furniture` (`id`, `furniture`) VALUES
(1, 'Есть'),
(3, 'Нет'),
(2, 'Частично');

-- --------------------------------------------------------

--
-- Table structure for table `reference_heating`
--

CREATE TABLE IF NOT EXISTS `reference_heating` (
  `id` bigint(20) NOT NULL AUTO_INCREMENT,
  `heating` varchar(50) DEFAULT NULL COMMENT 'Отопление.',
  PRIMARY KEY (`id`),
  UNIQUE KEY `heating` (`heating`) USING BTREE
) ENGINE=InnoDB  DEFAULT CHARSET=utf8 COMMENT='Справочник: отопление' AUTO_INCREMENT=7 ;

--
-- Dumping data for table `reference_heating`
--

INSERT INTO `reference_heating` (`id`, `heating`) VALUES
(1, 'АГВ'),
(2, 'Котел'),
(3, 'Нет'),
(4, 'Печное'),
(5, 'ТЭЦ'),
(6, 'Форсунка');

-- --------------------------------------------------------

--
-- Table structure for table `reference_hoists`
--

CREATE TABLE IF NOT EXISTS `reference_hoists` (
  `id` bigint(20) NOT NULL AUTO_INCREMENT,
  `hoist` varchar(100) DEFAULT NULL COMMENT 'Грузоподъемные механизмы',
  PRIMARY KEY (`id`),
  UNIQUE KEY `hoist` (`hoist`) USING BTREE
) ENGINE=InnoDB  DEFAULT CHARSET=utf8 COMMENT='Справочник: грузоподъемные механизмы.' AUTO_INCREMENT=4 ;

--
-- Dumping data for table `reference_hoists`
--

INSERT INTO `reference_hoists` (`id`, `hoist`) VALUES
(1, 'Козловый кран'),
(2, 'Кран-балка'),
(3, 'Тельфер');

-- --------------------------------------------------------

--
-- Table structure for table `reference_hot_water`
--

CREATE TABLE IF NOT EXISTS `reference_hot_water` (
  `id` bigint(20) NOT NULL AUTO_INCREMENT,
  `hot_water` varchar(50) DEFAULT NULL COMMENT 'Горячая вода',
  PRIMARY KEY (`id`),
  UNIQUE KEY `hot_water` (`hot_water`) USING BTREE
) ENGINE=InnoDB  DEFAULT CHARSET=utf8 COMMENT='Справочник: горячая вода' AUTO_INCREMENT=8 ;

--
-- Dumping data for table `reference_hot_water`
--

INSERT INTO `reference_hot_water` (`id`, `hot_water`) VALUES
(1, 'АГВ'),
(2, 'Бойлер'),
(3, 'Колонка'),
(4, 'Котел'),
(5, 'Нет'),
(6, 'ТЭЦ'),
(7, 'Электронагреватель');

-- --------------------------------------------------------

--
-- Table structure for table `reference_household_location`
--

CREATE TABLE IF NOT EXISTS `reference_household_location` (
  `id` bigint(20) NOT NULL AUTO_INCREMENT,
  `location` varchar(50) DEFAULT NULL COMMENT 'Местонахождение дома',
  PRIMARY KEY (`id`),
  UNIQUE KEY `location` (`location`) USING BTREE
) ENGINE=InnoDB  DEFAULT CHARSET=utf8 COMMENT='Справочник: местонахождение дома.' AUTO_INCREMENT=3 ;

--
-- Dumping data for table `reference_household_location`
--

INSERT INTO `reference_household_location` (`id`, `location`) VALUES
(1, 'В черте города'),
(2, 'За чертой');

-- --------------------------------------------------------

--
-- Table structure for table `reference_house_type`
--

CREATE TABLE IF NOT EXISTS `reference_house_type` (
  `id` bigint(20) NOT NULL AUTO_INCREMENT,
  `house_type` varchar(50) NOT NULL COMMENT 'Тип дома',
  PRIMARY KEY (`id`),
  UNIQUE KEY `house_type` (`house_type`) USING BTREE
) ENGINE=InnoDB  DEFAULT CHARSET=utf8 COMMENT='Справочник: тип дома.' AUTO_INCREMENT=4 ;

--
-- Dumping data for table `reference_house_type`
--

INSERT INTO `reference_house_type` (`id`, `house_type`) VALUES
(3, '1/2'),
(1, 'Дом'),
(2, 'Коттедж');

-- --------------------------------------------------------

--
-- Table structure for table `reference_lands_forms`
--

CREATE TABLE IF NOT EXISTS `reference_lands_forms` (
  `id` bigint(20) NOT NULL AUTO_INCREMENT,
  `land_form` varchar(50) DEFAULT NULL COMMENT 'Форма участка',
  PRIMARY KEY (`id`),
  UNIQUE KEY `land_form` (`land_form`) USING BTREE
) ENGINE=InnoDB  DEFAULT CHARSET=utf8 COMMENT='Справочник: форма участка.' AUTO_INCREMENT=3 ;

--
-- Dumping data for table `reference_lands_forms`
--

INSERT INTO `reference_lands_forms` (`id`, `land_form`) VALUES
(2, 'Неправильная'),
(1, 'Правильная');

-- --------------------------------------------------------

--
-- Table structure for table `reference_land_locations`
--

CREATE TABLE IF NOT EXISTS `reference_land_locations` (
  `id` bigint(20) NOT NULL AUTO_INCREMENT,
  `land_location` varchar(20) DEFAULT NULL COMMENT 'Расположение участка',
  PRIMARY KEY (`id`),
  UNIQUE KEY `land_location` (`land_location`) USING BTREE
) ENGINE=InnoDB  DEFAULT CHARSET=utf8 COMMENT='Справочник: местоположение участка' AUTO_INCREMENT=3 ;

--
-- Dumping data for table `reference_land_locations`
--

INSERT INTO `reference_land_locations` (`id`, `land_location`) VALUES
(1, 'В черте города'),
(2, 'За чертой города');

-- --------------------------------------------------------

--
-- Table structure for table `reference_land_reliefs`
--

CREATE TABLE IF NOT EXISTS `reference_land_reliefs` (
  `id` bigint(20) NOT NULL AUTO_INCREMENT,
  `land_relief` varchar(50) DEFAULT NULL COMMENT 'Рельеф участка',
  PRIMARY KEY (`id`),
  UNIQUE KEY `land_relief` (`land_relief`) USING BTREE
) ENGINE=InnoDB  DEFAULT CHARSET=utf8 COMMENT='Справочник: рельеф участка.' AUTO_INCREMENT=4 ;

--
-- Dumping data for table `reference_land_reliefs`
--

INSERT INTO `reference_land_reliefs` (`id`, `land_relief`) VALUES
(1, 'Ровный'),
(2, 'С небольшим уклоном'),
(3, 'Со значительным уклоном');

-- --------------------------------------------------------

--
-- Table structure for table `reference_layouts`
--

CREATE TABLE IF NOT EXISTS `reference_layouts` (
  `id` bigint(20) NOT NULL AUTO_INCREMENT,
  `layout` varchar(50) DEFAULT NULL COMMENT 'Планировка',
  PRIMARY KEY (`id`),
  UNIQUE KEY `layout` (`layout`) USING BTREE
) ENGINE=InnoDB  DEFAULT CHARSET=utf8 COMMENT='Справочник: планировка.' AUTO_INCREMENT=3 ;

--
-- Dumping data for table `reference_layouts`
--

INSERT INTO `reference_layouts` (`id`, `layout`) VALUES
(2, 'Стандартная'),
(1, 'Студия');

-- --------------------------------------------------------

--
-- Table structure for table `reference_legal_documents`
--

CREATE TABLE IF NOT EXISTS `reference_legal_documents` (
  `id` bigint(20) NOT NULL AUTO_INCREMENT,
  `legal_document` varchar(50) NOT NULL COMMENT 'Правовой документ',
  `is_individual` tinyint(1) DEFAULT NULL COMMENT 'Флажок: тип документа, физическое лицо (1), юридическое (0). NULL если не указано.',
  PRIMARY KEY (`id`)
) ENGINE=InnoDB  DEFAULT CHARSET=utf8 COMMENT='Справочник: правовые документы (для всех, кроме КН)' AUTO_INCREMENT=17 ;

--
-- Dumping data for table `reference_legal_documents`
--

INSERT INTO `reference_legal_documents` (`id`, `legal_document`, `is_individual`) VALUES
(1, 'Кадастровый паспорт', NULL),
(2, 'Кадастровый паспорт объекта н/стр-ва', NULL),
(3, 'Декларация об объекте недвижимого имущества', NULL),
(4, 'Договор купли продажи', NULL),
(5, 'Свидетельство о праве на наследство', NULL),
(6, 'Договор ренты', NULL),
(7, 'Договор мены', NULL),
(8, 'Решение суда', NULL),
(9, 'Соглашение о выделение доли в натуре', NULL),
(10, 'Соглашение о разделе', NULL),
(11, 'Постановление главы администрации об узаконении', NULL),
(12, 'Разрешение на строительство', NULL),
(13, 'Акт ввода в эксплуатацию', NULL),
(14, 'Договор дарени', NULL),
(15, 'Регистрационное удостоверение', NULL),
(16, 'Соглашение о разделе совместно нажитого имущества', NULL);

-- --------------------------------------------------------

--
-- Table structure for table `reference_legal_documents_commercial`
--

CREATE TABLE IF NOT EXISTS `reference_legal_documents_commercial` (
  `id` bigint(20) NOT NULL AUTO_INCREMENT,
  `legal_document` varchar(100) DEFAULT NULL,
  PRIMARY KEY (`id`),
  UNIQUE KEY `legal_document` (`legal_document`) USING BTREE
) ENGINE=InnoDB  DEFAULT CHARSET=utf8 COMMENT='Справочник: правовые документы для коммерции.' AUTO_INCREMENT=11 ;

--
-- Dumping data for table `reference_legal_documents_commercial`
--

INSERT INTO `reference_legal_documents_commercial` (`id`, `legal_document`) VALUES
(4, 'выписка из ЕГРП/ИП'),
(3, 'Выписка из ЕГРЮЛ/юр.лицо'),
(5, 'Паспорт/физ.лицо'),
(7, 'Приказ о назнач. рук-ля/юр.лицо'),
(9, 'Свид-во о регистрации права/физ.лицо'),
(10, 'Свид-во о регистрации права/юр.лицо'),
(6, 'Свид-во о регистрации/ИП'),
(1, 'Свид-во о регистрации/юр.лицо'),
(8, 'Согласие собст-ков на продажу обьекта'),
(2, 'Устав/юр.лицо');

-- --------------------------------------------------------

--
-- Table structure for table `reference_locations`
--

CREATE TABLE IF NOT EXISTS `reference_locations` (
  `id` bigint(20) NOT NULL AUTO_INCREMENT,
  `location` varchar(50) NOT NULL COMMENT 'Расположение',
  PRIMARY KEY (`id`),
  UNIQUE KEY `location` (`location`) USING BTREE
) ENGINE=InnoDB  DEFAULT CHARSET=utf8 COMMENT='Справочник: расположение' AUTO_INCREMENT=3 ;

--
-- Dumping data for table `reference_locations`
--

INSERT INTO `reference_locations` (`id`, `location`) VALUES
(2, 'Не угловое'),
(1, 'Угловое');

-- --------------------------------------------------------

--
-- Table structure for table `reference_loggia`
--

CREATE TABLE IF NOT EXISTS `reference_loggia` (
  `id` bigint(20) NOT NULL AUTO_INCREMENT,
  `loggia` varchar(50) DEFAULT NULL COMMENT 'Лоджия',
  PRIMARY KEY (`id`)
) ENGINE=InnoDB  DEFAULT CHARSET=utf8 COMMENT='Справочник: лоджии' AUTO_INCREMENT=4 ;

--
-- Dumping data for table `reference_loggia`
--

INSERT INTO `reference_loggia` (`id`, `loggia`) VALUES
(1, 'Нет'),
(2, 'Лоджия з/c'),
(3, 'Лоджия н/с');

-- --------------------------------------------------------

--
-- Table structure for table `reference_outputs_to_water`
--

CREATE TABLE IF NOT EXISTS `reference_outputs_to_water` (
  `id` bigint(20) NOT NULL AUTO_INCREMENT,
  `output_to_water` varchar(50) DEFAULT NULL COMMENT 'Справочник: выход к водоему.',
  PRIMARY KEY (`id`),
  UNIQUE KEY `output_to_water` (`output_to_water`) USING BTREE
) ENGINE=InnoDB  DEFAULT CHARSET=utf8 COMMENT='Справочник: выход к водоему.' AUTO_INCREMENT=3 ;

--
-- Dumping data for table `reference_outputs_to_water`
--

INSERT INTO `reference_outputs_to_water` (`id`, `output_to_water`) VALUES
(1, 'Есть'),
(2, 'Нет');

-- --------------------------------------------------------

--
-- Table structure for table `reference_parkings`
--

CREATE TABLE IF NOT EXISTS `reference_parkings` (
  `id` bigint(20) NOT NULL AUTO_INCREMENT,
  `parking` varchar(50) DEFAULT NULL COMMENT 'Парковка',
  PRIMARY KEY (`id`),
  UNIQUE KEY `parking` (`parking`) USING BTREE
) ENGINE=InnoDB  DEFAULT CHARSET=utf8 COMMENT='Справочник: парковка.' AUTO_INCREMENT=6 ;

--
-- Dumping data for table `reference_parkings`
--

INSERT INTO `reference_parkings` (`id`, `parking`) VALUES
(4, 'Выделенная'),
(3, 'Открытая'),
(5, 'Охраняемая'),
(1, 'Подземная'),
(2, 'Стихийная');

-- --------------------------------------------------------

--
-- Table structure for table `reference_pavement_land`
--

CREATE TABLE IF NOT EXISTS `reference_pavement_land` (
  `id` bigint(20) NOT NULL AUTO_INCREMENT,
  `pavement` varchar(50) DEFAULT NULL COMMENT 'Дорожное покрытие',
  PRIMARY KEY (`id`),
  UNIQUE KEY `pavement` (`pavement`) USING BTREE
) ENGINE=InnoDB  DEFAULT CHARSET=utf8 COMMENT='Справочник: подъезд к участку - тип дорожного покрытия.' AUTO_INCREMENT=6 ;

--
-- Dumping data for table `reference_pavement_land`
--

INSERT INTO `reference_pavement_land` (`id`, `pavement`) VALUES
(3, 'Асфальт'),
(5, 'Бездорожье'),
(4, 'Бетон'),
(1, 'Грунтовой'),
(2, 'Тырса');

-- --------------------------------------------------------

--
-- Table structure for table `reference_placement_lands`
--

CREATE TABLE IF NOT EXISTS `reference_placement_lands` (
  `id` bigint(20) NOT NULL AUTO_INCREMENT,
  `placement` varchar(50) DEFAULT NULL COMMENT 'Справочник: расположение участка',
  PRIMARY KEY (`id`),
  UNIQUE KEY `placement` (`placement`) USING BTREE
) ENGINE=InnoDB  DEFAULT CHARSET=utf8 COMMENT='Справочник: расположение участка (в домовладении)' AUTO_INCREMENT=3 ;

--
-- Dumping data for table `reference_placement_lands`
--

INSERT INTO `reference_placement_lands` (`id`, `placement`) VALUES
(2, 'Не угловой'),
(1, 'Угловой');

-- --------------------------------------------------------

--
-- Table structure for table `reference_profiles`
--

CREATE TABLE IF NOT EXISTS `reference_profiles` (
  `id` bigint(20) NOT NULL AUTO_INCREMENT,
  `profile` varchar(50) DEFAULT NULL COMMENT 'Профиль',
  PRIMARY KEY (`id`),
  UNIQUE KEY `profile` (`profile`) USING BTREE
) ENGINE=InnoDB  DEFAULT CHARSET=utf8 COMMENT='Справочник: профили.' AUTO_INCREMENT=10 ;

--
-- Dumping data for table `reference_profiles`
--

INSERT INTO `reference_profiles` (`id`, `profile`) VALUES
(1, 'Автосервис'),
(2, 'База отдыха'),
(3, 'Гостиница'),
(6, 'Общепит'),
(9, 'Офис'),
(5, 'Производство'),
(8, 'Склад'),
(7, 'Торговое помещение'),
(4, 'Участок');

-- --------------------------------------------------------

--
-- Table structure for table `reference_profile_categories`
--

CREATE TABLE IF NOT EXISTS `reference_profile_categories` (
  `id` bigint(20) NOT NULL AUTO_INCREMENT,
  `category` varchar(100) NOT NULL,
  PRIMARY KEY (`id`),
  UNIQUE KEY `category` (`category`) USING BTREE
) ENGINE=InnoDB  DEFAULT CHARSET=utf8 COMMENT='Справочник: категории профилей.' AUTO_INCREMENT=4 ;

--
-- Dumping data for table `reference_profile_categories`
--

INSERT INTO `reference_profile_categories` (`id`, `category`) VALUES
(1, 'Относительно городской черты'),
(3, 'Относительно территориальных зон'),
(2, 'Относительно трасс дорог');

-- --------------------------------------------------------

--
-- Table structure for table `reference_profile_classifications`
--

CREATE TABLE IF NOT EXISTS `reference_profile_classifications` (
  `id` bigint(20) NOT NULL AUTO_INCREMENT,
  `classification` varchar(50) DEFAULT NULL COMMENT 'Классификация профиля.',
  PRIMARY KEY (`id`),
  UNIQUE KEY `category` (`classification`) USING BTREE
) ENGINE=InnoDB  DEFAULT CHARSET=utf8 COMMENT='Справвочник: классификации профилей.' AUTO_INCREMENT=27 ;

--
-- Dumping data for table `reference_profile_classifications`
--

INSERT INTO `reference_profile_classifications` (`id`, `classification`) VALUES
(26, 'Гипермаркет (от 1000 м2)'),
(4, 'Гостиницы'),
(8, 'Земли поселений'),
(13, 'Кафе'),
(19, 'Класс A'),
(20, 'Класс B'),
(21, 'Класс C, D'),
(23, 'Магазины (до 100 м2)'),
(1, 'Мастерская'),
(24, 'Минимаркет (150-300 м2)'),
(2, 'Мойка'),
(16, 'Отапливаемый'),
(18, 'Открыт. площадки'),
(22, 'Павильоны'),
(15, 'Пищевое производство'),
(10, 'Пром. базы'),
(9, 'Промыш. назначен.'),
(12, 'Ресторан'),
(6, 'Сауна'),
(7, 'Сельхоз. назн.'),
(14, 'Столовые'),
(25, 'Супермаркет (500-1000 м2)'),
(17, 'Холодный'),
(5, 'Хостелы'),
(11, 'Цеха'),
(3, 'Шиномонтаж');

-- --------------------------------------------------------

--
-- Table structure for table `reference_profile_subcategories`
--

CREATE TABLE IF NOT EXISTS `reference_profile_subcategories` (
  `id` bigint(20) NOT NULL AUTO_INCREMENT,
  `subcategory` varchar(100) NOT NULL COMMENT 'Подкатегория профиля',
  PRIMARY KEY (`id`),
  UNIQUE KEY `subcategory` (`subcategory`) USING BTREE
) ENGINE=InnoDB  DEFAULT CHARSET=utf8 COMMENT='Справочник: подвиды категория профиля.' AUTO_INCREMENT=7 ;

--
-- Dumping data for table `reference_profile_subcategories`
--

INSERT INTO `reference_profile_subcategories` (`id`, `subcategory`) VALUES
(1, 'В черте поселения'),
(3, 'Вдоль'),
(4, 'Внутри квартала'),
(5, 'Жилая'),
(2, 'За чертой'),
(6, 'Промышленная');

-- --------------------------------------------------------

--
-- Table structure for table `reference_railroad_branches`
--

CREATE TABLE IF NOT EXISTS `reference_railroad_branches` (
  `id` bigint(20) NOT NULL AUTO_INCREMENT,
  `railroad_branch` varchar(75) NOT NULL,
  PRIMARY KEY (`id`),
  UNIQUE KEY `railroad_branch` (`railroad_branch`)
) ENGINE=InnoDB  DEFAULT CHARSET=utf8 COMMENT='Справочник: ж/д ветка' AUTO_INCREMENT=3 ;

--
-- Dumping data for table `reference_railroad_branches`
--

INSERT INTO `reference_railroad_branches` (`id`, `railroad_branch`) VALUES
(1, 'Есть'),
(2, 'Нет');

-- --------------------------------------------------------

--
-- Table structure for table `reference_realestate_status`
--

CREATE TABLE IF NOT EXISTS `reference_realestate_status` (
  `id` bigint(20) NOT NULL AUTO_INCREMENT,
  `status` varchar(50) NOT NULL,
  PRIMARY KEY (`id`),
  UNIQUE KEY `status` (`status`)
) ENGINE=InnoDB  DEFAULT CHARSET=utf8 COMMENT='Справочник: статусы недвижимости' AUTO_INCREMENT=5 ;

--
-- Dumping data for table `reference_realestate_status`
--

INSERT INTO `reference_realestate_status` (`id`, `status`) VALUES
(4, 'Заявка активна'),
(3, 'Не обработан');

-- --------------------------------------------------------

--
-- Table structure for table `reference_repairs`
--

CREATE TABLE IF NOT EXISTS `reference_repairs` (
  `id` bigint(20) NOT NULL AUTO_INCREMENT,
  `repair` varchar(50) NOT NULL COMMENT 'Вид ремонта',
  PRIMARY KEY (`id`),
  UNIQUE KEY `repair` (`repair`) USING BTREE
) ENGINE=InnoDB  DEFAULT CHARSET=utf8 COMMENT='Справочник: ремонт.' AUTO_INCREMENT=5 ;

--
-- Dumping data for table `reference_repairs`
--

INSERT INTO `reference_repairs` (`id`, `repair`) VALUES
(3, 'Дизайнерский'),
(2, 'Евро'),
(1, 'Косметический'),
(4, 'Нет');

-- --------------------------------------------------------

--
-- Table structure for table `reference_results_prorings`
--

CREATE TABLE IF NOT EXISTS `reference_results_prorings` (
  `id` bigint(20) NOT NULL AUTO_INCREMENT,
  `result_proring` varchar(50) NOT NULL,
  PRIMARY KEY (`id`),
  UNIQUE KEY `result_proring` (`result_proring`)
) ENGINE=InnoDB  DEFAULT CHARSET=utf8 COMMENT='Справочник: результаты прозвона' AUTO_INCREMENT=3 ;

--
-- Dumping data for table `reference_results_prorings`
--

INSERT INTO `reference_results_prorings` (`id`, `result_proring`) VALUES
(1, 'Восстановить'),
(2, 'Снять');

-- --------------------------------------------------------

--
-- Table structure for table `reference_rightholders`
--

CREATE TABLE IF NOT EXISTS `reference_rightholders` (
  `id` bigint(20) NOT NULL AUTO_INCREMENT,
  `rightholder` varchar(50) NOT NULL,
  PRIMARY KEY (`id`),
  UNIQUE KEY `rightholder` (`rightholder`) USING BTREE
) ENGINE=InnoDB  DEFAULT CHARSET=utf8 COMMENT='Справовчник: правообладатель.' AUTO_INCREMENT=4 ;

--
-- Dumping data for table `reference_rightholders`
--

INSERT INTO `reference_rightholders` (`id`, `rightholder`) VALUES
(2, 'Физическое лицо'),
(3, 'Физическое лицо / ИП'),
(1, 'Юридическое лицо');

-- --------------------------------------------------------

--
-- Table structure for table `reference_roofs`
--

CREATE TABLE IF NOT EXISTS `reference_roofs` (
  `id` bigint(20) NOT NULL AUTO_INCREMENT,
  `roof` varchar(50) DEFAULT NULL COMMENT 'Крыша',
  PRIMARY KEY (`id`),
  UNIQUE KEY `roof` (`roof`) USING BTREE
) ENGINE=InnoDB  DEFAULT CHARSET=utf8 COMMENT='Справочник: крыши.' AUTO_INCREMENT=8 ;

--
-- Dumping data for table `reference_roofs`
--

INSERT INTO `reference_roofs` (`id`, `roof`) VALUES
(1, 'Катепал'),
(2, 'Мягкая черепица'),
(3, 'Ондулин'),
(4, 'Оцинкованная'),
(5, 'Рубероид'),
(6, 'Черепица'),
(7, 'Шифер');

-- --------------------------------------------------------

--
-- Table structure for table `reference_specific_appliances`
--

CREATE TABLE IF NOT EXISTS `reference_specific_appliances` (
  `id` bigint(20) NOT NULL AUTO_INCREMENT,
  `specific_appliance` varchar(50) DEFAULT NULL COMMENT 'Конкретная техника',
  PRIMARY KEY (`id`),
  UNIQUE KEY `specific_appliance` (`specific_appliance`) USING BTREE
) ENGINE=InnoDB  DEFAULT CHARSET=utf8 COMMENT='Справочник: конкретная техника.' AUTO_INCREMENT=3 ;

--
-- Dumping data for table `reference_specific_appliances`
--

INSERT INTO `reference_specific_appliances` (`id`, `specific_appliance`) VALUES
(2, 'Пылесос'),
(1, 'Телевизор');

-- --------------------------------------------------------

--
-- Table structure for table `reference_specific_commercial_facilities`
--

CREATE TABLE IF NOT EXISTS `reference_specific_commercial_facilities` (
  `id` bigint(20) NOT NULL AUTO_INCREMENT,
  `commercial_facility` varchar(75) NOT NULL COMMENT 'Конкретный вид удобства КН',
  PRIMARY KEY (`id`),
  UNIQUE KEY `commercial_facility` (`commercial_facility`)
) ENGINE=InnoDB DEFAULT CHARSET=utf8 COMMENT='Справочник: дополнительное оборудование' AUTO_INCREMENT=1 ;

--
-- Dumping data for table `reference_specific_commercial_facilities`
--


-- --------------------------------------------------------

--
-- Table structure for table `reference_specific_facilities`
--

CREATE TABLE IF NOT EXISTS `reference_specific_facilities` (
  `id` bigint(20) NOT NULL AUTO_INCREMENT,
  `specific_facility` varchar(50) DEFAULT NULL COMMENT 'Конкретны тип удобства / приспособления',
  PRIMARY KEY (`id`),
  UNIQUE KEY `specific_facility` (`specific_facility`) USING BTREE
) ENGINE=InnoDB  DEFAULT CHARSET=utf8 COMMENT='Справочник: конкретные виды удобств / услуг / приспособлений.' AUTO_INCREMENT=11 ;

--
-- Dumping data for table `reference_specific_facilities`
--

INSERT INTO `reference_specific_facilities` (`id`, `specific_facility`) VALUES
(9, 'Ванная'),
(10, 'Душ'),
(5, 'Интернет'),
(3, 'Кондиционер'),
(6, 'Мебель'),
(8, 'Посудомоечная машина'),
(7, 'Стиральная машина'),
(1, 'ТВ'),
(4, 'Телефон'),
(2, 'Холодильник');

-- --------------------------------------------------------

--
-- Table structure for table `reference_specific_furniture`
--

CREATE TABLE IF NOT EXISTS `reference_specific_furniture` (
  `id` bigint(20) NOT NULL AUTO_INCREMENT,
  `specific_furniture` varchar(50) DEFAULT NULL COMMENT 'Конкретный вид мебели.',
  PRIMARY KEY (`id`),
  UNIQUE KEY `specific_furniture` (`specific_furniture`) USING BTREE
) ENGINE=InnoDB  DEFAULT CHARSET=utf8 COMMENT='Справочник: конкретные виды мебели.' AUTO_INCREMENT=3 ;

--
-- Dumping data for table `reference_specific_furniture`
--

INSERT INTO `reference_specific_furniture` (`id`, `specific_furniture`) VALUES
(2, 'Диван'),
(1, 'Кровать');

-- --------------------------------------------------------

--
-- Table structure for table `reference_state`
--

CREATE TABLE IF NOT EXISTS `reference_state` (
  `id` bigint(20) NOT NULL AUTO_INCREMENT,
  `state` varchar(255) DEFAULT NULL COMMENT 'Состояние недвижимости',
  PRIMARY KEY (`id`),
  UNIQUE KEY `state` (`state`) USING BTREE
) ENGINE=InnoDB  DEFAULT CHARSET=utf8 COMMENT='Справочник: состояние объектов недвижимости.' AUTO_INCREMENT=8 ;

--
-- Dumping data for table `reference_state`
--

INSERT INTO `reference_state` (`id`, `state`) VALUES
(7, 'Дизайнерский ремонт'),
(1, 'Евроремонт'),
(2, 'Кап. ремонт'),
(4, 'Отличное'),
(3, 'Под ремонт'),
(5, 'Стройвариант'),
(6, 'Хорошее');

-- --------------------------------------------------------

--
-- Table structure for table `reference_state_households`
--

CREATE TABLE IF NOT EXISTS `reference_state_households` (
  `id` bigint(20) NOT NULL AUTO_INCREMENT,
  `state` varchar(50) NOT NULL COMMENT 'Состояние домовладения',
  PRIMARY KEY (`id`)
) ENGINE=InnoDB  DEFAULT CHARSET=utf8 COMMENT='Справочник: состояние домовладения' AUTO_INCREMENT=10 ;

--
-- Dumping data for table `reference_state_households`
--

INSERT INTO `reference_state_households` (`id`, `state`) VALUES
(1, 'Коробка'),
(2, 'Стройвариант - черновая'),
(3, 'Стройвариант - чистовая'),
(4, 'Требует капитального ремонта'),
(5, 'Требует косметического ремонта'),
(6, 'Хорошее'),
(7, 'Отличное'),
(8, 'Евроремонт'),
(9, 'Люкс');

-- --------------------------------------------------------

--
-- Table structure for table `reference_subcommunications`
--

CREATE TABLE IF NOT EXISTS `reference_subcommunications` (
  `id` bigint(20) NOT NULL AUTO_INCREMENT,
  `subcommunication` varchar(50) DEFAULT NULL COMMENT 'Подвиды коммуникаций',
  PRIMARY KEY (`id`),
  UNIQUE KEY `subcommunication` (`subcommunication`) USING BTREE
) ENGINE=InnoDB  DEFAULT CHARSET=utf8 COMMENT='Справочник: подвиды коммуникаций.' AUTO_INCREMENT=13 ;

--
-- Dumping data for table `reference_subcommunications`
--

INSERT INTO `reference_subcommunications` (`id`, `subcommunication`) VALUES
(1, 'в доме'),
(3, 'водопровод в доме'),
(4, 'водопровод на участке'),
(5, 'водопровод по улице'),
(12, 'есть'),
(7, 'нет'),
(11, 'по меже'),
(2, 'по улице'),
(10, 'септик'),
(6, 'скважина'),
(9, 'сливная яма'),
(8, 'центральная');

-- --------------------------------------------------------

--
-- Table structure for table `reference_survey`
--

CREATE TABLE IF NOT EXISTS `reference_survey` (
  `id` bigint(20) NOT NULL AUTO_INCREMENT,
  `survey` varchar(50) DEFAULT NULL COMMENT 'Межевание',
  PRIMARY KEY (`id`),
  UNIQUE KEY `survey` (`survey`) USING BTREE
) ENGINE=InnoDB  DEFAULT CHARSET=utf8 COMMENT='Справочник: межевание.' AUTO_INCREMENT=3 ;

--
-- Dumping data for table `reference_survey`
--

INSERT INTO `reference_survey` (`id`, `survey`) VALUES
(1, 'Есть'),
(2, 'Нет');

-- --------------------------------------------------------

--
-- Table structure for table `reference_type_apartments`
--

CREATE TABLE IF NOT EXISTS `reference_type_apartments` (
  `id` bigint(20) NOT NULL AUTO_INCREMENT,
  `type_apartment` varchar(75) NOT NULL COMMENT 'Тип квартиры',
  `room_count` tinyint(4) DEFAULT NULL COMMENT 'Количество комнат в числовой варианте - нужно для сайта.',
  PRIMARY KEY (`id`),
  UNIQUE KEY `type_apartment` (`type_apartment`) USING BTREE
) ENGINE=InnoDB  DEFAULT CHARSET=utf8 COMMENT='Справочник: типы квартир.' AUTO_INCREMENT=10 ;

--
-- Dumping data for table `reference_type_apartments`
--

INSERT INTO `reference_type_apartments` (`id`, `type_apartment`, `room_count`) VALUES
(1, 'Комната', NULL),
(2, 'Гостинка', NULL),
(3, '1 комн.', 1),
(4, '2 комн.', 2),
(5, '3 комн.', 3),
(6, '4 комн.', 4),
(7, '5-ти и более', NULL),
(8, 'Домовладение', NULL),
(9, 'Доля домовладения', NULL);

-- --------------------------------------------------------

--
-- Table structure for table `reference_type_households`
--

CREATE TABLE IF NOT EXISTS `reference_type_households` (
  `id` bigint(20) NOT NULL AUTO_INCREMENT,
  `type_household` varchar(50) DEFAULT NULL COMMENT 'Тип домовладения',
  PRIMARY KEY (`id`),
  UNIQUE KEY `type_household` (`type_household`) USING BTREE
) ENGINE=InnoDB  DEFAULT CHARSET=utf8 COMMENT='Справочник: типы домовладений.' AUTO_INCREMENT=5 ;

--
-- Dumping data for table `reference_type_households`
--

INSERT INTO `reference_type_households` (`id`, `type_household`) VALUES
(3, 'ДНТ'),
(4, 'КП'),
(2, 'СНТ'),
(1, 'Частный сектор');

-- --------------------------------------------------------

--
-- Table structure for table `reference_type_lands`
--

CREATE TABLE IF NOT EXISTS `reference_type_lands` (
  `id` bigint(20) NOT NULL AUTO_INCREMENT,
  `type_land` varchar(50) DEFAULT NULL COMMENT 'Тип участка',
  PRIMARY KEY (`id`),
  UNIQUE KEY `type_land` (`type_land`) USING BTREE
) ENGINE=InnoDB  DEFAULT CHARSET=utf8 COMMENT='Справочник: типы участков.' AUTO_INCREMENT=5 ;

--
-- Dumping data for table `reference_type_lands`
--

INSERT INTO `reference_type_lands` (`id`, `type_land`) VALUES
(3, 'ДНТ'),
(4, 'КП'),
(2, 'СНТ'),
(1, 'Частный сектор');

-- --------------------------------------------------------

--
-- Table structure for table `reference_type_rights`
--

CREATE TABLE IF NOT EXISTS `reference_type_rights` (
  `id` bigint(20) NOT NULL AUTO_INCREMENT,
  `type_right` varchar(50) DEFAULT NULL COMMENT 'Право на объект недвижимости.',
  PRIMARY KEY (`id`),
  UNIQUE KEY `type_rights` (`type_right`) USING BTREE
) ENGINE=InnoDB  DEFAULT CHARSET=utf8 COMMENT='Справочник: вид права на собственность.' AUTO_INCREMENT=3 ;

--
-- Dumping data for table `reference_type_rights`
--

INSERT INTO `reference_type_rights` (`id`, `type_right`) VALUES
(1, 'Доля'),
(2, 'Собственность');

-- --------------------------------------------------------

--
-- Table structure for table `reference_type_rights_land`
--

CREATE TABLE IF NOT EXISTS `reference_type_rights_land` (
  `id` bigint(20) NOT NULL AUTO_INCREMENT,
  `type_right_land` varchar(50) DEFAULT NULL COMMENT 'Вид права на участок',
  PRIMARY KEY (`id`),
  UNIQUE KEY `type_right_land` (`type_right_land`) USING BTREE
) ENGINE=InnoDB  DEFAULT CHARSET=utf8 COMMENT='Справочник: тип права на земельный участок.' AUTO_INCREMENT=4 ;

--
-- Dumping data for table `reference_type_rights_land`
--

INSERT INTO `reference_type_rights_land` (`id`, `type_right_land`) VALUES
(1, 'Аренда'),
(3, 'В пользовании'),
(2, 'Собственность');

-- --------------------------------------------------------

--
-- Table structure for table `reference_type_sources`
--

CREATE TABLE IF NOT EXISTS `reference_type_sources` (
  `id` bigint(20) NOT NULL AUTO_INCREMENT,
  `type_source` varchar(50) NOT NULL,
  PRIMARY KEY (`id`),
  UNIQUE KEY `type_source` (`type_source`)
) ENGINE=InnoDB  DEFAULT CHARSET=utf8 COMMENT='Справочник: типы источников' AUTO_INCREMENT=3 ;

--
-- Dumping data for table `reference_type_sources`
--

INSERT INTO `reference_type_sources` (`id`, `type_source`) VALUES
(1, 'Тип источника 1'),
(2, 'Тип источника 2');

-- --------------------------------------------------------

--
-- Table structure for table `reference_unofficial_districts`
--

CREATE TABLE IF NOT EXISTS `reference_unofficial_districts` (
  `id` bigint(20) NOT NULL AUTO_INCREMENT,
  `unofficial_district` varchar(100) NOT NULL,
  PRIMARY KEY (`id`),
  UNIQUE KEY `unofficial_district` (`unofficial_district`)
) ENGINE=InnoDB  DEFAULT CHARSET=utf8 COMMENT='Справочник: неофициальные районы' AUTO_INCREMENT=83 ;

--
-- Dumping data for table `reference_unofficial_districts`
--

INSERT INTO `reference_unofficial_districts` (`id`, `unofficial_district`) VALUES
(49, 'Авиагородок'),
(26, 'Автобат'),
(35, 'Автовокзал'),
(77, 'Азов районы'),
(39, 'Азовский рынок'),
(14, 'Александровка'),
(47, 'Атмосфера'),
(16, 'Аэропорт'),
(20, 'Беловодье'),
(13, 'Болгарстрой'),
(52, 'ВЖМ'),
(60, 'Вне города'),
(6, 'Военвед'),
(41, 'Восточный'),
(25, 'Галины Петровой'),
(55, 'Гипермаркет ''Магнит'''),
(27, 'Госпиталь МВД'),
(66, 'Джержинка'),
(34, 'Донской'),
(19, 'Другие'),
(40, 'Жилучасток'),
(2, 'ЗЖМ'),
(71, 'Кагальник район'),
(4, 'Каменка'),
(63, 'Кислородная'),
(50, 'Койсуг'),
(72, 'Красногоровка'),
(73, 'Красный Сад район'),
(74, 'Круглое район'),
(75, 'Кулешовка район'),
(18, 'Левенцовка'),
(8, 'Ленина'),
(65, 'Мариупольская'),
(69, 'Михайловка'),
(32, 'Молодежный'),
(64, 'н. Вокзал'),
(51, 'Наливная'),
(7, 'Нариманова'),
(12, 'Нахичевань'),
(42, 'Низовка №1'),
(43, 'Низовка №2'),
(44, 'Низовка №3'),
(45, 'Низовка №4'),
(76, 'Новоалександр. район'),
(3, 'Новое поселение'),
(46, 'Новоселовка'),
(33, 'Новый Городок'),
(31, 'Октярьский'),
(17, 'Орджоникидзе'),
(70, 'Переулки'),
(81, 'Порт Катон'),
(28, 'поселок Ключевой'),
(53, 'Промывка'),
(62, 'Р. поле'),
(58, 'район 9-й школы'),
(59, 'район Гайдара'),
(48, 'РДВС'),
(23, 'Роддом'),
(57, 'с-т Донская Чаша'),
(80, 'с. Маргаритово'),
(36, 'Сармат'),
(68, 'Свободы'),
(15, 'Сельмаш'),
(9, 'СЖМ'),
(61, 'Сквер авиаторов'),
(29, 'СКЗНИВИ'),
(24, 'Собор'),
(54, 'Соленое озеро'),
(56, 'Солнечный микрорайон'),
(30, 'Соцгород'),
(67, 'Социалка'),
(37, 'Спуск Герцена'),
(5, 'Стройгородок'),
(10, 'Темерник'),
(82, 'х. Усть-Койсуг'),
(38, 'Хотунок'),
(1, 'Центр'),
(78, 'Центральный рынок'),
(79, 'ЦРБ'),
(22, 'Черемушки'),
(11, 'Чкаловский'),
(21, 'Южный');

-- --------------------------------------------------------

--
-- Table structure for table `reference_unofficial_subdistricts`
--

CREATE TABLE IF NOT EXISTS `reference_unofficial_subdistricts` (
  `id` bigint(20) NOT NULL AUTO_INCREMENT,
  `unofficial_subdistrict` varchar(100) NOT NULL,
  PRIMARY KEY (`id`),
  UNIQUE KEY `unofficial_subdistrict` (`unofficial_subdistrict`)
) ENGINE=InnoDB  DEFAULT CHARSET=utf8 COMMENT='Справочник: неофициальные подрайоны' AUTO_INCREMENT=167 ;

--
-- Dumping data for table `reference_unofficial_subdistricts`
--

INSERT INTO `reference_unofficial_subdistricts` (`id`, `unofficial_subdistrict`) VALUES
(93, '''Аквапарк'''),
(143, '''Пицунда'''),
(94, '''Шайба'''),
(95, '''Электроника'''),
(121, '''Яблочко'''),
(147, '1 Орджоникидзе'),
(164, '11'),
(165, '12'),
(148, '2 Орджоникидзе'),
(59, '2 Пятилетки пл.'),
(23, '20-я больница'),
(24, '339-я Стрелковая Дивизия'),
(25, '5-й роддом'),
(52, '57 школа'),
(166, '7'),
(137, 'Big Sound'),
(122, 'Автовокзал'),
(75, 'Автосборка / Горизонт'),
(154, 'Азовский'),
(26, 'Аллея Роз'),
(96, 'АТС'),
(79, 'Ашхабадский'),
(144, 'Аэропорт'),
(138, 'Берберовка'),
(27, 'Благодатная / Мильчакова'),
(28, 'Благодатная / Мичуринская'),
(53, 'Больница СКЖД'),
(8, 'Большая Садовая'),
(1, 'Бриз'),
(9, 'Будённовский'),
(2, 'Буревестник'),
(60, 'Вавилова'),
(3, 'Вавилон'),
(29, 'Вертолетное поле'),
(108, 'Верхний Темерник'),
(123, 'Верхняя Нахичевань'),
(10, 'Ворошиловский'),
(30, 'Всесоюзная'),
(110, 'Вятская'),
(11, 'Гвардейская Площадь'),
(124, 'Горгаз'),
(12, 'Гостиница ''Ростов'''),
(31, 'ГПЗ-10'),
(13, 'Дворец спорт'),
(32, 'Доватора / Литовская'),
(67, 'Дом Офицеров'),
(33, 'ЖДР'),
(34, 'Жмайлова / ''Рыбак Дона'''),
(80, 'Забайкальский'),
(35, 'Зорге / ''Магазин'''),
(14, 'Ипподром'),
(155, 'Кагальницкий район'),
(97, 'Капустина'),
(111, 'Каскадная'),
(125, 'Каяни'),
(112, 'Киргизская (пл. Чкалова)'),
(139, 'Колхозный рынок'),
(98, 'Комарова'),
(15, 'Комсомольская площадь'),
(4, 'Кооператор Дона'),
(99, 'Королева'),
(61, 'Королева / Вавилова'),
(16, 'Красноармейская'),
(130, 'Кривоносова'),
(156, 'Кущевский район'),
(62, 'Ларина / Немировича-Данченко'),
(157, 'Левый берег Дона'),
(100, 'Леге артис'),
(36, 'Лендворец'),
(82, 'Ленина / Врубова'),
(83, 'Ленина / Нансена'),
(149, 'Лесная школа'),
(37, 'Лесопарковая / Мадояна'),
(105, 'маг. ''Книги'''),
(76, 'Маг. ''Старт'''),
(150, 'Магазин ''Уют'''),
(38, 'Мадояна / Доватора'),
(39, 'Малиновского / Таганрогское шоссе'),
(17, 'Мечникова'),
(54, 'Мечникова / Нансена'),
(55, 'Мечникова / Тойота-центр'),
(152, 'Микрорайон 1'),
(153, 'Микрорайон 3'),
(113, 'Мирный'),
(101, 'Мясниковань'),
(158, 'Мясниковский'),
(109, 'Нижний Темерник'),
(126, 'Нижняя Нахичевань'),
(5, 'НИИАП'),
(159, 'Область'),
(102, 'Обсерваторная'),
(114, 'Обский'),
(160, 'Октябрьский-сельский район'),
(103, 'Орбительная'),
(63, 'Особенная / Зрелищная'),
(87, 'ост. ''111-й дом'''),
(50, 'ост. ''42-й дом'''),
(69, 'ост. ''Авиамоторная'''),
(88, 'ост. ''Больница'''),
(70, 'ост. ''Военвед'''),
(71, 'ост. ''Гагринская'''),
(118, 'ост. ''Днепровский рынок'''),
(131, 'ост. ''Калинина'''),
(132, 'ост. ''Конечная'''),
(119, 'ост. ''Лестница'''),
(133, 'ост. ''Молочный'''),
(77, 'ост. ''Нариманова'''),
(72, 'ост. ''Оганова'''),
(91, 'ост. ''пер. Автосборочный'''),
(89, 'ост. ''Поликлиника'''),
(134, 'ост. ''Роща'''),
(73, 'ост. ''Рынок'''),
(74, 'ост. ''Северо-кавказская'''),
(90, 'ост. ''Турмалиновская'''),
(120, 'ост. ''Школа'''),
(78, 'ост. ''Школьная'''),
(68, 'ост. Конечная'),
(115, 'Панавто'),
(56, 'Парк 8 марта'),
(40, 'Переходный мост'),
(51, 'пл. Дружинников'),
(106, 'пл. Космонавтов'),
(41, 'Плевен'),
(127, 'Площадь К. Маркса'),
(92, 'площадь Ленина'),
(42, 'Портовая'),
(43, 'Привоз'),
(84, 'Профинтерна'),
(18, 'Пушкинская'),
(135, 'Пятидомики'),
(44, 'Рабочая площадь'),
(85, 'РИИЖТ'),
(161, 'Родионово-Несветаевский'),
(116, 'Ростовское море'),
(107, 'рынок ''Квадро'''),
(64, 'Сан-й ''Надежда'''),
(128, 'Сарьяна'),
(140, 'Селиванова'),
(141, 'Сквозная'),
(145, 'СМУ'),
(45, 'Содружества'),
(104, 'Стартовая'),
(142, 'Старый Автовокзал'),
(6, 'Старый центр'),
(46, 'Стачки / Малиновского'),
(86, 'Страна Советов'),
(19, 'Театральная площадь'),
(57, 'Текучева / ''Милиция'''),
(58, 'Текучева / Доломановский'),
(47, 'Телецентр'),
(48, 'Тружеников'),
(151, 'Туполева'),
(81, 'ул. Ленина'),
(7, 'Филармония'),
(146, 'Фрунзе'),
(21, 'ЦГБ'),
(20, 'Центальный рынок'),
(22, 'ЦУМ'),
(65, 'Чалтырский / Таганрогское шоссе'),
(162, 'Чалтырь'),
(129, 'Ченцова'),
(66, 'Шеболдаева / маг. ''Цветы'''),
(49, 'Школа милиции'),
(117, 'Штахановского'),
(136, 'Юбилейный'),
(163, 'Янтарный');

-- --------------------------------------------------------

--
-- Table structure for table `reference_wall_material_apartments`
--

CREATE TABLE IF NOT EXISTS `reference_wall_material_apartments` (
  `id` bigint(20) NOT NULL AUTO_INCREMENT,
  `wall_material` varchar(50) NOT NULL COMMENT 'Материал стен квартир',
  PRIMARY KEY (`id`),
  UNIQUE KEY `wall_material` (`wall_material`) USING BTREE
) ENGINE=InnoDB  DEFAULT CHARSET=utf8 COMMENT='Справочник: материал стен квартир.' AUTO_INCREMENT=6 ;

--
-- Dumping data for table `reference_wall_material_apartments`
--

INSERT INTO `reference_wall_material_apartments` (`id`, `wall_material`) VALUES
(5, 'Блочный'),
(1, 'Каркасно-монолитный'),
(2, 'Кирпичный'),
(3, 'Монолит'),
(4, 'Панельный');

-- --------------------------------------------------------

--
-- Table structure for table `reference_wall_material_households`
--

CREATE TABLE IF NOT EXISTS `reference_wall_material_households` (
  `id` bigint(20) NOT NULL AUTO_INCREMENT,
  `wall_material` varchar(50) DEFAULT NULL COMMENT 'Материал стен',
  PRIMARY KEY (`id`),
  UNIQUE KEY `wall_material` (`wall_material`) USING BTREE
) ENGINE=InnoDB  DEFAULT CHARSET=utf8 COMMENT='СправочникЕ материал стен домовладений' AUTO_INCREMENT=15 ;

--
-- Dumping data for table `reference_wall_material_households`
--

INSERT INTO `reference_wall_material_households` (`id`, `wall_material`) VALUES
(1, 'Газобетон'),
(2, 'Деревянный'),
(3, 'Ит. кирпич'),
(4, 'Каменный'),
(5, 'Кирпичный'),
(6, 'Монолит'),
(7, 'Облицовочный кирпич'),
(8, 'Оштукатуренный'),
(9, 'Ракушечник'),
(11, 'Саман / обл. кирпичом'),
(10, 'Саманный'),
(12, 'Шелеванный'),
(13, 'Шлакоблок'),
(14, 'Шлакоблок / кирпич');

-- --------------------------------------------------------

--
-- Table structure for table `reference_width_road_entries`
--

CREATE TABLE IF NOT EXISTS `reference_width_road_entries` (
  `id` bigint(20) NOT NULL AUTO_INCREMENT,
  `width_road_entry` varchar(50) DEFAULT NULL COMMENT 'Справочник: ширина проезжей части у въезда на участок',
  PRIMARY KEY (`id`),
  UNIQUE KEY `width_road_entry` (`width_road_entry`) USING BTREE
) ENGINE=InnoDB  DEFAULT CHARSET=utf8 COMMENT='Справочник: ширина проезжей части у въезда на участок.' AUTO_INCREMENT=3 ;

--
-- Dumping data for table `reference_width_road_entries`
--

INSERT INTO `reference_width_road_entries` (`id`, `width_road_entry`) VALUES
(1, 'Узкая (до 4 метров)'),
(2, 'Широкая (свыше 4 метров)');

-- --------------------------------------------------------

--
-- Table structure for table `reference_windows`
--

CREATE TABLE IF NOT EXISTS `reference_windows` (
  `id` bigint(20) NOT NULL AUTO_INCREMENT,
  `window` varchar(50) NOT NULL COMMENT 'Окна',
  PRIMARY KEY (`id`),
  UNIQUE KEY `window` (`window`) USING BTREE
) ENGINE=InnoDB  DEFAULT CHARSET=utf8 COMMENT='Справочник: окна' AUTO_INCREMENT=3 ;

--
-- Dumping data for table `reference_windows`
--

INSERT INTO `reference_windows` (`id`, `window`) VALUES
(1, 'Во двор'),
(2, 'На улицу');

-- --------------------------------------------------------

--
-- Table structure for table `reference_windows_material`
--

CREATE TABLE IF NOT EXISTS `reference_windows_material` (
  `id` bigint(20) NOT NULL AUTO_INCREMENT,
  `windows_material` varchar(50) DEFAULT NULL COMMENT 'Материал окон',
  PRIMARY KEY (`id`),
  UNIQUE KEY `windows_material` (`windows_material`) USING BTREE
) ENGINE=InnoDB  DEFAULT CHARSET=utf8 COMMENT='Справочник: материал окон квартир' AUTO_INCREMENT=10 ;

--
-- Dumping data for table `reference_windows_material`
--

INSERT INTO `reference_windows_material` (`id`, `windows_material`) VALUES
(1, 'Деревянные'),
(3, 'Деревянный европакет'),
(6, 'Источник 3'),
(7, 'Источник 4'),
(8, 'Источник 5'),
(9, 'Источник 6'),
(2, 'Металлопластиковые'),
(4, 'Тестовые'),
(5, 'Тестовые 2');

-- --------------------------------------------------------

--
-- Table structure for table `reference_windows_types`
--

CREATE TABLE IF NOT EXISTS `reference_windows_types` (
  `id` bigint(20) NOT NULL AUTO_INCREMENT,
  `window_type` varchar(50) NOT NULL COMMENT 'Тип окон',
  PRIMARY KEY (`id`),
  UNIQUE KEY `window_type` (`window_type`)
) ENGINE=InnoDB  DEFAULT CHARSET=utf8 COMMENT='Справочник: типы окон' AUTO_INCREMENT=4 ;

--
-- Dumping data for table `reference_windows_types`
--

INSERT INTO `reference_windows_types` (`id`, `window_type`) VALUES
(1, 'Витринные'),
(3, 'Маленькие'),
(2, 'Обычные');

-- --------------------------------------------------------

--
-- Table structure for table `reference_yard_households`
--

CREATE TABLE IF NOT EXISTS `reference_yard_households` (
  `id` bigint(20) NOT NULL AUTO_INCREMENT,
  `yard` varchar(50) DEFAULT NULL COMMENT 'Двор',
  PRIMARY KEY (`id`),
  UNIQUE KEY `yard` (`yard`) USING BTREE
) ENGINE=InnoDB  DEFAULT CHARSET=utf8 COMMENT='Справочник: двор.' AUTO_INCREMENT=5 ;

--
-- Dumping data for table `reference_yard_households`
--

INSERT INTO `reference_yard_households` (`id`, `yard`) VALUES
(3, 'Общий с судебным порядком пользования'),
(2, 'Общий со сложившимся порядком пользования'),
(1, 'Отдельный'),
(4, 'Порядок пользования не определен');

-- --------------------------------------------------------

--
-- Table structure for table `reference_yard_rent`
--

CREATE TABLE IF NOT EXISTS `reference_yard_rent` (
  `id` bigint(20) NOT NULL AUTO_INCREMENT,
  `yard` varchar(50) DEFAULT NULL COMMENT 'Двор',
  PRIMARY KEY (`id`),
  UNIQUE KEY `yard` (`yard`) USING BTREE
) ENGINE=InnoDB  DEFAULT CHARSET=utf8 COMMENT='Справочник: двор аренды.' AUTO_INCREMENT=5 ;

--
-- Dumping data for table `reference_yard_rent`
--

INSERT INTO `reference_yard_rent` (`id`, `yard`) VALUES
(2, 'Закрытый'),
(3, 'Общий'),
(4, 'Отдельный'),
(1, 'Открытый');

-- --------------------------------------------------------

--
-- Table structure for table `removal_application`
--

CREATE TABLE IF NOT EXISTS `removal_application` (
  `id` bigint(10) NOT NULL AUTO_INCREMENT,
  `id_application` bigint(10) NOT NULL COMMENT 'Идентификатор заявки',
  `date_removal` timestamp NULL DEFAULT NULL COMMENT 'Дата снятия заявки',
  `date_removal_to` timestamp NULL DEFAULT NULL COMMENT 'До какой даты снята. Если навсегда - то NULL',
  `reason` text NOT NULL COMMENT 'Причина снятия',
  `id_employee` bigint(10) NOT NULL COMMENT 'Сотрудник, совершивший действие',
  `created_at` timestamp NULL DEFAULT NULL,
  `updated_at` timestamp NULL DEFAULT NULL,
  PRIMARY KEY (`id`),
  KEY `id_application` (`id_application`),
  KEY `id_employee` (`id_employee`)
) ENGINE=InnoDB DEFAULT CHARSET=utf8 COMMENT='Снятые заявки.' AUTO_INCREMENT=1 ;

--
-- Dumping data for table `removal_application`
--


-- --------------------------------------------------------

--
-- Table structure for table `removal_realestate`
--

CREATE TABLE IF NOT EXISTS `removal_realestate` (
  `id` bigint(10) NOT NULL AUTO_INCREMENT,
  `id_realestate` bigint(10) NOT NULL COMMENT 'Объект недвижимости',
  `reason` text NOT NULL COMMENT 'Причина снятия',
  `id_employee` bigint(10) NOT NULL COMMENT 'Сотрудник, совершивший снятие',
  `date_to` timestamp NULL DEFAULT NULL COMMENT 'Дата окончания снятия',
  `date_removal` timestamp NOT NULL DEFAULT '0000-00-00 00:00:00' COMMENT 'Дата начала снятия',
  `is_proring` tinyint(1) NOT NULL COMMENT 'Флажок: если 1, то запись добавлена через прозвон, 0 - если вручную',
  `created_at` timestamp NULL DEFAULT NULL,
  `updated_at` timestamp NULL DEFAULT NULL,
  PRIMARY KEY (`id`),
  KEY `id_realestate` (`id_realestate`),
  KEY `id_employee` (`id_employee`)
) ENGINE=InnoDB  DEFAULT CHARSET=utf8 COMMENT='Снятые объекты недвижимости' AUTO_INCREMENT=5 ;

--
-- Dumping data for table `removal_realestate`
--

INSERT INTO `removal_realestate` (`id`, `id_realestate`, `reason`, `id_employee`, `date_to`, `date_removal`, `is_proring`, `created_at`, `updated_at`) VALUES
(1, 51, '##', 1, NULL, '2016-08-02 10:55:56', 0, NULL, NULL),
(4, 56, 'продажа', 26, NULL, '2016-08-02 17:31:42', 0, NULL, NULL);

-- --------------------------------------------------------

--
-- Table structure for table `reviews`
--

CREATE TABLE IF NOT EXISTS `reviews` (
  `id` int(11) NOT NULL AUTO_INCREMENT COMMENT 'id отзыва',
  `name` varchar(255) NOT NULL COMMENT 'ФИО, название фирмы или иное обозначение оставившего отзыв',
  `avatar` varchar(255) NOT NULL DEFAULT '/images/placeholders/no-photo-person1.png' COMMENT 'аватарка оставившего отзыв',
  `date` date NOT NULL COMMENT 'дата оставления отзыва',
  `text` text NOT NULL COMMENT 'текст отзыва',
  PRIMARY KEY (`id`)
) ENGINE=InnoDB  DEFAULT CHARSET=utf8 COMMENT='Отзывы клиентов/партнёров Landlord''а' AUTO_INCREMENT=36 ;

--
-- Dumping data for table `reviews`
--

INSERT INTO `reviews` (`id`, `name`, `avatar`, `date`, `text`) VALUES
(1, 'Шайда О.В.', '/images/placeholders/no-photo-person1.png', '2016-06-28', 'Хотелось бы выразить благодарность сотруднику офиса на Варфоломеева Матюхину Сергею за понимание того, каким критериям должна соответствовать квартира, а так же за его профессиональную оценку жилья при просмотре, убедительные аргументы и советы по соотношению цены и качества.\r\n                Работа всего агентства ЛЕНДЛОРД мне очень понравилась, буду рекомендовать друзьям.\r\n                Успехов! \r\n                Ваш клиент, Шайда Олег Валентинович'),
(2, 'Шевченко Е.В.', '/images/placeholders/no-photo-person1.png', '2016-07-24', 'Я, Шевченко Евгения Валерьевна, очень благодарна Татьяне Васильевне Соколовой, агенту по недвижимости компании ЛЕНДЛОРД за качественную и быстро выполненную по съёму квартиры в г.Ростове-на-Дону.\r\n                Желаю успехов всей компании и всем сотрудникам. Спасибо вам!'),
(3, 'Ступивцева В.В.', '/images/placeholders/no-photo-person1.png', '2016-07-16', 'Я недавно приобрела квартиру в Ростове с помощью агентства ЛЕНДЛОРД (ул. Вятская, 41). Искала я подходящее жильё месяца два с другими агентствами, но решился мой вопрос только тогда, когда им занялся сотрудник агентства ЛЕНДЛОРД Максим Карпинский.\r\n                Он грамотно выявил мою потребность, и мы уже не тратили время на не подходящие мне объекты. Агент очень подробно объяснил плюсы того строящегося объекта, который я в последствии и приобрела. Он терпеливо и в любое время отвечал на все мои вопросы по телефону, несколько раз водил меня на стройку (как-будто я у него единственный покупатель). И самое главное&nbsp;— не было ни капли давления!\r\n                В этой компании я познакомилась и с другими грамотными, приятными сотрудниками. Поэтому рекомендую всем обращаться за помощью в агентство ЛЕНДЛОРД и в частности к Максиму Карпинскому. Он точно Вам поможет!'),
(4, 'Соколова Алена', '/images/placeholders/no-photo-person1.png', '2016-05-10', 'Я, Соколова Алена, выражаю свою признательность Левиной Эмилии за профессиональную помощь в выборе коммерческой недвижимости. Она проявила себя как очень внимательный, ответственный, пунктуальный, чувствующий человек. Огромное ей спасибо!'),
(5, 'Полина и Евгений Литвиновы', '/images/placeholders/no-photo-person1.png', '2016-05-05', 'Я, Литвинова Полина, выражаю от себя лично и супруга, Литвинова Евгения, благодарность за высококвалифицированную работу агенту Левиной Эмилии. Эмилия Сергеевна ответственно подходила ко всем возникающим вопросам, реагировала очень оперативно и профессионально. А также бы хотели отметить личные качества: положительный настрой, харизма и исключительный позитив даже в критических ситуациях!'),
(6, 'Олег Иванченко', '/images/placeholders/no-photo-person1.png', '2016-04-25', 'Хочу выразить благодарность работникам агентства "ЛЕНДЛОРД" за хорошую и быструю деятельность в поиске клиента и подготовку документов к продаже моей квартиры!'),
(7, 'Наталья Железниченко', '/images/placeholders/no-photo-person1.png', '2016-04-22', 'Я, Железниченко Наталья Александровна благодарна агентству недвижимости "ЛЕНДЛОРД" и агенту отдела продаж Бессарабовой Татьяне Евгеньевне за предоставленные качественные услуги!'),
(8, 'Диклова Алеся Геннадьевна', '/images/placeholders/no-photo-person1.png', '2016-04-18', 'Огромное спасибо сотрудникам ЛЕНДЛОРД за помощь в продаже квартиры. За несколько месяцев продажи столкнулась со многими риелторами и теперь могу объективно оценивать качество и результативность их работы. Отдельное спасибо риелтору Лукаш Альвине Александровне за то что нашла клиента в короткие сроки, за совпадение интересов меня, как продавца и моего покупателя. Также благодарность руководству и оформителям за оперативное, грамотное, профессиональное проведение сделки. Это уже вторая сделка, проведенная через ЛЕНДЛОРД . Если в будущем придется менять (продавать, покупать) недвижимость, буду обращаться только в эту фирму!'),
(9, 'Шаповалова Ирина Александровна', '/images/placeholders/no-photo-person1.png', '2016-04-14', 'Я, Шаповалова Ирина Александровна, хотела бы поблагодарить коллектив агентства недвижимости ЛЕНДЛОРД . Благодаря профессионализму, слаженной работе сотрудников, я смогла решить свои вопросы, связанные с продажей и покупкой квартиры в г. Ростове-на-Дону. Хотелось бы отметить риелтора, с которым я тесно сотрудничала весь этот период, а именно, Лукаш Альвину Александровну. Очень приятно работать с компетентными людьми. Также в процессе нашей работы мне пришлось пообщаться с руководством и оформителями, которые проявили себя как профессионалы высокого уровня, очень ответственно подошли к решению моих вопросов, а самое главное — смогли оперативно провести документальное оформление сделок.По итогам состоявшихся сделок могу сказать одно, что в дальнейшем буду сотрудничать с агентством недвижимости ЛЕНДЛОРД и буду рекомендовать его своим близким и друзьям!\r\n'),
(10, 'Максим, 39 лет, Ростов-на-Дону', '/images/placeholders/no-photo-person1.png', '2016-04-13', 'Хочу выразить сотрудникам агентства недвижимости ЛЕНДЛОРД слова признательности за оперативность, внимание и профессионализм. Отдельное спасибо&nbsp;— Евгению Анатольевичу Паршину и Ларисе Витальевне Мирошниченко. Благодаря им я решил сразу два своих вопроса&nbsp;— купил новую квартиру и продал старую. В первом случае мне предложили большое количество вариантов и на первичном, и на вторичном рынке&nbsp;— и я смог выбрать лучший из них и по месторасположению, и по площади, и, главное, по цене. Во втором случае мне помогли максимально полно и грамотно составить описание нынешней квартиры, как результат&nbsp;— она понравилась первому же покупателю. В обоих случаях агентство за вполне умеренную плату взяло на себя оформление всех необходимых документов и подготовку к сделкам. Агентство ЛЕНДЛОРД считается одним из лидеров рынка недвижимости Ростова&nbsp;— я смог убедиться в этом лично и рекомендую его всем, кто собирается собирается решить свой «квартирный вопрос».'),
(11, 'Помазнова Н.Е.', '/images/placeholders/no-photo-person1.png', '2016-04-12', 'Я, Помазкова Нина Евгеньевна, приобрела квартиру через Вашу компанию. Вся работа выполнена с оценкой 5 (пять). Работники молодцы! Огромное Спасибо!\r\nОтдельное спасибо директору Центрального офиса&nbsp;— Есиной Наталье Леонидовне!\r\nС уважением, Ваш клиент Помазнова Н.Е.'),
(12, 'Денис', '/images/placeholders/no-photo-person1.png', '2016-04-11', 'Я первый раз обратился в компанию ЛЕНДЛОРД с целью покупки однокомнатной квартиры и остался доволен результатами сотрудничества.\r\nЦена объекта была ниже рыночной, но квартира со сложными документами. Сделка прошла чётко и комфортно. Сотрудники офиса на Варфоломеева проявили высокий уровень профессионализма. Если ещё возникнет необходимость подобной услуги, то обязательно обращусь снова!\r\n'),
(13, 'Харагоршева Радмила', '/images/placeholders/no-photo-person1.png', '2016-03-25', 'Я долго не могла подобрать себе квартиру. Обратилась в известную всем фирму ЛЕНДЛОРД, где мне в краткие сроки показали именно то, что мне было нужно. Сделку подготавливала и проводила Есина Наталья Леонидовна. Все было четко, быстро и профессионально. Звонки, встречи, сделка, документы — все было проведено в назначенное время.\r\nСпасибо всем, кто принимал участие в проведении моей сделки и подборе жилья. Отдельное спасибо за профессионализм Есиной Наталье Леонидовне!\r\n'),
(14, 'Иван Лозин', '/images/placeholders/no-photo-person1.png', '2016-03-23', 'Грамотная работа сотрудников офиса на Северном, компетентность и участие в решении всех вопросов — всё на высшем уровне!\r\nБлагодарю!'),
(15, 'Иван Макеев', '/images/placeholders/no-photo-person1.png', '2016-03-19', 'Хочу поделиться впечатлениями от продажи квартиры через агентство ЛЕНДЛОРД (на ул. Соколова).\r\nМой менеджер была Нина Александровна Водолагина.\r\nСделку курировала руководитель филиала Наталья Леонидовна Есина.\r\nВсе на высшем уровне! Четко, конкретно, профессионально, быстро и доброжелательно!\r\nБуду советовать друзьям и родственникам!\r\nБольшое спасибо за помощь!'),
(16, 'Бирменко К.А.', '/images/placeholders/no-photo-person1.png', '2016-03-18', 'В феврале — марте 2016 года воспользовался услугой агентства недвижимости ЛЕНДЛОРД в лице её руководителя Есиной Натальи Леонидовны по приобретению дома с участком в г. Ростове-на-Дону на Северном Жилом Массиве. Все работы и услуги были выполнены по высшему разряду, причём, в силу обстоятельств, было мало времени на оформление и все бумажные формальности. Несмотря на это, все работы — подготовка документов, договоров, работы с банком и прочее — были выполнены в срок и с соблюдением всех правовых и нормативных актов.\r\nВыражаю благодарность за проделанную работу руководителю Центрального офиса агентства недвижимости ЛЕНДЛОРД Есиной Н.Л. и в ее лице всем сотрудникам агентства, принявшим участие в сделке и оформлении документов.\r\nНадеюсь и в дальнейшем воспользоваться услугами агентства недвижимости ЛЕНДЛОРД в случае приобретения или продажи недвижимости. Огромное спасибо за профессионализм, доброжелательность, вежливость!\r\n'),
(17, 'Т. Станкевич', '/images/placeholders/no-photo-person1.png', '2016-03-16', 'Выражаю благодарность директору офиса на Западном Благородовой Ирине Евгеньевне за безупречную работу по проведению сделки по продаже принадлежащего мне недвижимого имущества.\r\nНадеюсь на долгосрочное сотрудничество с фирмой ЛЕНДЛОРД как с надежным партнером во всех отношениях.\r\nФирма ЛЕНДЛОРД&nbsp;— лучшая фирма нашего города!'),
(18, 'Василий Тиров', '/images/placeholders/no-photo-person1.png', '2016-03-04', 'Выражаю глубокую признательность и благодарность сотрудникам агентства недвижимости ЛЕНДЛОРД за внимательное отношение к потребностям клиента. Продажа жилья с Вашей помощью стала легкой и приятной процедурой. Хочется отметить высокий профессионализм и деловые качества сотрудников офиса на Военведе. Очень приятно иметь с Вами дела! Спасибо!\r\n'),
(19, 'Андрей Ковальчук', '/images/placeholders/no-photo-person1.png', '2016-02-29', 'Большое спасибо агентству недвижимости ЛЕНДЛОРД в лице директора и сотрудников офиса на Чкаловском за оперативную работу по продаже моей квартиры и покупке новой. Буду всем рекомендовать ЛЕНДЛОРД как профессиональных специалистов!\r\n'),
(20, 'Артем Лукин', '/images/placeholders/no-photo-person1.png', '2016-02-25', 'Хочу сказать огромное спасибо агентству недвижимости ЛЕНДЛОРД за его работу. Приобретали квартиру через эту компанию, остались только положительные впечатления! Будем советовать Вас всем друзьям и знакомым. Очень благодарны офису на Нахичевани за квалифицированную помощь, грамотных специалистов и внимательное отношение к каждому клиенту!\r\n'),
(21, 'Юлия Леонгардт', '/images/placeholders/no-photo-person1.png', '2016-02-17', 'Продавали квартиру через агентство недвижимости ЛЕНДЛОРД! У нас сразу проверили все документы, нашли покупателей быстро! В целом — мы довольны сотрудничеством! Спасибо сотрудникам компании за оперативность! Успехов и процветания!'),
(22, 'Семенцов Станислав Юрьевич', '/images/placeholders/no-photo-person1.png', '2016-02-15', 'Выражаю благодарность за успешно проведенную сделку по приобретению квартиры, высокий профессионализм, а также великолепную клиентоориентированность. Квалифицированное доведение сделки до завершения, несмотря на ряд возникших непредсказуемых обстоятельств. Мастера высшего класса! Отдельное спасибо выражаю директору Есиной Н.Л., брокеру Водолагиной Н.А., оформителю Журавлевой Н.\r\n'),
(23, 'Узун Полина Дмитриевна', '/images/placeholders/no-photo-person1.png', '2016-02-11', 'Выражаю свою особую благодарность за обслуживание при продаже моей квартиры Есиной Наталье Леонидовне и Водолагиной Нине Александровне. Еще раз большое спасибо!'),
(24, 'Горбатенко Г.А.', '/images/placeholders/no-photo-person1.png', '2016-02-08', 'Выражаю искреннюю благодарность Арутюнову Артуру Владимировичу за своевременную, качественную и коммуникабельную работу по найму квартиры по улице Малиновского. Вежлив, пунктуален и очень ответственен.'),
(25, 'Субботин В.Е., Субботина П.В., Гриценко Л.И.', '/images/placeholders/no-photo-person1.png', '2015-01-30', 'Выражаем глубокую и искреннюю благодарность всем, кто работал в процессе поиска нашего жилья и оформления сделки, а именно: директору Центрального офиса на улице Соколова, 80 Наталье Леонидовне, сотрудникам отдела продаж домовладений и юристу-оформителю компании за абсолютную грамотность, доброжелательность, активное желание работать и помочь довести свое дело до конца, коммуникабельность, ответственность, тактичность, точность в ведении и знание своего дела. Все эти качества у всех присутствуют в трехкратном размере!\r\nДушевная и искренняя благодарность от всей нашей семьи!'),
(26, 'Попов А.А.', '/images/placeholders/no-photo-person1.png', '2015-01-20', 'Выражаем глубокую и искреннюю благодарность всем, кто работал в процессе поиска нашего жилья и оформления сделки, а именно: директору Центрального офиса на улице Соколова, 80 Наталье Леонидовне, сотрудникам отдела продаж домовладений и юристу-оформителю компании за абсолютную грамотность, доброжелательность, активное желание работать и помочь довести свое дело до конца, коммуникабельность, ответственность, тактичность, точность в ведении и знание своего дела. Все эти качества у всех присутствуют в трехкратном размере!\r\nСпасибо большое! Очень понравилось работать с вашей компанией! Отдельно хотелось бы поблагодарить офис на Варфоломеева за прогрессивных сотрудников. Постараюсь и впредь обращаться в вашу компанию.'),
(27, 'Дрюченко Н.А.', '/images/placeholders/no-photo-person1.png', '2013-02-18', 'Огромное спасибо агентству ЛЕНДЛОРД за чуткое отношение к людям. Особая благодарность директору Центрального офиса за грамотное ведение всех дел.'),
(28, 'Стринина А.И.', '/images/placeholders/no-photo-person1.png', '2013-02-15', 'Я осуществила покупку и продажу квартиры при посредничестве агентства ЛЕНДЛОРД (центральный офис). Очень хочется отметить высокий профессионализм сотрудников агентства, особенно директора этого отделения. Все услуги были оказаны на «5+». Благодарю всех Вас и обязательно порекомендую Ваше агентство всем близким и знакомым. Спасибо!\r\n'),
(29, 'Галкина Е.А.', '/images/placeholders/no-photo-person1.png', '2013-02-14', 'Большое сердечное спасибо Вашему агенту за хорошую работу, профессиональное умение, терпение к клиентам, за правильное обращение с документами. Побольше бы таких людей в нашем обществе!'),
(30, 'Представительство торговой сети «Тандер»', '/images/placeholders/no-photo-person1.png', '2013-02-13', 'Сеть магазинов «Магнит» выражает признательность агентству недвижимости ЛЕНДЛОРД за качественно и профессионально оказанные услуги.'),
(31, 'Костенко С.И.', '/images/placeholders/no-photo-person1.png', '2013-02-12', 'Сердечно благодарю Вашу компанию за внимательное отношение к клиентам. Желаю Вашей компании успехов и процветания!'),
(32, 'Вальнова Т.В.', '/images/placeholders/no-photo-person1.png', '2013-02-12', 'Я искренне благодарна Вашим сотрудникам за внимательное и чуткое отношение к клиентам. Прекрасно сориентировавшись, агент подобрал для нас великолепную квартиру. Огромное спасибо! Кстати, общение с ним тоже доставило удовольствие: пунктуальный, воспитанный, честный, порядочный, приятный в общении человек.'),
(33, 'Coca-Cola', '/images/partners/cocacola.png', '2013-02-08', 'Выражаем благодарность вашей компании за оперативно и качественно выполненную работу. Хочется отметить профессионализм и доброжелательность сотрудников, понимание специфики наших пожеланий к помещению и в итоге — тот результат, который соответствует всем пожеланиям.'),
(34, 'Дзгоева А.И.', '/images/placeholders/no-photo-person1.png', '2013-02-01', 'Огромная благодарность директору АН ЛЕНДЛОРД за профессионализм и чуткость в работе как личной, так и коллективной. Прекрасно организованное распределение обязанностей, своевременность и человеческое отношение к клиенту&nbsp;— это то, что можно отметить прежде всего. Для меня продажа квартиры стала минимально обременительной, психологически и физически. Успеха Вам!'),
(35, 'Philip Morris', '/images/partners/pmilogo.gif', '2012-04-03', 'Наша компания выражает признательность агентству недвижимости ЛЕНДЛОРД за отлично подобранный вариант. Все услуги были оказаны качественно и профессионально.');

-- --------------------------------------------------------

--
-- Table structure for table `roles`
--

CREATE TABLE IF NOT EXISTS `roles` (
  `id` bigint(20) NOT NULL AUTO_INCREMENT,
  `role` varchar(100) COLLATE utf8_unicode_ci NOT NULL,
  `dir_apartment` tinyint(1) NOT NULL,
  `dir_rent` tinyint(1) NOT NULL,
  `dir_area` tinyint(1) NOT NULL,
  `dir_commecial` tinyint(1) NOT NULL,
  `dir_land` tinyint(1) NOT NULL,
  `scope` tinyint(1) DEFAULT NULL COMMENT 'Область видимости',
  `god_mode` tinyint(1) NOT NULL DEFAULT '0',
  `created_at` timestamp NULL DEFAULT NULL,
  `updated_at` timestamp NULL DEFAULT NULL,
  PRIMARY KEY (`id`),
  UNIQUE KEY `role_UNIQUE` (`role`)
) ENGINE=InnoDB  DEFAULT CHARSET=utf8 COLLATE=utf8_unicode_ci AUTO_INCREMENT=47 ;

--
-- Dumping data for table `roles`
--

INSERT INTO `roles` (`id`, `role`, `dir_apartment`, `dir_rent`, `dir_area`, `dir_commecial`, `dir_land`, `scope`, `god_mode`, `created_at`, `updated_at`) VALUES
(16, 'СЛУЖБА ПЕРСОНАЛА', 1, 1, 1, 1, 0, 0, 0, NULL, NULL),
(18, 'СТАЖЕР', 1, 1, 1, 1, 0, 0, 0, NULL, NULL),
(19, 'Агент Отдела Продажи Квартир', 1, 0, 0, 0, 0, 0, 0, NULL, NULL),
(20, 'УПРАВЛЯЮЩИЙ', 1, 1, 1, 1, 0, 0, 0, NULL, NULL),
(21, 'Директор', 0, 1, 1, 1, 1, 0, 0, NULL, '2016-08-17 15:45:51'),
(22, 'ГЕНЕРАЛЬНЫЙ ДИРЕКТОР', 1, 1, 1, 1, 0, 0, 1, NULL, NULL),
(23, 'АКЦИОНЕР', 1, 1, 1, 1, 0, 0, 1, NULL, NULL),
(24, 'Брокер', 1, 0, 0, 0, 0, 0, 0, NULL, NULL),
(25, 'ЗАМГЕНЕРАЛЬНОГО ДИРЕКТОРА', 1, 1, 1, 1, 0, 0, 0, NULL, NULL),
(26, 'Руководитель Сюо', 1, 0, 1, 1, 0, 0, 0, NULL, NULL),
(27, 'МЕНЕЖДЕР СЮО', 1, 0, 1, 1, 0, 0, 0, NULL, NULL),
(28, 'Руководитель Службы Персонала', 1, 1, 1, 1, 0, 1, 0, NULL, '2016-08-24 14:43:53'),
(29, 'МЕНЕДЖЕР СЛУЖБЫ ПЕРСОНАЛА', 0, 0, 0, 0, 0, 0, 0, NULL, NULL),
(30, 'СЕКРЕТАРЬ', 1, 1, 1, 1, 0, 0, 0, NULL, NULL),
(31, 'ОФИС-МЕНЕДЖЕР/секретарь', 1, 1, 1, 1, 0, 0, 0, NULL, NULL),
(32, 'АДМИНИСТРАТОР/секретарь', 1, 1, 1, 1, 0, 0, 0, NULL, NULL),
(33, 'РУКОВОДИТЕЛЬ ОТДЕЛА РЕКЛАМЫ И МАРКЕТИНГА', 0, 0, 0, 0, 0, 0, 0, NULL, NULL),
(34, 'ДИЗАЙНЕР', 0, 0, 0, 0, 0, 0, 0, NULL, NULL),
(36, 'МЕНЕДЖЕР ПО РЕКЛАМЕ', 0, 0, 0, 0, 0, 0, 0, NULL, NULL),
(37, 'ГЛАВНЫЙ БУХГАЛТЕР', 0, 0, 0, 0, 0, 0, 0, NULL, NULL),
(38, 'КАССИР', 0, 0, 0, 0, 0, 0, 0, NULL, NULL),
(39, 'РУКОВОДИТЕЛЬ IT-СЛУЖБЫ', 0, 0, 0, 0, 0, 0, 0, NULL, NULL),
(40, 'СПЕЦИАЛИСТ IT-СЛУЖБЫ', 0, 0, 0, 0, 0, 0, 0, NULL, NULL),
(41, 'МЕНЕДЖЕР ОТДЕЛА ПРОДАЖИ', 1, 0, 1, 0, 0, 0, 0, NULL, NULL),
(42, 'МЕНЕДЖЕР ОТДЕЛА', 0, 1, 0, 0, 0, 0, 0, NULL, NULL),
(44, 'Агент Отдела Аренды', 0, 1, 0, 0, 0, 0, 0, NULL, NULL),
(45, 'Агент Отдела Продажи Домовладений', 0, 0, 1, 0, 0, 0, 0, NULL, NULL),
(46, 'Агент Отдела Коммерческой Недвижимости', 0, 0, 0, 1, 0, 0, 0, NULL, NULL);

-- --------------------------------------------------------

--
-- Table structure for table `roles_offices`
--

CREATE TABLE IF NOT EXISTS `roles_offices` (
  `id` bigint(10) NOT NULL AUTO_INCREMENT,
  `id_office` bigint(10) NOT NULL COMMENT '_Офис',
  `id_role` bigint(10) NOT NULL COMMENT 'Роль',
  PRIMARY KEY (`id`),
  KEY `id_office` (`id_office`),
  KEY `id_role` (`id_role`)
) ENGINE=InnoDB DEFAULT CHARSET=utf8 AUTO_INCREMENT=1 ;

--
-- Dumping data for table `roles_offices`
--


-- --------------------------------------------------------

--
-- Table structure for table `roles_permissions`
--

CREATE TABLE IF NOT EXISTS `roles_permissions` (
  `id` bigint(20) NOT NULL AUTO_INCREMENT,
  `id_role` bigint(20) NOT NULL,
  `id_permission` bigint(20) NOT NULL,
  PRIMARY KEY (`id`),
  KEY `id_role` (`id_role`),
  KEY `id_permission` (`id_permission`)
) ENGINE=InnoDB  DEFAULT CHARSET=utf8 COLLATE=utf8_unicode_ci AUTO_INCREMENT=675 ;

--
-- Dumping data for table `roles_permissions`
--

INSERT INTO `roles_permissions` (`id`, `id_role`, `id_permission`) VALUES
(80, 19, 223),
(81, 19, 224),
(82, 19, 225),
(83, 19, 226),
(84, 19, 231),
(85, 19, 230),
(86, 19, 227),
(87, 19, 228),
(88, 24, 223),
(89, 24, 224),
(90, 24, 225),
(91, 24, 226),
(92, 24, 231),
(93, 24, 230),
(94, 24, 227),
(95, 24, 228),
(96, 44, 223),
(97, 44, 224),
(98, 44, 225),
(99, 44, 237),
(100, 44, 241),
(101, 44, 240),
(102, 44, 238),
(103, 44, 239),
(104, 45, 223),
(105, 45, 224),
(106, 45, 225),
(107, 45, 232),
(108, 45, 236),
(109, 45, 235),
(110, 45, 233),
(111, 45, 234),
(112, 46, 223),
(113, 46, 224),
(114, 46, 225),
(115, 46, 247),
(116, 46, 253),
(117, 46, 252),
(118, 46, 248),
(119, 46, 249),
(194, 21, 223),
(195, 21, 285),
(196, 21, 288),
(197, 21, 287),
(198, 21, 289),
(199, 21, 224),
(200, 21, 298),
(201, 21, 297),
(202, 21, 299),
(203, 21, 278),
(204, 21, 281),
(205, 21, 280),
(206, 21, 282),
(207, 21, 284),
(208, 21, 293),
(209, 21, 292),
(210, 21, 294),
(211, 21, 225),
(212, 21, 237),
(213, 21, 241),
(214, 21, 240),
(215, 21, 238),
(216, 21, 239),
(217, 21, 232),
(218, 21, 236),
(219, 21, 235),
(220, 21, 233),
(221, 21, 234),
(222, 21, 226),
(223, 21, 227),
(224, 21, 242),
(225, 21, 246),
(226, 21, 245),
(227, 21, 243),
(228, 21, 244),
(634, 28, 301),
(635, 28, 303),
(636, 28, 309),
(637, 28, 308),
(638, 28, 310),
(639, 28, 311),
(640, 28, 312),
(641, 28, 302),
(642, 28, 304),
(643, 28, 305),
(644, 28, 306),
(645, 28, 307),
(646, 28, 1),
(647, 28, 34),
(648, 28, 36),
(649, 28, 38),
(650, 28, 39),
(651, 28, 40),
(652, 28, 37),
(653, 28, 30),
(654, 28, 31),
(655, 28, 33),
(656, 28, 32),
(657, 28, 2),
(658, 28, 313),
(659, 28, 28),
(660, 28, 21),
(661, 28, 3),
(662, 28, 9),
(663, 28, 19),
(664, 28, 8),
(665, 28, 17),
(666, 28, 5),
(667, 28, 4),
(668, 28, 14),
(669, 28, 13),
(670, 28, 315),
(671, 28, 29),
(672, 28, 22),
(673, 28, 23),
(674, 28, 314);

-- --------------------------------------------------------

--
-- Table structure for table `site_pages`
--

CREATE TABLE IF NOT EXISTS `site_pages` (
  `id` int(11) NOT NULL AUTO_INCREMENT,
  `url` text CHARACTER SET utf8 COLLATE utf8_unicode_ci NOT NULL,
  `title` text CHARACTER SET utf8 COLLATE utf8_unicode_ci NOT NULL,
  `keywords` text CHARACTER SET utf8 COLLATE utf8_unicode_ci NOT NULL,
  `description` text CHARACTER SET utf8 COLLATE utf8_unicode_ci NOT NULL,
  PRIMARY KEY (`id`)
) ENGINE=InnoDB  DEFAULT CHARSET=utf8 AUTO_INCREMENT=66 ;

--
-- Dumping data for table `site_pages`
--

INSERT INTO `site_pages` (`id`, `url`, `title`, `keywords`, `description`) VALUES
(1, '/', 'Главная страница', '', ''),
(3, '/user-page', 'Личный кабинет', '', ''),
(4, '/buy-advices', 'Советы ЛЕНДЛОРД при покупке квартиры', '', ''),
(5, '/steps-to-buy', '8 шагов к покупке недвижимости', '', ''),
(6, '/why-buy-with-landlord', 'Зачем покупать с ЛЕНДЛОРД?', '', ''),
(7, '/mobile-application', 'Мобильное приложение', '', ''),
(8, '/analytics', 'Аналитика', '', ''),
(9, '/sell-advices', 'Советы ЛЕНДЛОРД при продаже квартиры', '', ''),
(10, '/steps-to-sell', '8 шагов к продаже недвижимости', '', ''),
(11, '/why-sell-with-landlord', 'Зачем продавать с ЛЕНДЛОРД?', '', ''),
(12, '/services', 'Услуги', '', ''),
(13, '/services-for-buyer', 'Услуги для покупателя', '', ''),
(14, '/services-for-seller', 'Услуги для продавца', '', ''),
(15, '/services-for-tenant', 'Услуги для арендатора', '', ''),
(16, '/services-for-owner', 'Услуги для арендодателя', '', ''),
(17, '/about', 'О нас', '', ''),
(18, '/news', 'Новости', '', ''),
(19, '/awards', 'Награды', '', ''),
(20, '/history', 'История компании', '', ''),
(21, '/structure', 'Структура', '', ''),
(22, '/leaders', 'Лидеры', '', ''),
(23, '/clients', 'Отзывы клиентов', '', ''),
(24, '/career', 'Карьера', '', ''),
(25, '/education', 'Учебный центр', '', ''),
(26, '/vacancies', 'Вакансии', '', ''),
(27, '/agents', 'Агенты', '', ''),
(28, '/offices', 'Офисы', '', ''),
(30, '/search', 'Поиск недвижимости', '', ''),
(31, '/sell', 'Разместить объявление', '', ''),
(32, '/favorites', 'Избранное', '', ''),
(33, '/services/tariffs', 'Тарифы на услуги', '', ''),
(34, '/services/privatization', 'Приватизация', '', ''),
(35, '/services/alienation', 'Отчуждение недвижимого имущества', '', ''),
(36, '/services/titling', 'Оформление прав собственности', '', ''),
(37, '/services/inheritance', 'Вступление в права наследования', '', ''),
(38, '/services/dacha-amnesty', 'Оформление по дачной амнистии', '', ''),
(39, '/services/transfer-to-non-residential', 'Перевод в нежилой фонд жилых помещений', '', ''),
(40, '/services/transfer-to-residential', 'Перевод в жилой фонд нежилых помещений', '', ''),
(41, '/services/split-of-land', 'Раздел земельных участков', '', ''),
(42, '/services/replanning-legalization', 'Узаконение перепланировок', '', ''),
(43, '/services/moving-between-categories', 'Перевод земельных участков', '', ''),
(44, '/services/connecting-to-communications', 'Подключение объектов к коммуникациям', '', ''),
(45, '/agent-info', 'Информация об агенте', '', ''),
(46, '/vacancy-realtor', 'Вакансия агента по продаже недвижимости', '', ''),
(47, '/vacancy-secretary', 'Вакансии офис-менеджера и секретаря', '', ''),
(48, '/vacancy-realtor-commercial', 'Вакансия агента по коммерческой недвижимости', '', ''),
(49, '/mortgage/for-house', 'Ипотечный кредит на дом или земельный участок', '', ''),
(50, '/mortgage/for-flat', 'Ипотека на квартиру', '', ''),
(51, '/mortgage/for-new-building', 'Ипотека на новостройку', '', ''),
(52, '/mortgage/documents', 'Перечень документов для рассмотрения заявления на получение ипотечного кредита', '', ''),
(53, '/mortgage/banks-partners', 'Банки-партнеры', '', ''),
(54, '/mortgage/additionals-two-documents', 'Ипотека по двум документам без подтверждения дохода предложение для индивидуальных предпринимателей', '', ''),
(55, '/mortgage/additionals-for-young', 'Ипотека для молодых семей', '', ''),
(56, '/mortgage/additionals-for-military', 'Экспресс-ипотека для военных', '', ''),
(57, '/mortgage/additionals-for-business', 'Ипотека для бизнеса', '', ''),
(58, '/steps-to-documents', 'Шаги к оформлению документов', '', ''),
(59, '/steps-to-rent-in', 'Шаги к аренде недвижимости', '', ''),
(60, '/steps-to-rent-out', 'Шаги к сдаче недвижимости в аренду', '', ''),
(61, '/why-rent-in-with-landlord', 'Зачем арендовать с ЛЕНДЛОРД?', '', ''),
(62, '/why-rent-out-with-landlord', 'Зачем сдавать в аренду с ЛЕНДЛОРД?', '', ''),
(63, '/why-documents-with-landlord', 'Зачем оформлять документы с ЛЕНДЛОРД', '', ''),
(64, '/office-info', 'Информация об офисе', '', ''),
(65, '/services-additional', 'Юридические услуги', '', '');

-- --------------------------------------------------------

--
-- Table structure for table `site_secondary_services`
--

CREATE TABLE IF NOT EXISTS `site_secondary_services` (
  `id` int(11) NOT NULL AUTO_INCREMENT,
  `parent_id` int(11) NOT NULL COMMENT 'id родительской записи в  site_services',
  `is_enabled` tinyint(4) NOT NULL DEFAULT '1' COMMENT 'отображать услугу на сайте или нет',
  `is_new` tinyint(4) NOT NULL DEFAULT '0' COMMENT 'помечать услугу как новую на сайте или нет',
  `title` text CHARACTER SET utf8 COLLATE utf8_unicode_ci NOT NULL COMMENT 'аголовок услуги',
  `content` text CHARACTER SET utf8 COLLATE utf8_unicode_ci NOT NULL COMMENT 'описание услуги',
  `id_category` int(11) NOT NULL COMMENT 'категория (продажа, покупка, аренда и т.п.)',
  `price` text CHARACTER SET utf8 COLLATE utf8_unicode_ci NOT NULL COMMENT 'цена',
  `terms` text CHARACTER SET utf8 COLLATE utf8_unicode_ci NOT NULL COMMENT 'сроки',
  PRIMARY KEY (`id`),
  KEY `parent_id` (`parent_id`)
) ENGINE=InnoDB  DEFAULT CHARSET=utf8 AUTO_INCREMENT=57 ;

--
-- Dumping data for table `site_secondary_services`
--

INSERT INTO `site_secondary_services` (`id`, `parent_id`, `is_enabled`, `is_new`, `title`, `content`, `id_category`, `price`, `terms`) VALUES
(1, 45, 1, 0, 'Получение кадастрового паспорта', '', 0, 'От 500', 'От 7 дней'),
(2, 45, 1, 0, 'Внесение изменений в ГКН', '', 0, 'От 4000 руб.', 'От 10 дней'),
(3, 45, 1, 0, 'Постановка на кадастровый учет', '', 0, 'От 4000 руб.', 'От 10 дней'),
(4, 46, 1, 0, 'Получение выписки из ЕГРП', '', 0, 'От 500 руб.', 'От 2 дней'),
(5, 46, 1, 0, 'Снятие обременений, внесение изменений в ЕГРП', '', 0, 'От 4000 руб.', 'От 3 дней'),
(6, 47, 1, 0, 'Изготовление технической документации (техпаспорт, техплан, справки)', '', 0, '', ''),
(32, 48, 1, 0, 'Получение справок об отсутствии задолженности по коммунальным платежам', '', 0, '', ''),
(33, 48, 1, 0, 'Переоформление лицевых счетов по всем коммунальным услугам (водоканал, горгаз, энергосбыт, кап.ремонт, финансово-лицевой счет, вывоз ТБО, )', '', 0, '', ''),
(34, 49, 1, 0, 'Получение справок об отсутствии зарегистрированных', '', 0, '', ''),
(35, 49, 1, 0, 'Оформление домовой книги', '', 0, '', ''),
(36, 50, 1, 0, 'Подготовка оценочного отчета, получение одобрение банка', '', 0, '', ''),
(37, 51, 1, 0, 'Заключение договора соц. найма, подготовка тех. документации, архивных справок, отказов от участия в приватизации, фин.лицевого счета, заключение договора на передачу в частную собственность, регистрация', '', 0, '', ''),
(38, 52, 1, 0, 'Подготовка тех. документации, необходимых справок, принятие наследства, регистрация', '', 0, '', ''),
(39, 53, 1, 0, 'Узаконение самовольной перепланировки  в административном и судебном порядке', '', 0, 'От 25000 руб.', 'От 5-ти месяцев'),
(40, 53, 1, 1, 'Оформление законной перепланировки (перепланировка еще не произведена)', '', 0, 'От 15000 руб.', 'От 4-х месяцев'),
(41, 53, 1, 1, 'Прием-согласование произведенной перепланировки', '', 0, 'От 10000 руб.', 'От 2-х месяцев'),
(42, 54, 1, 0, 'Поиск архивных документов в различных инстанциях', '', 0, '', ''),
(43, 55, 1, 0, 'Подготовка технической документации, заполнение декларации, регистрация права', '', 0, '', ''),
(44, 56, 1, 0, 'Получение архивных копий документов, межевание, получение кадастрового паспорта,  регистрация права', '', 0, '', ''),
(45, 57, 1, 0, 'Получение межевого дела на раздел, присвоение новых адресов, постановка на учет и регистрация права на земельные участки, внесение изменений в тех.документы на строения', '', 0, '', ''),
(46, 58, 1, 0, 'Сбор необходимых документов, внесение изменений в Росреестр', '', 0, '', ''),
(47, 59, 1, 0, 'Сбор технической и иной документации, получение постановления на выкуп', '', 0, '', ''),
(48, 60, 1, 0, 'При условии соответствия вида разрешенного использования земельного участка', '', 0, '', ''),
(49, 61, 1, 0, 'При наличии разрешения на строительство и соответствия объекта проекту', '', 0, '', ''),
(50, 62, 1, 0, 'Изменение вида разрешенного использования без публичных слушаний, подготовка технической документации, регистрация', '', 0, '', ''),
(51, 63, 1, 0, 'Оформление предварительного договора, сбор необходимых документов, сопровождение сделки, регистрация права', '', 0, '', ''),
(52, 64, 1, 0, 'Составление предварительного договора', '', 0, '3000 руб.', 'В день обращения'),
(53, 64, 1, 0, 'Составление договора купли-продажи, мены, дарения', '', 0, '3000 руб.', 'В день обращения'),
(54, 64, 1, 0, 'Составление договора купли-продажи с рассрочкой платежа', '', 0, '5000 руб.', 'В день обращения'),
(55, 64, 1, 0, 'Составление договора купли-продажи с ипотекой', '', 0, '7000 руб.', 'В день обращения'),
(56, 64, 1, 0, 'Представление интересов в Росреестре', '', 0, '4000 руб.', 'От 5 дней');

-- --------------------------------------------------------

--
-- Table structure for table `site_services`
--

CREATE TABLE IF NOT EXISTS `site_services` (
  `id` int(11) NOT NULL AUTO_INCREMENT,
  `is_enabled` tinyint(1) NOT NULL DEFAULT '1' COMMENT 'отображать услугу на сайте или нет',
  `is_new` tinyint(1) NOT NULL DEFAULT '0' COMMENT 'помечать услугу как новую на сайте или нет',
  `title` text CHARACTER SET utf8 COLLATE utf8_unicode_ci NOT NULL COMMENT 'заголовок услуги',
  `content` text CHARACTER SET utf8 COLLATE utf8_unicode_ci NOT NULL COMMENT 'описание услуги',
  `id_category` int(11) NOT NULL COMMENT 'категория (продажа, покупка, аренда и т.п.)',
  `price` text NOT NULL COMMENT 'цена',
  `terms` text CHARACTER SET utf8 COLLATE utf8_unicode_ci NOT NULL COMMENT 'сроки',
  PRIMARY KEY (`id`)
) ENGINE=InnoDB  DEFAULT CHARSET=utf8 AUTO_INCREMENT=65 ;

--
-- Dumping data for table `site_services`
--

INSERT INTO `site_services` (`id`, `is_enabled`, `is_new`, `title`, `content`, `id_category`, `price`, `terms`) VALUES
(1, 0, 0, 'Обмен и расселение', '<p>Поскольку основной технологией, применяемой при обмене и расселении является «альтернативная»\r\nсделка, состав риелторской услуги, оказываемой клиентам, состоит из комплекса услуг, оказываемых\r\nпри покупке и продаже жилья.</p>', 0, '0', ''),
(2, 0, 0, 'Сопровождение сделок в сфере недвижимости любой сложности', '<ul>\r\n    <li>получение технической документации в органах технического учета</li>\r\n    <li>получение кадастровых паспортов на земельные участки, строения и жилые\r\n        помещения</li>\r\n    <li>получение выписок из ЕГРП</li>\r\n    <li>получение справок об отсутствии задолженностей по коммунальным платежам</li>\r\n    <li>получение справок о составе семьи</li>\r\n    <li>получение поквартирных карточек и домовых книг</li>\r\n    <li>получение отказов сособственников от права преимущественной покупки</li>\r\n    <li>получение Распоряжения органов опеки и попечительства</li>\r\n    <li>получение архивных выписок, копий и дубликатов документов</li>\r\n    <li>регистрация перехода права собственности в регистрационной службе Управления Росреестра.</li>\r\n</ul>\r\n', 0, '0', ''),
(3, 0, 0, 'Приватизация жилья', '<ul>\r\n    <li>получение технической документации в органах технического учета </li>\r\n    <li>получение кадастрового паспорта на жилое помещение</li>\r\n    <li>получение выписки из реестра ДИЗО</li>\r\n    <li>получение справок о неучастии в приватизации</li>\r\n    <li>получение копии финансово-лицевого счета</li>\r\n    <li>получение справок о составе семьи и копии поквартирной карточки</li>\r\n    <li>получение договора на передачу квартиры в частную собственность</li>\r\n    <li>регистрация договора на передачу квартиры в частную собственность граждан в\r\n        МУУПТИ и ОН</li>\r\n    <li>регистрация права собственности в регистрационной службе Управления\r\n        Россреестра.</li>\r\n</ul>', 0, '7000', ''),
(4, 0, 0, 'Оформление права собственности на постройки', '<ul>\r\n <li>получение проектной документации</li>\r\n <li>получение технических условий на подключение коммуникаций</li>\r\n <li>согласование проектной документации</li>\r\n <li>получение разрешения на строительство</li>\r\n <li>получение разрешения на производство строительных работ</li>\r\n <li>заключение договора на вывоз строительного мусора</li>\r\n <li>получение технической документации на возведенные строения</li>\r\n <li>получение акта ввода в эксплуатацию на возведенное строение</li>\r\n <li>регистрация права собственности в Управлении Росреестра</li>\r\n</ul>\r\n', 0, '0', ''),
(5, 0, 0, 'Оформление прав собственности на землю', '<ul>\r\n    <li>межевание земельного участка</li>\r\n    <li>согласование границ земельного участка с межевыми собственниками</li>\r\n    <li>согласование границ земельного участка в архитектуре района, с землеустроителем</li>\r\n    <li>присвоение почтового адреса в Архитектуре</li>\r\n    <li>получение Распоряжения на бесплатную приватизацию земельного участка</li>\r\n    <li>получение Распоряжения на выкуп земельного участка</li>\r\n    <li>получение договора купли-продажи земельного участка в Фонде имущества</li>\r\n    <li>регистрация права собственности в Управлении Росреестра</li>\r\n</ul>\r\n', 0, '0', ''),
(6, 0, 0, 'Вступление в наследство', '<ul>\r\n    <li>подача заявления на вступление в права наследования</li>\r\n    <li>получение технической документации для вступление в права наследования</li>\r\n    <li>получение дубликатов правоустанавливающих документов, копий документов,\r\n        архивных документов, выписок и архивных справок</li>\r\n    <li>получение выписок из ЕГРП</li>\r\n    <li>получение Свидетельства о праве на наследство по закону, по завещанию</li>\r\n    <li>регистрация права собственности в Управлении Росреестра</li>\r\n</ul>\r\n', 0, '0', ''),
(7, 0, 0, 'Оформление по дачной амнистии земли и построек', '<p><b>При оформлении дачной амнистии, мы осуществляем:</b></p>\r\n<ul>\r\n    <li>получение кадастрового паспорта на земельный участок</li>\r\n    <li>получение технической документации в органах технического учета</li>\r\n    <li>получение кадастрового паспорта на строения</li>\r\n    <li>заполнение деклараций на объекты недвижимого имущества</li>\r\n    <li>получение архивных выписок и дубликатов правоустанавливающих документов\r\n        на право пользования земельным участком</li>\r\n    <li>получение выписки из реестровой книги МУПТИ и ОН</li>\r\n    <li>регистрация права собственности в Управлении Росреестра</li>\r\n</ul>\r\n', 0, '0', ''),
(8, 0, 0, 'Перевод в нежилой фонд жилых помещений', '<ul>\r\n    <li>изготовление проекта переустройства переводимого помещения</li>\r\n    <li>согласование проекта переустройства</li>\r\n    <li>получение технический условий на коммуникации переводимого\r\n        помещениях</li>\r\n    <li>получение согласования проекта входного узла</li>\r\n    <li>получение топографической съемки</li>\r\n    <li>получение поэтажного плана</li>\r\n    <li>получение Градостроительного плана</li>\r\n    <li>подача документов на рассмотрение в Межведомственную комиссию</li>\r\n    <li>получение постановления на перевод помещениях</li>\r\n    <li>получение разрешения на производство работ по переустройству переводимого\r\n        помещениях</li>\r\n    <li>получение технической документации переводимого помещениях</li>\r\n    <li>получение кадастрового паспорта переводимого помещениях</li>\r\n    <li>получение акта ввода в эксплуатацию переустроенного переводимого\r\n        помещениях</li>\r\n    <li>регистрация права собственности на нежилое помещение в Управлении Росреестра</li>\r\n</ul>\r\n', 0, '0', ''),
(9, 0, 0, 'Перевод в жилой фонд не жилых помещений', '<ul>\r\n    <li>изготовление проекта переустройства переводимого помещения</li>\r\n    <li>согласование проекта переустройства</li>\r\n    <li>получение технический условий на коммуникации переводимого\r\n        помещениях</li>\r\n    <li>получение топографической съемки</li>\r\n    <li>получение поэтажного плана</li>\r\n    <li>получение Градостроительного плана</li>\r\n    <li>подача документов на рассмотрение в Межведомственную комиссию</li>\r\n    <li>получение постановления на перевод помещениях</li>\r\n    <li>получение разрешения на производство работ по переустройству переводимого\r\n        помещениях</li>\r\n    <li>присвоение почтового адреса</li>\r\n    <li>получение технической документации переводимого помещениях</li>\r\n    <li>получение кадастрового паспорта переводимого помещениях</li>\r\n    <li>получение акта ввода в эксплуатацию переустроенного переводимого\r\n        помещениях</li>\r\n    <li>регистрация права собственности на жилое помещение в Управлении Росреестра.</li>\r\n</ul>\r\n', 0, '0', ''),
(10, 0, 0, 'Раздел/объединение земельных участков', '<ul>\r\n    <li>получение межевого дела на раздел/объединение участка</li>\r\n    <li>согласование межевого дела на раздел/объединение земельного участка</li>\r\n    <li>присвоение почтовых адресов</li>\r\n    <li>постановка на кадастровый учет вновь образованных земельных участков</li>\r\n    <li>получение кадастровых паспортов на вновь образованные земельные участки</li>\r\n    <li>регистрация права собственности в Управлении Росреестра на вновь\r\n        образованные земельные участки</li>\r\n</ul>\r\n', 0, '0', ''),
(11, 0, 0, 'Узаконение перепланировок', '<ul>\r\n    <li>подача заявления по установленной форме от собственника помещения; </li>\r\n    <li>правоустанавливающие документы на квартиру (свидетельство на право\r\n        собственности, договор передачи, договор купли-продажи, договор дарения,\r\n        свидетельство о праве на наследство или другие документы);</li>\r\n    <li>проект перепланировки и переустройства жилого помещения, подготовленный и\r\n        оформленный в установленном порядке;</li>\r\n    <li>технический паспорт на жилое помещение, выданный БТИ.</li>\r\n</ul>\r\n', 0, '0', ''),
(12, 0, 0, 'Перевод земельных участков из одной категории в другую', '<p>В ходатайстве о переводе земельных участков из состава земель сельскохозяйственного\r\n    назначения в другую категорию указывается:</p>\r\n<ul>\r\n    <li>Кадастровый номер земельного участка;</li>\r\n    <li>Категория земель, в состав которых входит земельный участок, и категория земель,\r\n        перевод в состав которых предполагается осуществить;</li>\r\n    <li>Обоснование перевода земельного участка из состава земель одной категории в\r\n        другую;</li>\r\n    <li>Права на земельный участок, перевод которого предполагается осуществить.</li>\r\n</ul>\r\n<p>К ходатайству о переводе земельных участков из состава земельных участков из состава\r\n    земель сельскохозяйственного назначения в другую категорию прилагается:</p>\r\n<ul>\r\n    <li>Землеустроительный проект, обосновывающий перевод земельного участка из одной\r\n        категории в другую;</li>\r\n    <li>Выписка из государственного земельного кадастра относительно сведений о земельном\r\n        участке перевод, которого из состава земель одной категории в другую предполагается\r\n        осуществить;</li>\r\n    <li>Копию документов, удостоверяющих личность заявителя&nbsp;— физического лица, либо\r\n        выписка из единого государственного реестра индивидуальных предпринимателей, или\r\n        выписка из единого государственного реестра юридических лиц;</li>\r\n    <li>Выписка из единого государственного реестра прав на недвижимое имущество и\r\n        сделок с ним о правах на земельный участок, который планируют перевести из одной\r\n        категории в другую;</li>\r\n    <li>Заключение государственной экологической экспертизы, в случае если её проведение\r\n        предусмотрено федеральными законами;</li>\r\n    <li>Согласование правообладателя земельного участка на перевод земельного участка из\r\n        состава земель одной категории в другую, за исключением случаев, предусмотренных\r\n        действующим законодательством, когда такое согласование с правообладателем не\r\n        требуется;</li>\r\n    <li>Согласование перевода земель сельскохозяйственного назначения с исполнительным\r\n        органом государственной власти Ростовской области, уполномоченным в сфере\r\n        сельского хозяйства и продовольствия.</li>\r\n</ul>\r\n', 0, '0', ''),
(13, 0, 0, 'Подключение объектов к коммуникациям (водоснабжение, энергоснабжение)', '<p><b>Водоснабжение:</b></p>\r\n<ul>\r\n    <li>Получение технических условий подключения.</li>\r\n    <li>Заключение договора о подключении.</li>\r\n    <li>Согласование проекта подключения.</li>\r\n    <li>Узаконение строительства сетей.</li>\r\n    <li>Подготовка документов, необходимых для приемки сетей в эксплуатацию.</li>\r\n</ul>\r\n<p><b>Энергоснабжение:</b></p>\r\n<ul>\r\n    <li>оформление заявки на технологическое присоединение;</li>\r\n    <li>технологическое присоединение к электрическим сетям.</li>\r\n</ul>', 0, '0', ''),
(14, 0, 0, 'Подготовка документов к сделке по квартире (техническая документация (без\r\nвнесения изменений), справки об отсутствии задолженности по\r\nкоммунальным платежам, справки паспортиста )\r\n', '', 0, '9000', 'От 2-х дней'),
(15, 0, 0, 'Подготовка документов к сделке по дому (техническая документация (без\r\nвнесения изменений), справки об отсутствии задолженности по\r\nкоммунальным платежам, справки паспортиста )', '', 0, '12000', 'От 2-х дней'),
(16, 0, 0, 'Внесение изменений в Государственный кадастр недвижимости\r\n(в случае, если площадь в правовых документах не совпадает с\r\nплощадью в ГКН)', '', 0, '4000', 'От 14-ти дней'),
(17, 0, 0, 'Снятие обременения, внесение изменение в ЕГРП', '', 0, '4000', 'От 3-х дней'),
(18, 0, 0, 'Переоформление лицевых счетов по всем коммунальным\r\nуслугам (водоканал, горгаз, энергосбыт, кап.ремонт, финансово-\r\nлицевой счет)\r\n', '', 0, '6000', 'От 10-ти дней'),
(19, 0, 0, 'Оформление новой домовой книги', '', 0, '3000', 'От 5-ти дней'),
(20, 0, 0, 'Подготовка оценочного отчета, получение одобрения банка при\r\nсделке с ипотекой\r\n', '', 0, '3000', 'От 3-х дней'),
(21, 0, 0, 'Приватизация объектов жилого фонда не судебная (квартира)', '', 0, '12000', 'От 3-х месяцев'),
(22, 0, 0, 'Приватизация объектов жилого фонда не судебная (земля)', '', 0, '15000', 'От 3-х месяцев'),
(23, 0, 0, 'Оформление документов на вступление в наследство на общих\r\nоснованиях (квартира)', '', 0, '12000', 'От 3-х недель'),
(24, 0, 0, 'Оформление документов на вступление в наследство на общих\r\nоснованиях (домовладение)', '', 0, '15000', 'От 3-х недель'),
(25, 0, 0, 'Оформление документов по вступлению в наследство с установлением родственных связей (представление интересов в суде)\r\n', '', 0, '27000', 'От 3-х месяцев'),
(26, 0, 0, 'Регистрация права собственности на жилой дом по дачной амнистии, включая техническую документацию', '', 0, '8000', 'От 15-ти дней'),
(27, 0, 0, 'Раздел, объединение земельных участков, включая межевание, согласование границ, присвоение адресов вновь образованным\r\nучасткам', '', 0, '25000', 'От 3-х месяцев'),
(28, 0, 0, 'Узаконение самовольной перепланировки в квартире, в административном и судебном порядке\r\n', '', 0, '25000', 'От 5-ти месяцев'),
(29, 0, 1, 'Оформление законной перепланировки в административном порядке (перепланировка в помещении не произведена)', '', 0, '15000', 'От 3-х месяцев'),
(30, 0, 1, 'Прием-согласование произведенной перепланировки ', '', 0, '10000', 'От 2-х месяцев'),
(31, 0, 0, 'Оформление земельного участка в собственность собственнику строения.', '', 0, '12000', 'От 3-х недель'),
(32, 0, 0, 'Изменение вида разрешенного использования земельного участка без публичных слушаний\r\n', '', 0, '6000', 'От 4-х недель'),
(33, 0, 0, 'Выкуп земельного участка', '', 0, '25000', 'От 6-ти месяцев'),
(34, 0, 1, 'Получение разрешения на строительство жилых домов, объектов капитального строительства иного назначения при условии соответствия вида разрешенного использования земельного участка', '', 0, '30000', 'От 3-х месяцев'),
(35, 0, 0, 'Ввод жилого дома в эксплуатацию (при наличии разрешения на строительство)', '', 0, '20000', 'От 3-х месяцев'),
(36, 0, 0, 'Перевод в нежилой фонд частных домовладений с изменением вида целевого использования земельного участка\r\n', '', 0, '25000', 'От 4-х месяцев'),
(37, 0, 0, 'Сопровождение самостоятельно подобранного варианта (оформление предварительного договора, сбор документов, сопровождение сделки)\r\n', '', 0, '20000', 'От 3-х дней'),
(38, 0, 0, 'Получение дубликатов документов', '', 0, '6000', '3 дня - 1 месяц'),
(39, 0, 0, 'Составление предварительного договора купли-продажи', '', 0, '3000', 'В день обращения'),
(40, 0, 0, 'Составление договора купли-продажи, дарения, мены (простой), договора уступки права требования', '', 0, '3000', 'В день обращения'),
(41, 0, 0, 'Составление договора купли-продажи с рассрочкой платежа (мат, капитал,сертификаты)', '', 0, '5000', 'В день обращения'),
(42, 0, 0, 'Составление договора купли-продажи с ипотекой', '', 0, '7000', 'В день обращения'),
(43, 0, 0, 'Представление интересов в Росреестре (сдача и получение документов)', '', 0, '4000', 'От 5-ти дней'),
(44, 0, 0, 'Это тестовая запись, которая не должна отображаться на сайте', '', 0, '0', ''),
(45, 1, 0, 'Представление интересов в Государственном кадастре недвижимости', '', 0, 'от 500 руб.', 'от 7 дней'),
(46, 1, 0, 'Представление интересов в Росреестре', '', 0, 'От 500 руб.', 'от 2 дней'),
(47, 1, 0, 'Подготовка технической документации', '', 0, 'От 4500 руб.', 'от 2 дней'),
(48, 1, 0, 'Представление интересов в коммунальных службах', '', 0, 'От 4500 руб.', 'от 2 дней'),
(49, 1, 0, 'Представление интересов в УФМС', '', 0, 'От 3000 руб.', 'от 1 дня'),
(50, 1, 0, 'Сопровождение ипотечной сделки', '', 0, 'От 3000 руб.', 'от 3 дней'),
(51, 1, 0, 'Приватизация', '', 0, 'От 12000 руб.', 'от 3-х месяцев'),
(52, 1, 0, 'Введение в наследство', '', 0, 'От 12000 руб.', 'От 3 недель'),
(53, 1, 0, 'Оформление перепланировки', '', 0, 'От 10000 руб.', 'от 2-х месяцев'),
(54, 1, 0, 'Получение дубликата документа', '', 0, 'От 6000 руб.', 'от 3 дней'),
(55, 1, 0, 'Регистрация прав собственности на жилой дом в упрощенном порядке', '', 0, 'От 8000 руб.', 'от 2 недель'),
(56, 1, 0, 'Оформление земельного участка в собственность в упрощенном порядке', '', 0, 'От 12000 руб.', 'от 3-х недель'),
(57, 1, 0, 'Раздел/объединение земельных участков', '', 0, 'от 25000 руб.', 'от 3-х месяцев'),
(58, 1, 0, 'зменение разрешенного использования земельного участка (без публичных слушаний)', '', 0, 'от 6000 руб.', 'От 1,5 месяца'),
(59, 1, 0, 'Выкуп земельного участка', '', 0, 'от 25000 руб.', 'От 6 месяцев'),
(60, 1, 1, 'Получение разрешения на строительство', '', 0, 'от 30000 руб.', 'от 4-х месяцев'),
(61, 1, 1, 'Ввод жилого дома в эксплуатацию', '', 0, 'от 20000 руб.', 'от 4-х месяцев'),
(62, 1, 1, 'Перевод в нежилой фонд индивидуальных жилых домов', '', 0, 'от 25000 руб.', 'от 3-х месяцев'),
(63, 1, 0, 'Сопровождение самостоятельно подобранного варианта', '', 0, 'от 20000 руб.', 'от 3-х дней'),
(64, 0, 0, 'Договорная работа', '', 0, 'От 3000 руб.', '');

-- --------------------------------------------------------

--
-- Table structure for table `sources`
--

CREATE TABLE IF NOT EXISTS `sources` (
  `id` bigint(10) NOT NULL AUTO_INCREMENT,
  `id_source_type` bigint(10) NOT NULL COMMENT 'id типа источника',
  `source` varchar(50) NOT NULL COMMENT 'Название источника',
  `created_at` timestamp NULL DEFAULT NULL,
  `updated_at` timestamp NULL DEFAULT NULL,
  PRIMARY KEY (`id`),
  KEY `id_source_type` (`id_source_type`)
) ENGINE=InnoDB  DEFAULT CHARSET=utf8 COMMENT='Справочник источников получения информации используется при регистрации объектов недвижимости, звонков от клиентов.' AUTO_INCREMENT=3 ;

--
-- Dumping data for table `sources`
--

INSERT INTO `sources` (`id`, `id_source_type`, `source`, `created_at`, `updated_at`) VALUES
(1, 1, 'Источник 1', NULL, NULL),
(2, 2, 'Источник 2', NULL, NULL);

-- --------------------------------------------------------

--
-- Table structure for table `subdivisions`
--

CREATE TABLE IF NOT EXISTS `subdivisions` (
  `id` bigint(20) NOT NULL AUTO_INCREMENT,
  `subdivison` varchar(100) COLLATE utf8_unicode_ci NOT NULL,
  PRIMARY KEY (`id`),
  UNIQUE KEY `subdivison_UNIQUE` (`subdivison`)
) ENGINE=InnoDB  DEFAULT CHARSET=utf8 COLLATE=utf8_unicode_ci AUTO_INCREMENT=13 ;

--
-- Dumping data for table `subdivisions`
--

INSERT INTO `subdivisions` (`id`, `subdivison`) VALUES
(3, 'HR'),
(2, 'IT'),
(11, 'Бухгалтерия'),
(1, 'Офисы продаж'),
(9, 'Реклама'),
(12, 'СЮО');

-- --------------------------------------------------------

--
-- Table structure for table `tutorship`
--

CREATE TABLE IF NOT EXISTS `tutorship` (
  `id` bigint(20) NOT NULL AUTO_INCREMENT,
  `id_employee` bigint(20) NOT NULL,
  `id_mentor` bigint(20) NOT NULL,
  `date_begin` timestamp NOT NULL DEFAULT CURRENT_TIMESTAMP,
  `date_end` timestamp NULL DEFAULT '0000-00-00 00:00:00',
  PRIMARY KEY (`id`),
  KEY `id_employee_INDEX` (`id_employee`),
  KEY `id_mentor_INDEX` (`id_mentor`)
) ENGINE=InnoDB  DEFAULT CHARSET=utf8 COLLATE=utf8_unicode_ci AUTO_INCREMENT=14 ;

--
-- Dumping data for table `tutorship`
--

INSERT INTO `tutorship` (`id`, `id_employee`, `id_mentor`, `date_begin`, `date_end`) VALUES
(7, 4, 1, '2016-08-04 13:36:37', NULL),
(8, 41, 4, '2016-08-09 10:59:52', NULL),
(9, 42, 1, '2016-08-11 13:48:02', NULL),
(10, 43, 42, '2016-08-15 16:16:01', NULL),
(11, 44, 1, '2016-08-16 08:42:14', NULL),
(12, 45, 1, '2016-08-24 16:01:53', NULL),
(13, 48, 1, '2016-08-28 15:41:23', NULL);

-- --------------------------------------------------------

--
-- Table structure for table `type_administrative_district`
--

CREATE TABLE IF NOT EXISTS `type_administrative_district` (
  `id` bigint(10) NOT NULL AUTO_INCREMENT,
  `id_city` bigint(10) NOT NULL,
  `administrative_district` varchar(100) NOT NULL,
  PRIMARY KEY (`id`),
  KEY `id_city` (`id_city`)
) ENGINE=InnoDB  DEFAULT CHARSET=utf8 AUTO_INCREMENT=9 ;

--
-- Dumping data for table `type_administrative_district`
--

INSERT INTO `type_administrative_district` (`id`, `id_city`, `administrative_district`) VALUES
(1, 1, 'Ворошиловский'),
(2, 1, 'Железнодорожный'),
(3, 1, 'Кировский'),
(4, 1, 'Ленинский'),
(5, 1, 'Октябрьский'),
(6, 1, 'Первомайский'),
(7, 1, 'Пролетарский'),
(8, 1, 'Советский');

-- --------------------------------------------------------

--
-- Table structure for table `type_cities`
--

CREATE TABLE IF NOT EXISTS `type_cities` (
  `id` bigint(10) NOT NULL AUTO_INCREMENT,
  `city` varchar(50) NOT NULL COMMENT 'Название города',
  `number` bigint(50) DEFAULT NULL,
  PRIMARY KEY (`id`)
) ENGINE=InnoDB  DEFAULT CHARSET=utf8 COMMENT='Справочник - типы квартир.' AUTO_INCREMENT=6 ;

--
-- Dumping data for table `type_cities`
--

INSERT INTO `type_cities` (`id`, `city`, `number`) VALUES
(1, 'Ростов-на-Дону', 6100000100000),
(2, 'Новочеркасск', 6100000900000),
(3, 'Батайск', 61000003000004600),
(4, 'Таганрог', 6100001100000),
(5, 'Азов', 6100001300000);

-- --------------------------------------------------------

--
-- Table structure for table `type_district`
--

CREATE TABLE IF NOT EXISTS `type_district` (
  `id` bigint(10) NOT NULL AUTO_INCREMENT,
  `id_city` bigint(10) NOT NULL COMMENT 'Объект город',
  `district` varchar(50) NOT NULL COMMENT 'Район',
  `subdistrict` varchar(50) NOT NULL COMMENT 'Участок / Неофициальное название места',
  PRIMARY KEY (`id`),
  KEY `id_city` (`id_city`)
) ENGINE=InnoDB  DEFAULT CHARSET=utf8 COMMENT='Районы' AUTO_INCREMENT=246 ;

--
-- Dumping data for table `type_district`
--

INSERT INTO `type_district` (`id`, `id_city`, `district`, `subdistrict`) VALUES
(1, 1, 'Центр', 'Бриз'),
(2, 1, 'Центр', 'Буревестник'),
(3, 1, 'Центр', 'Вавилон'),
(4, 1, 'Центр', 'Кооператор Дона'),
(5, 1, 'Центр', 'НИИАП'),
(6, 1, 'Центр', 'Старый центр'),
(7, 1, 'Центр', 'Филармония'),
(8, 1, 'Центр', 'Большая Садовая'),
(9, 1, 'Центр', 'Будённовский'),
(10, 1, 'Центр', 'Ворошиловский'),
(11, 1, 'Центр', 'Гвардейская Площадь'),
(12, 1, 'Центр', 'Гостиница ''Ростов'''),
(13, 1, 'Центр', 'Дворец спорт'),
(14, 1, 'Центр', 'Ипподром'),
(15, 1, 'Центр', 'Комсомольская площадь'),
(16, 1, 'Центр', 'Красноармейская'),
(17, 1, 'Центр', 'Мечникова'),
(18, 1, 'Центр', 'Пушкинская'),
(19, 1, 'Центр', 'Театральная площадь'),
(20, 1, 'Центр', 'Центальный рынок'),
(21, 1, 'Центр', 'ЦГБ'),
(22, 1, 'Центр', 'ЦУМ'),
(23, 1, 'ЗЖМ', '20-я больница'),
(24, 1, 'ЗЖМ', '339-я Стрелковая Дивизия'),
(25, 1, 'ЗЖМ', '5-й роддом'),
(26, 1, 'ЗЖМ', 'Аллея Роз'),
(27, 1, 'ЗЖМ', 'Благодатная / Мильчакова'),
(28, 1, 'ЗЖМ', 'Благодатная / Мичуринская'),
(29, 1, 'ЗЖМ', 'Вертолетное поле'),
(30, 1, 'ЗЖМ', 'Всесоюзная'),
(31, 1, 'ЗЖМ', 'ГПЗ-10'),
(32, 1, 'ЗЖМ', 'Доватора / Литовская'),
(33, 1, 'ЗЖМ', 'ЖДР'),
(34, 1, 'ЗЖМ', 'Жмайлова / ''Рыбак Дона'''),
(35, 1, 'ЗЖМ', 'Зорге / ''Магазин'''),
(36, 1, 'ЗЖМ', 'Лендворец'),
(37, 1, 'ЗЖМ', 'Лесопарковая / Мадояна'),
(38, 1, 'ЗЖМ', 'Мадояна / Доватора'),
(39, 1, 'ЗЖМ', 'Малиновского / Таганрогское шоссе'),
(40, 1, 'ЗЖМ', 'Переходный мост'),
(41, 1, 'ЗЖМ', 'Плевен'),
(42, 1, 'ЗЖМ', 'Портовая'),
(43, 1, 'ЗЖМ', 'Привоз'),
(44, 1, 'ЗЖМ', 'Рабочая площадь'),
(45, 1, 'ЗЖМ', 'Содружества'),
(46, 1, 'ЗЖМ', 'Стачки / Малиновского'),
(47, 1, 'ЗЖМ', 'Телецентр'),
(48, 1, 'ЗЖМ', 'Тружеников'),
(49, 1, 'ЗЖМ', 'Школа милиции'),
(50, 1, 'ЗЖМ', 'ост. ''42-й дом'''),
(51, 1, 'ЗЖМ', 'пл. Дружинников'),
(52, 1, 'Новое поселение', '57 школа'),
(53, 1, 'Новое поселение', 'Больница СКЖД'),
(54, 1, 'Новое поселение', 'Мечникова / Нансена'),
(55, 1, 'Новое поселение', 'Мечникова / Тойота-центр'),
(56, 1, 'Новое поселение', 'Парк 8 марта'),
(57, 1, 'Новое поселение', 'Текучева / ''Милиция'''),
(58, 1, 'Новое поселение', 'Текучева / Доломановский'),
(59, 1, 'Каменка', '2 Пятилетки пл.'),
(60, 1, 'Каменка', 'Вавилова'),
(61, 1, 'Каменка', 'Королева / Вавилова'),
(62, 1, 'Каменка', 'Ларина / Немировича-Данченко'),
(63, 1, 'Каменка', 'Особенная / Зрелищная'),
(64, 1, 'Каменка', 'Сан-й ''Надежда'''),
(65, 1, 'Каменка', 'Чалтырский / Таганрогское шоссе'),
(66, 1, 'Каменка', 'Шеболдаева / маг. ''Цветы'''),
(67, 1, 'Стройгородок', 'Дом Офицеров'),
(68, 1, 'Стройгородок', 'ост. Конечная'),
(69, 1, 'Военвед', 'ост. ''Авиамоторная'''),
(70, 1, 'Военвед', 'ост. ''Военвед'''),
(71, 1, 'Военвед', 'ост. ''Гагринская'''),
(72, 1, 'Военвед', 'ост. ''Оганова'''),
(73, 1, 'Военвед', 'ост. ''Рынок'''),
(74, 1, 'Военвед', 'ост. ''Северо-кавказская'''),
(75, 1, 'Нариманова', 'Автосборка / Горизонт'),
(76, 1, 'Нариманова', 'Маг. ''Старт'''),
(77, 1, 'Нариманова', 'ост. ''Нариманова'''),
(78, 1, 'Нариманова', 'ост. ''Школьная'''),
(79, 1, 'Ленина', 'Ашхабадский'),
(80, 1, 'Ленина', 'Забайкальский'),
(81, 1, 'Ленина', 'ул. Ленина'),
(82, 1, 'Ленина', 'Ленина / Врубова'),
(83, 1, 'Ленина', 'Ленина / Нансена'),
(84, 1, 'Ленина', 'Профинтерна'),
(85, 1, 'Ленина', 'РИИЖТ'),
(86, 1, 'Ленина', 'Страна Советов'),
(87, 1, 'Ленина', 'ост. ''111-й дом'''),
(88, 1, 'Ленина', 'ост. ''Больница'''),
(89, 1, 'Ленина', 'ост. ''Поликлиника'''),
(90, 1, 'Ленина', 'ост. ''Турмалиновская'''),
(91, 1, 'Ленина', 'ост. ''пер. Автосборочный'''),
(92, 1, 'Ленина', 'площадь Ленина'),
(93, 1, 'СЖМ', '''Аквапарк'''),
(94, 1, 'СЖМ', '''Шайба'''),
(95, 1, 'СЖМ', '''Электроника'''),
(96, 1, 'СЖМ', 'АТС'),
(97, 1, 'СЖМ', 'Капустина'),
(98, 1, 'СЖМ', 'Комарова'),
(99, 1, 'СЖМ', 'Королева'),
(100, 1, 'СЖМ', 'Леге артис'),
(101, 1, 'СЖМ', 'Мясниковань'),
(102, 1, 'СЖМ', 'Обсерваторная'),
(103, 1, 'СЖМ', 'Орбительная'),
(104, 1, 'СЖМ', 'Стартовая'),
(105, 1, 'СЖМ', 'маг. ''Книги'''),
(106, 1, 'СЖМ', 'пл. Космонавтов'),
(107, 1, 'СЖМ', 'рынок ''Квадро'''),
(108, 1, 'Темерник', 'Верхний Темерник'),
(109, 1, 'Темерник', 'Нижний Темерник'),
(110, 1, 'Чкаловский', 'Вятская'),
(111, 1, 'Чкаловский', 'Каскадная'),
(112, 1, 'Чкаловский', 'Киргизская (пл. Чкалова)'),
(113, 1, 'Чкаловский', 'Мирный'),
(114, 1, 'Чкаловский', 'Обский'),
(115, 1, 'Чкаловский', 'Панавто'),
(116, 1, 'Чкаловский', 'Ростовское море'),
(117, 1, 'Чкаловский', 'Штахановского'),
(118, 1, 'Чкаловский', 'ост. ''Днепровский рынок'''),
(119, 1, 'Чкаловский', 'ост. ''Лестница'''),
(120, 1, 'Чкаловский', 'ост. ''Школа'''),
(121, 1, 'Нахичевань', '''Яблочко'''),
(122, 1, 'Нахичевань', 'Автовокзал'),
(123, 1, 'Нахичевань', 'Верхняя Нахичевань'),
(124, 1, 'Нахичевань', 'Горгаз'),
(125, 1, 'Нахичевань', 'Каяни'),
(126, 1, 'Нахичевань', 'Нижняя Нахичевань'),
(127, 1, 'Нахичевань', 'Площадь К. Маркса'),
(128, 1, 'Нахичевань', 'Сарьяна'),
(129, 1, 'Нахичевань', 'Ченцова'),
(130, 1, 'Болгарстрой', 'Дом Офицеров'),
(131, 1, 'Болгарстрой', 'Кривоносова'),
(132, 1, 'Александровка', 'ост. ''Калинина'''),
(133, 1, 'Александровка', 'ост. ''Конечная'''),
(134, 1, 'Александровка', 'ост. ''Молочный'''),
(135, 1, 'Александровка', 'ост. ''Роща'''),
(136, 1, 'Александровка', 'ост. ''Школьная'''),
(137, 1, 'Сельмаш', 'Пятидомики'),
(138, 1, 'Сельмаш', 'Юбилейный'),
(139, 1, 'Сельмаш', 'Big Sound'),
(140, 1, 'Сельмаш', 'Берберовка'),
(141, 1, 'Сельмаш', 'Колхозный рынок'),
(142, 1, 'Сельмаш', 'Селиванова'),
(143, 1, 'Сельмаш', 'Сквозная'),
(144, 1, 'Сельмаш', 'Старый Автовокзал'),
(145, 1, 'Аэропорт', '''Пицунда'''),
(146, 1, 'Аэропорт', 'Аэропорт'),
(147, 1, 'Аэропорт', 'СМУ'),
(148, 1, 'Аэропорт', 'Фрунзе'),
(149, 1, 'Орджоникидзе', '1 Орджоникидзе'),
(150, 1, 'Орджоникидзе', '2 Орджоникидзе'),
(151, 1, 'Орджоникидзе', 'Лесная школа'),
(152, 1, 'Орджоникидзе', 'Магазин ''Уют'''),
(153, 1, 'Орджоникидзе', 'Туполева'),
(154, 1, 'Левенцовка', 'Микрорайон 1'),
(155, 1, 'Левенцовка', 'Микрорайон 3'),
(156, 1, 'Другие', 'Азовский'),
(157, 1, 'Другие', 'Кагальницкий район'),
(158, 1, 'Другие', 'Кущевский район'),
(159, 1, 'Другие', 'Левый берег Дона'),
(160, 1, 'Другие', 'Леге артис'),
(161, 1, 'Другие', 'Мясниковский'),
(162, 1, 'Другие', 'Область'),
(163, 1, 'Другие', 'Октябрьский-сельский район'),
(164, 1, 'Другие', 'Родионово-Несветаевский'),
(165, 1, 'Другие', 'Чалтырь'),
(166, 1, 'Другие', 'Янтарный'),
(167, 1, 'Беловодье', '11'),
(168, 1, 'Беловодье', '12'),
(169, 1, 'Беловодье', '7'),
(170, 1, 'Южный', ''),
(171, 2, 'Центр', ''),
(172, 2, 'Черемушки', ''),
(173, 2, 'Роддом', ''),
(174, 2, 'Собор', ''),
(175, 2, 'Галины Петровой', ''),
(176, 2, 'Автобат', ''),
(177, 2, 'Госпиталь МВД', ''),
(178, 2, 'поселок Ключевой', ''),
(179, 2, 'СКЗНИВИ', ''),
(180, 2, 'Соцгород', ''),
(181, 2, 'Октярьский', ''),
(182, 2, 'Молодежный', ''),
(183, 2, 'Новый Городок', ''),
(184, 2, 'Донской', ''),
(185, 2, 'Автовокзал', ''),
(186, 2, 'Сармат', ''),
(187, 2, 'Спуск Герцена', ''),
(188, 2, 'Хотунок', ''),
(189, 2, 'Азовский рынок', ''),
(190, 2, 'Жилучасток', ''),
(191, 2, 'Восточный', ''),
(192, 2, 'Низовка №1', ''),
(193, 2, 'Низовка №2', ''),
(194, 2, 'Низовка №3', ''),
(195, 2, 'Низовка №4', ''),
(196, 2, 'Новоселовка', ''),
(197, 2, 'Атмосфера', ''),
(198, 2, 'Другие', ''),
(199, 3, 'Центр', ''),
(200, 3, 'РДВС', ''),
(201, 3, 'Авиагородок', ''),
(202, 3, 'СЖМ', ''),
(203, 3, 'Койсуг', ''),
(204, 3, 'Наливная', ''),
(205, 3, 'ВЖМ', ''),
(206, 3, 'Промывка', ''),
(207, 3, 'Соленое озеро', ''),
(208, 3, 'Гипермаркет ''Магнит''', ''),
(209, 3, 'Солнечный микрорайон', ''),
(210, 3, 'с-т Донская Чаша', ''),
(211, 3, 'район 9-й школы', ''),
(212, 3, 'район Гайдара', ''),
(213, 3, 'Вне города', ''),
(214, 3, 'Сквер авиаторов', ''),
(215, 3, 'Другие', ''),
(216, 4, 'Р. поле', ''),
(217, 4, 'СЖМ', ''),
(218, 4, 'ЗЖМ', ''),
(219, 4, 'Центр', ''),
(220, 4, 'Кислородная', ''),
(221, 4, 'н. Вокзал', ''),
(222, 4, 'Мариупольская', ''),
(223, 4, 'Джержинка', ''),
(224, 4, 'Социалка', ''),
(225, 4, 'Свободы', ''),
(226, 4, 'Михайловка', ''),
(227, 4, 'Переулки', ''),
(228, 4, 'Вне города', ''),
(229, 4, 'Другие', ''),
(230, 5, 'Автовокзал', ''),
(231, 5, 'ЗЖМ', ''),
(232, 5, 'Кагальник район', ''),
(233, 5, 'Красногоровка', ''),
(234, 5, 'Красный Сад район', ''),
(235, 5, 'Круглое район', ''),
(236, 5, 'Кулешовка район', ''),
(237, 5, 'Новоалександр. район', ''),
(238, 5, 'Центр', ''),
(239, 5, 'Азов районы', ''),
(240, 5, 'Центральный рынок', ''),
(241, 5, 'ЦРБ', ''),
(242, 5, 'с. Маргаритово', ''),
(243, 5, 'Порт Катон', ''),
(244, 5, 'х. Усть-Койсуг', ''),
(245, 5, 'Другие', '');

-- --------------------------------------------------------

--
-- Table structure for table `users`
--

CREATE TABLE IF NOT EXISTS `users` (
  `id` bigint(20) NOT NULL AUTO_INCREMENT,
  `id_employee` bigint(20) NOT NULL,
  `login` varchar(100) COLLATE utf8_unicode_ci NOT NULL,
  `password` varchar(60) COLLATE utf8_unicode_ci NOT NULL,
  `code_auth` varchar(10) CHARACTER SET utf8 NOT NULL DEFAULT '0',
  `status` tinyint(1) NOT NULL,
  `remember_token` varchar(100) COLLATE utf8_unicode_ci NOT NULL,
  `created_at` timestamp NOT NULL DEFAULT '0000-00-00 00:00:00',
  `updated_at` timestamp NOT NULL DEFAULT '0000-00-00 00:00:00',
  PRIMARY KEY (`id`),
  UNIQUE KEY `login_UNIQUE` (`login`),
  KEY `id_employee_INDEX` (`id_employee`)
) ENGINE=InnoDB  DEFAULT CHARSET=utf8 COLLATE=utf8_unicode_ci AUTO_INCREMENT=56 ;

--
-- Dumping data for table `users`
--

INSERT INTO `users` (`id`, `id_employee`, `login`, `password`, `code_auth`, `status`, `remember_token`, `created_at`, `updated_at`) VALUES
(1, 1, 'aleksandrov', '$2y$10$7cs2rYq3N3.P8DVU.eXD9eA5CBk74.63RO3tzLtOz64m6.eOglcY6', '0', 1, 'Zo6qPSX6cz8ZVpREoqGxpR6Pe0f6IkZQOeGEaQxGCdOiN2vNmEYbjxTrLHRs', '2016-08-04 13:21:15', '2016-10-13 20:49:30'),
(5, 4, 'ddd@example.com', '$2y$10$VyTZVljrjq2j18xhZee8JO3AVB/15CdVXlEQFCU4djdOlOwN7ylFG', '0', 1, '5wyBBXSKNz5UUuzeikQwrD8LdhciQAS3587qUO5YCGMZ8mxnypHkLiRmFQiS', '2016-04-26 14:00:00', '2016-08-16 12:03:15'),
(29, 26, 'boss@landlord.ru', '$2y$10$P1uKq0vffxEfSvcMTwhTPe9AmIEtkDFpBvWGGOh9xrrn1vepNoXnG', '0', 1, 'yUqeNmpCsqLUy8hAPAt73fr0cI1pB2O0WYeC8QK7APGYQJ2Zv4Dnoy0DMT8I', '2016-06-03 13:00:18', '2016-10-10 09:33:09'),
(45, 38, 'testovyj.pu@landlord.ru', '$2y$10$PWcg4Ex.Dip8VLqYH9PIuO51/kVhTPpXCYiMSRWvjWvARVF3OeWRK', '0', 0, '', '2016-08-04 13:12:11', '2016-08-04 13:12:11'),
(46, 39, 'ruban.en@landlord.ru', '$2y$10$92XdyBjV88/mhLI6UFnYiOR617D78EB/2IxV6PgWG4tBUZffOobeK', '0', 1, '2YjSMX8Wn9sOa19lQQzfOaQch5CFszcR2YmuOQwIjKDiaM3BcHZRXPQZFCSC', '2016-08-04 14:14:09', '2016-08-29 12:51:47'),
(48, 41, 'sotrudnik.da@landlord.ru', '$2y$10$3RF.p24PmTDuacxy2U844eDJIuD3A/KhE08z2GqmBxCnjlV7pr9hm', '0', 1, '', '2016-08-09 10:59:40', '2016-08-11 16:19:00'),
(49, 42, 'mironova.on@landlord.ru', '$2y$10$YPxVGxZD3F7WkCEJaiSoUOUP08G7yQN9961sWfa2G.sFtyMQeGnMy', '0', 0, '', '2016-08-11 13:48:03', '2016-08-11 13:48:03'),
(50, 43, 'petriashvili.ei@landlord.ru', '$2y$10$AuhUUGvwbGDIj/uro4Tn1ObkhsbYBB7gPIok7gfSmLq6e9FkMx96C', '0', 1, '', '2016-08-15 16:16:01', '2016-08-15 16:16:01'),
(51, 44, 'petrov.pp@landlord.ru', '$2y$10$RRYNe/m1g0IyS/6E478gaelHfTJuTQWkGveRWtRMOJr4s.eHGBWge', '0', 1, 'hd7DdWWfMF31f3AdMghxIF1kdtNXPjqHnfWEEaTKuzcoQdecyeUaf4mCsSZ2', '2016-08-16 08:42:14', '2016-08-16 10:05:36'),
(52, 45, 'nikolaev.an@landlord.ru', '$2y$10$epDoELzBo3jIfEyd3a.N3e4VjOg7Vqay3UtlLZILyNXh6tWOxSJca', '0', 1, '', '2016-08-24 16:01:53', '2016-08-24 16:04:44'),
(53, 46, 'gidenko_.av@landlord.ru', '$10$7cs2rYq3N3.P8DVU.eXD9eA5CBk74.63RO3tzLtOz64m6.eOglcY6', '0', 1, '', '2016-08-24 18:06:59', '2016-08-24 18:06:59'),
(54, 47, 'gidenko.av@landlord.ru', '$2y$10$5pr6g8Z28jMci.GSAjS98.tNKJzaCsVRdKpW7k30OLuaE/2FzXriS', '0', 1, 'hRLbbUGDPPQh2kYaCucZdHdpO4SJsM6TtrC1d8jqNaRhnWCa7L8LKPYtQSyE', '2016-08-25 09:41:05', '2016-08-28 21:30:37'),
(55, 48, 'testovich.tt@landlord.ru', '$2y$10$UOdLkWpE50vvjAX2feuZ2.h7T19gaT5ciq3ilYL53Kd3LfQsYE85i', '0', 1, '', '2016-08-28 15:41:23', '2016-08-28 15:41:23');

-- --------------------------------------------------------

--
-- Table structure for table `users_roles`
--

CREATE TABLE IF NOT EXISTS `users_roles` (
  `id` bigint(20) NOT NULL AUTO_INCREMENT,
  `id_user` bigint(20) NOT NULL,
  `id_role` bigint(20) NOT NULL,
  PRIMARY KEY (`id`),
  KEY `id_user_INDEX` (`id_user`),
  KEY `id_role_INDEX` (`id_role`)
) ENGINE=InnoDB  DEFAULT CHARSET=utf8 COLLATE=utf8_unicode_ci AUTO_INCREMENT=154 ;

--
-- Dumping data for table `users_roles`
--

INSERT INTO `users_roles` (`id`, `id_user`, `id_role`) VALUES
(112, 1, 22),
(113, 29, 22),
(116, 45, 21),
(123, 48, 24),
(124, 49, 19),
(125, 50, 19),
(126, 51, 44),
(129, 52, 45),
(130, 46, 28),
(131, 53, 22),
(132, 54, 22),
(152, 5, 21),
(153, 55, 21);

-- --------------------------------------------------------

--
-- Table structure for table `vacation`
--

CREATE TABLE IF NOT EXISTS `vacation` (
  `id` bigint(20) NOT NULL AUTO_INCREMENT,
  `id_employee` bigint(20) NOT NULL,
  `id_type` bigint(20) NOT NULL,
  `date_begin` timestamp NOT NULL DEFAULT CURRENT_TIMESTAMP,
  `date_end` timestamp NOT NULL DEFAULT '0000-00-00 00:00:00',
  `description` varchar(255) COLLATE utf8_unicode_ci NOT NULL,
  PRIMARY KEY (`id`),
  KEY `id_employee_index` (`id_employee`) USING BTREE,
  KEY `type_index` (`id_type`) USING BTREE
) ENGINE=InnoDB  DEFAULT CHARSET=utf8 COLLATE=utf8_unicode_ci AUTO_INCREMENT=2 ;

--
-- Dumping data for table `vacation`
--

INSERT INTO `vacation` (`id`, `id_employee`, `id_type`, `date_begin`, `date_end`, `description`) VALUES
(1, 48, 3, '2016-02-11 00:00:00', '2020-02-15 00:00:00', '###');

-- --------------------------------------------------------

--
-- Table structure for table `vacation_types`
--

CREATE TABLE IF NOT EXISTS `vacation_types` (
  `id` bigint(20) NOT NULL AUTO_INCREMENT,
  `type` varchar(20) COLLATE utf8_unicode_ci NOT NULL,
  PRIMARY KEY (`id`)
) ENGINE=InnoDB  DEFAULT CHARSET=utf8 COLLATE=utf8_unicode_ci AUTO_INCREMENT=4 ;

--
-- Dumping data for table `vacation_types`
--

INSERT INTO `vacation_types` (`id`, `type`) VALUES
(1, 'Отпуск'),
(2, 'Отгул'),
(3, 'Больничный');

--
-- Constraints for dumped tables
--

--
-- Constraints for table `achievements`
--
ALTER TABLE `achievements`
  ADD CONSTRAINT `achievements_ibfk_1` FOREIGN KEY (`id_responsible`) REFERENCES `employes` (`id`) ON DELETE NO ACTION ON UPDATE CASCADE;

--
-- Constraints for table `address`
--
ALTER TABLE `address`
  ADD CONSTRAINT `address_ibfk_1` FOREIGN KEY (`id_district`) REFERENCES `type_district` (`id`) ON DELETE NO ACTION ON UPDATE CASCADE,
  ADD CONSTRAINT `address_ibfk_2` FOREIGN KEY (`id_administrative_district`) REFERENCES `type_administrative_district` (`id`) ON DELETE NO ACTION ON UPDATE CASCADE;

--
-- Constraints for table `agreement_cooperation`
--
ALTER TABLE `agreement_cooperation`
  ADD CONSTRAINT `agreement_cooperation_ibfk_1` FOREIGN KEY (`id_status_request`) REFERENCES `type_status_request` (`id`) ON DELETE NO ACTION ON UPDATE CASCADE,
  ADD CONSTRAINT `agreement_cooperation_ibfk_2` FOREIGN KEY (`id_employee_client`) REFERENCES `employes` (`id`) ON DELETE NO ACTION ON UPDATE CASCADE,
  ADD CONSTRAINT `agreement_cooperation_ibfk_3` FOREIGN KEY (`id_employee_object`) REFERENCES `employes` (`id`) ON DELETE NO ACTION ON UPDATE CASCADE;

--
-- Constraints for table `agreement_exclusive`
--
ALTER TABLE `agreement_exclusive`
  ADD CONSTRAINT `agreement_exclusive_ibfk_1` FOREIGN KEY (`id_realestate`) REFERENCES `realestate` (`id`) ON DELETE NO ACTION ON UPDATE CASCADE,
  ADD CONSTRAINT `agreement_exclusive_ibfk_2` FOREIGN KEY (`id_employee`) REFERENCES `employes` (`id`) ON DELETE NO ACTION ON UPDATE CASCADE;

--
-- Constraints for table `agreement_showing`
--
ALTER TABLE `agreement_showing`
  ADD CONSTRAINT `agreement_showing_ibfk_1` FOREIGN KEY (`id_employee`) REFERENCES `employes` (`id`) ON DELETE NO ACTION ON UPDATE CASCADE,
  ADD CONSTRAINT `agreement_showing_ibfk_2` FOREIGN KEY (`id_client`) REFERENCES `client` (`id`) ON DELETE NO ACTION ON UPDATE CASCADE;

--
-- Constraints for table `agreement_showing_history`
--
ALTER TABLE `agreement_showing_history`
  ADD CONSTRAINT `agreement_showing_history_ibfk_1` FOREIGN KEY (`id_employee`) REFERENCES `employes` (`id`) ON DELETE NO ACTION ON UPDATE CASCADE,
  ADD CONSTRAINT `agreement_showing_history_ibfk_2` FOREIGN KEY (`id_agreement_showing`) REFERENCES `agreement_showing` (`id`) ON DELETE NO ACTION ON UPDATE CASCADE;

--
-- Constraints for table `agreement_showing_realestate`
--
ALTER TABLE `agreement_showing_realestate`
  ADD CONSTRAINT `agreement_showing_realestate_ibfk_1` FOREIGN KEY (`id_agreement_showing`) REFERENCES `agreement_showing` (`id`) ON DELETE NO ACTION ON UPDATE CASCADE,
  ADD CONSTRAINT `agreement_showing_realestate_ibfk_2` FOREIGN KEY (`id_realestate`) REFERENCES `realestate` (`id`) ON DELETE NO ACTION ON UPDATE CASCADE;

--
-- Constraints for table `api_sessions`
--
ALTER TABLE `api_sessions`
  ADD CONSTRAINT `svyz` FOREIGN KEY (`id_user`) REFERENCES `users` (`id`) ON DELETE NO ACTION ON UPDATE CASCADE;

--
-- Constraints for table `application`
--
ALTER TABLE `application`
  ADD CONSTRAINT `application_ibfk_1` FOREIGN KEY (`id_source`) REFERENCES `sources` (`id`) ON DELETE SET NULL ON UPDATE CASCADE,
  ADD CONSTRAINT `application_ibfk_2` FOREIGN KEY (`id_address`) REFERENCES `application_address` (`id`) ON DELETE SET NULL ON UPDATE CASCADE,
  ADD CONSTRAINT `application_ibfk_3` FOREIGN KEY (`id_application_status`) REFERENCES `application_status` (`id`) ON DELETE NO ACTION ON UPDATE CASCADE,
  ADD CONSTRAINT `application_ibfk_4` FOREIGN KEY (`id_employee_assigned`) REFERENCES `employes` (`id`) ON DELETE SET NULL ON UPDATE CASCADE,
  ADD CONSTRAINT `application_ibfk_5` FOREIGN KEY (`id_employee_create`) REFERENCES `employes` (`id`) ON DELETE SET NULL ON UPDATE CASCADE,
  ADD CONSTRAINT `application_ibfk_6` FOREIGN KEY (`id_promotion`) REFERENCES `promotion` (`id`) ON DELETE NO ACTION ON UPDATE CASCADE;

--
-- Constraints for table `application_address`
--
ALTER TABLE `application_address`
  ADD CONSTRAINT `application_address_ibfk_1` FOREIGN KEY (`id_district`) REFERENCES `type_district` (`id`) ON DELETE SET NULL ON UPDATE CASCADE,
  ADD CONSTRAINT `application_address_ibfk_2` FOREIGN KEY (`id_administrative_district`) REFERENCES `type_administrative_district` (`id`) ON DELETE SET NULL ON UPDATE CASCADE;

--
-- Constraints for table `application_apartment`
--
ALTER TABLE `application_apartment`
  ADD CONSTRAINT `application_apartment_ibfk_2` FOREIGN KEY (`id_finish_build`) REFERENCES `type_finish_build` (`id`) ON DELETE SET NULL ON UPDATE CASCADE,
  ADD CONSTRAINT `application_apartment_ibfk_4` FOREIGN KEY (`id_wall_material`) REFERENCES `type_wall_material_apartment` (`id`) ON DELETE SET NULL ON UPDATE CASCADE,
  ADD CONSTRAINT `application_apartment_ibfk_5` FOREIGN KEY (`id_fund`) REFERENCES `type_fund` (`id`) ON DELETE SET NULL ON UPDATE CASCADE,
  ADD CONSTRAINT `application_apartment_ibfk_6` FOREIGN KEY (`id_realestate_state`) REFERENCES `type_realestate_state` (`id`) ON DELETE SET NULL ON UPDATE CASCADE;

--
-- Constraints for table `application_archieve`
--
ALTER TABLE `application_archieve`
  ADD CONSTRAINT `application_archieve_ibfk_1` FOREIGN KEY (`id_application`) REFERENCES `application` (`id`) ON DELETE NO ACTION ON UPDATE CASCADE,
  ADD CONSTRAINT `application_archieve_ibfk_2` FOREIGN KEY (`id_employee`) REFERENCES `employes` (`id`) ON DELETE NO ACTION ON UPDATE CASCADE;

--
-- Constraints for table `application_client`
--
ALTER TABLE `application_client`
  ADD CONSTRAINT `application_client_ibfk_1` FOREIGN KEY (`id_client`) REFERENCES `client` (`id`) ON DELETE CASCADE ON UPDATE CASCADE,
  ADD CONSTRAINT `application_client_ibfk_2` FOREIGN KEY (`id_application`) REFERENCES `application` (`id`) ON DELETE CASCADE ON UPDATE CASCADE;

--
-- Constraints for table `application_commercial_commercial_communication`
--
ALTER TABLE `application_commercial_commercial_communication`
  ADD CONSTRAINT `application_commercial_commercial_communication_ibfk_1` FOREIGN KEY (`id_application_commercial`) REFERENCES `application_commercial` (`id`) ON DELETE CASCADE ON UPDATE CASCADE,
  ADD CONSTRAINT `application_commercial_commercial_communication_ibfk_2` FOREIGN KEY (`id_commercial_communication`) REFERENCES `type_commercial_communication` (`id`) ON DELETE CASCADE ON UPDATE CASCADE;

--
-- Constraints for table `application_commercial_lifting_equipment`
--
ALTER TABLE `application_commercial_lifting_equipment`
  ADD CONSTRAINT `application_commercial_lifting_equipment_ibfk_1` FOREIGN KEY (`id_application_commercial`) REFERENCES `application_commercial` (`id`) ON DELETE CASCADE ON UPDATE CASCADE,
  ADD CONSTRAINT `application_commercial_lifting_equipment_ibfk_2` FOREIGN KEY (`id_lifting_equipment`) REFERENCES `type_lifting_equipment` (`id`) ON DELETE CASCADE ON UPDATE CASCADE;

--
-- Constraints for table `application_commercial_profiles`
--
ALTER TABLE `application_commercial_profiles`
  ADD CONSTRAINT `application_commercial_profiles_ibfk_1` FOREIGN KEY (`id_application_commercial`) REFERENCES `application_commercial` (`id`) ON DELETE CASCADE ON UPDATE CASCADE,
  ADD CONSTRAINT `application_commercial_profiles_ibfk_2` FOREIGN KEY (`id_profile`) REFERENCES `type_profile` (`id`) ON DELETE CASCADE ON UPDATE CASCADE;

--
-- Constraints for table `application_households`
--
ALTER TABLE `application_households`
  ADD CONSTRAINT `application_households_ibfk_1` FOREIGN KEY (`id_wall_material`) REFERENCES `type_wall_material_households` (`id`) ON DELETE SET NULL ON UPDATE CASCADE,
  ADD CONSTRAINT `application_households_ibfk_2` FOREIGN KEY (`id_realestate_state`) REFERENCES `type_realestate_state` (`id`) ON DELETE SET NULL ON UPDATE CASCADE,
  ADD CONSTRAINT `application_households_ibfk_3` FOREIGN KEY (`id_entry`) REFERENCES `type_entry` (`id`) ON DELETE SET NULL ON UPDATE CASCADE;

--
-- Constraints for table `application_realestate`
--
ALTER TABLE `application_realestate`
  ADD CONSTRAINT `application_realestate_ibfk_1` FOREIGN KEY (`id_realestate`) REFERENCES `realestate` (`id`) ON DELETE CASCADE ON UPDATE CASCADE,
  ADD CONSTRAINT `application_realestate_ibfk_2` FOREIGN KEY (`id_application`) REFERENCES `application` (`id`) ON DELETE CASCADE ON UPDATE CASCADE;

--
-- Constraints for table `application_rent`
--
ALTER TABLE `application_rent`
  ADD CONSTRAINT `application_rent_ibfk_1` FOREIGN KEY (`id_realestate_state`) REFERENCES `type_profile` (`id`) ON DELETE SET NULL ON UPDATE CASCADE,
  ADD CONSTRAINT `application_rent_ibfk_2` FOREIGN KEY (`id_furniture`) REFERENCES `type_furniture` (`id`) ON DELETE SET NULL ON UPDATE CASCADE,
  ADD CONSTRAINT `application_rent_ibfk_3` FOREIGN KEY (`id_comfort`) REFERENCES `type_comfort` (`id`) ON DELETE SET NULL ON UPDATE CASCADE,
  ADD CONSTRAINT `application_rent_ibfk_4` FOREIGN KEY (`id_yard`) REFERENCES `type_yard` (`id`) ON DELETE SET NULL ON UPDATE CASCADE,
  ADD CONSTRAINT `application_rent_ibfk_5` FOREIGN KEY (`id_entry`) REFERENCES `type_entry` (`id`) ON DELETE SET NULL ON UPDATE CASCADE,
  ADD CONSTRAINT `application_rent_ibfk_6` FOREIGN KEY (`id_type_rent`) REFERENCES `type_rent` (`id`) ON DELETE SET NULL ON UPDATE CASCADE;

--
-- Constraints for table `application_type_apartment`
--
ALTER TABLE `application_type_apartment`
  ADD CONSTRAINT `application_type_apartment_ibfk_1` FOREIGN KEY (`id_type_apartment`) REFERENCES `type_apartment` (`id`) ON DELETE CASCADE ON UPDATE CASCADE;

--
-- Constraints for table `attachments`
--
ALTER TABLE `attachments`
  ADD CONSTRAINT `attachments_ibfk_1` FOREIGN KEY (`id_vacation`) REFERENCES `vacation` (`id`) ON DELETE NO ACTION ON UPDATE CASCADE;

--
-- Constraints for table `blocked_employees`
--
ALTER TABLE `blocked_employees`
  ADD CONSTRAINT `blocked_employees_ibfk_1` FOREIGN KEY (`id_employee`) REFERENCES `employes` (`id`) ON DELETE NO ACTION ON UPDATE CASCADE;

--
-- Constraints for table `calls`
--
ALTER TABLE `calls`
  ADD CONSTRAINT `calls_ibfk_1` FOREIGN KEY (`id_employee`) REFERENCES `employes` (`id`) ON DELETE NO ACTION ON UPDATE CASCADE,
  ADD CONSTRAINT `calls_ibfk_2` FOREIGN KEY (`id_source`) REFERENCES `sources` (`id`) ON DELETE NO ACTION ON UPDATE CASCADE,
  ADD CONSTRAINT `calls_ibfk_3` FOREIGN KEY (`id_promotion`) REFERENCES `promotion` (`id`) ON DELETE NO ACTION ON UPDATE CASCADE;

--
-- Constraints for table `calls_resultative`
--
ALTER TABLE `calls_resultative`
  ADD CONSTRAINT `calls_resultative_ibfk_1` FOREIGN KEY (`id_application`) REFERENCES `application` (`id`) ON DELETE NO ACTION ON UPDATE CASCADE;

--
-- Constraints for table `career`
--
ALTER TABLE `career`
  ADD CONSTRAINT `career_ibfk_1` FOREIGN KEY (`id_employee`) REFERENCES `employes` (`id`) ON DELETE NO ACTION ON UPDATE CASCADE;

--
-- Constraints for table `category_commissions`
--
ALTER TABLE `category_commissions`
  ADD CONSTRAINT `category_commissions_ibfk_1` FOREIGN KEY (`id_category`) REFERENCES `category` (`id`) ON DELETE CASCADE ON UPDATE CASCADE,
  ADD CONSTRAINT `category_commissions_ibfk_2` FOREIGN KEY (`id_commission`) REFERENCES `commissions` (`id`) ON DELETE CASCADE ON UPDATE CASCADE;

--
-- Constraints for table `certifications`
--
ALTER TABLE `certifications`
  ADD CONSTRAINT `certifications_ibfk_1` FOREIGN KEY (`id_employee`) REFERENCES `employes` (`id`) ON DELETE NO ACTION ON UPDATE CASCADE;

--
-- Constraints for table `client_passport`
--
ALTER TABLE `client_passport`
  ADD CONSTRAINT `client_passport_ibfk_1` FOREIGN KEY (`id_client`) REFERENCES `client` (`id`) ON DELETE NO ACTION ON UPDATE CASCADE;

--
-- Constraints for table `contracts`
--
ALTER TABLE `contracts`
  ADD CONSTRAINT `contracts_ibfk_1` FOREIGN KEY (`id_reference_contract_type`) REFERENCES `reference_contracts_types` (`id`) ON DELETE SET NULL ON UPDATE CASCADE,
  ADD CONSTRAINT `contracts_ibfk_2` FOREIGN KEY (`id_employee`) REFERENCES `employes` (`id`) ON DELETE SET NULL ON UPDATE CASCADE;

--
-- Constraints for table `contracts_scans`
--
ALTER TABLE `contracts_scans`
  ADD CONSTRAINT `contracts_scans_ibfk_1` FOREIGN KEY (`id_contract`) REFERENCES `contracts` (`id`) ON DELETE SET NULL ON UPDATE CASCADE,
  ADD CONSTRAINT `contracts_scans_ibfk_2` FOREIGN KEY (`id_employee`) REFERENCES `employes` (`id`) ON DELETE SET NULL ON UPDATE CASCADE;

--
-- Constraints for table `corporate_information_item`
--
ALTER TABLE `corporate_information_item`
  ADD CONSTRAINT `corporate_information_item_ibfk_1` FOREIGN KEY (`id_employee_created`) REFERENCES `employes` (`id`) ON DELETE NO ACTION ON UPDATE CASCADE;

--
-- Constraints for table `corporate_information_subitem`
--
ALTER TABLE `corporate_information_subitem`
  ADD CONSTRAINT `corporate_information_subitem_ibfk_1` FOREIGN KEY (`parent_id`) REFERENCES `corporate_information_item` (`id`) ON DELETE NO ACTION ON UPDATE CASCADE,
  ADD CONSTRAINT `corporate_information_subitem_ibfk_2` FOREIGN KEY (`id_employee_created`) REFERENCES `employes` (`id`) ON DELETE NO ACTION ON UPDATE CASCADE;

--
-- Constraints for table `courses`
--
ALTER TABLE `courses`
  ADD CONSTRAINT `courses_ibfk_1` FOREIGN KEY (`id_course_type`) REFERENCES `courses_types` (`id`) ON DELETE CASCADE ON UPDATE CASCADE;

--
-- Constraints for table `courses_employees`
--
ALTER TABLE `courses_employees`
  ADD CONSTRAINT `courses_employees_ibfk_2` FOREIGN KEY (`id_course`) REFERENCES `courses` (`id`) ON DELETE NO ACTION ON UPDATE CASCADE,
  ADD CONSTRAINT `courses_employees_ibfk_3` FOREIGN KEY (`id_employee`) REFERENCES `employes` (`id`) ON DELETE NO ACTION ON UPDATE CASCADE;

--
-- Constraints for table `employes`
--
ALTER TABLE `employes`
  ADD CONSTRAINT `employes_ibfk_2` FOREIGN KEY (`id_department`) REFERENCES `departments` (`id`) ON DELETE NO ACTION ON UPDATE CASCADE,
  ADD CONSTRAINT `employes_ibfk_4` FOREIGN KEY (`id_subdivision`) REFERENCES `subdivisions` (`id`) ON DELETE NO ACTION ON UPDATE CASCADE,
  ADD CONSTRAINT `employes_ibfk_5` FOREIGN KEY (`id_post`) REFERENCES `posts_categories` (`id`) ON DELETE NO ACTION ON UPDATE CASCADE;

--
-- Constraints for table `employes_offices`
--
ALTER TABLE `employes_offices`
  ADD CONSTRAINT `employes_offices_ibfk_1` FOREIGN KEY (`id_office`) REFERENCES `offices` (`id`) ON DELETE NO ACTION ON UPDATE CASCADE,
  ADD CONSTRAINT `employes_offices_ibfk_2` FOREIGN KEY (`id_employee`) REFERENCES `employes` (`id`) ON DELETE NO ACTION ON UPDATE CASCADE;

--
-- Constraints for table `events_participants`
--
ALTER TABLE `events_participants`
  ADD CONSTRAINT `events_participants_ibfk_1` FOREIGN KEY (`id_achievement`) REFERENCES `achievements` (`id`) ON DELETE CASCADE ON UPDATE CASCADE,
  ADD CONSTRAINT `events_participants_ibfk_2` FOREIGN KEY (`id_employee`) REFERENCES `employes` (`id`) ON DELETE CASCADE ON UPDATE CASCADE;

--
-- Constraints for table `fired_employees`
--
ALTER TABLE `fired_employees`
  ADD CONSTRAINT `fired_employees_ibfk_1` FOREIGN KEY (`id_employee`) REFERENCES `employes` (`id`) ON DELETE NO ACTION ON UPDATE CASCADE;

--
-- Constraints for table `grades`
--
ALTER TABLE `grades`
  ADD CONSTRAINT `grades_ibfk_1` FOREIGN KEY (`id_employee`) REFERENCES `employes` (`id`) ON DELETE NO ACTION ON UPDATE CASCADE;

--
-- Constraints for table `grades_expanded`
--
ALTER TABLE `grades_expanded`
  ADD CONSTRAINT `grades_expanded_ibfk_1` FOREIGN KEY (`id_parameter`) REFERENCES `parameters` (`id`) ON DELETE NO ACTION ON UPDATE CASCADE,
  ADD CONSTRAINT `grades_expanded_ibfk_2` FOREIGN KEY (`id_grades`) REFERENCES `grades` (`id`) ON DELETE NO ACTION ON UPDATE CASCADE;

--
-- Constraints for table `mail_files`
--
ALTER TABLE `mail_files`
  ADD CONSTRAINT `mail_files_ibfk_1` FOREIGN KEY (`id_mail`) REFERENCES `mail_storage` (`id`) ON DELETE NO ACTION ON UPDATE CASCADE;

--
-- Constraints for table `mail_storage`
--
ALTER TABLE `mail_storage`
  ADD CONSTRAINT `mail_storage_ibfk_1` FOREIGN KEY (`id_type`) REFERENCES `mail_types` (`id`) ON DELETE NO ACTION ON UPDATE CASCADE,
  ADD CONSTRAINT `mail_storage_ibfk_3` FOREIGN KEY (`id_receiver`) REFERENCES `employes` (`id`) ON DELETE NO ACTION ON UPDATE CASCADE;

--
-- Constraints for table `meetings`
--
ALTER TABLE `meetings`
  ADD CONSTRAINT `meetings_ibfk_1` FOREIGN KEY (`id_employee_initiator`) REFERENCES `employes` (`id`) ON UPDATE CASCADE;

--
-- Constraints for table `meetings_files`
--
ALTER TABLE `meetings_files`
  ADD CONSTRAINT `meetings_files_ibfk_1` FOREIGN KEY (`id_meeting`) REFERENCES `meetings` (`id`) ON DELETE CASCADE ON UPDATE CASCADE;

--
-- Constraints for table `meeting_participant`
--
ALTER TABLE `meeting_participant`
  ADD CONSTRAINT `meeting_participant_ibfk_1` FOREIGN KEY (`id_meeting`) REFERENCES `meetings` (`id`) ON DELETE CASCADE ON UPDATE CASCADE,
  ADD CONSTRAINT `meeting_participant_ibfk_2` FOREIGN KEY (`id_participant_status`) REFERENCES `participant_status` (`id`) ON DELETE SET NULL ON UPDATE CASCADE,
  ADD CONSTRAINT `meeting_participant_ibfk_3` FOREIGN KEY (`id_employee`) REFERENCES `employes` (`id`) ON DELETE CASCADE ON UPDATE CASCADE;

--
-- Constraints for table `news`
--
ALTER TABLE `news`
  ADD CONSTRAINT `news_ibfk_1` FOREIGN KEY (`id_employee_creator`) REFERENCES `employes` (`id`) ON DELETE NO ACTION ON UPDATE CASCADE;

--
-- Constraints for table `news_comments`
--
ALTER TABLE `news_comments`
  ADD CONSTRAINT `news_comments_ibfk_1` FOREIGN KEY (`id_news`) REFERENCES `news` (`id`) ON DELETE NO ACTION ON UPDATE CASCADE,
  ADD CONSTRAINT `news_comments_ibfk_2` FOREIGN KEY (`id_employee`) REFERENCES `employes` (`id`) ON DELETE NO ACTION ON UPDATE CASCADE;

--
-- Constraints for table `news_likes`
--
ALTER TABLE `news_likes`
  ADD CONSTRAINT `news_likes_ibfk_1` FOREIGN KEY (`id_news`) REFERENCES `news` (`id`) ON DELETE NO ACTION ON UPDATE CASCADE,
  ADD CONSTRAINT `news_likes_ibfk_2` FOREIGN KEY (`id_employee`) REFERENCES `employes` (`id`) ON DELETE NO ACTION ON UPDATE CASCADE;

--
-- Constraints for table `notification_agreement_exclusive`
--
ALTER TABLE `notification_agreement_exclusive`
  ADD CONSTRAINT `notification_agreement_exclusive_ibk` FOREIGN KEY (`id_agreement_exclusive`) REFERENCES `agreement_exclusive` (`id`) ON DELETE CASCADE ON UPDATE CASCADE;

--
-- Constraints for table `offices`
--
ALTER TABLE `offices`
  ADD CONSTRAINT `offices_ibfk_1` FOREIGN KEY (`id_type_city`) REFERENCES `type_cities` (`id`) ON DELETE NO ACTION ON UPDATE CASCADE;

--
-- Constraints for table `offices_departments`
--
ALTER TABLE `offices_departments`
  ADD CONSTRAINT `offices_departments_ibfk_1` FOREIGN KEY (`id_department`) REFERENCES `departments` (`id`) ON DELETE NO ACTION ON UPDATE CASCADE,
  ADD CONSTRAINT `offices_departments_ibfk_2` FOREIGN KEY (`id_office`) REFERENCES `offices` (`id`) ON DELETE NO ACTION ON UPDATE CASCADE;

--
-- Constraints for table `offices_subdivisions`
--
ALTER TABLE `offices_subdivisions`
  ADD CONSTRAINT `offices_subdivisions_ibfk_1` FOREIGN KEY (`id_subdivisions`) REFERENCES `subdivisions` (`id`) ON DELETE NO ACTION ON UPDATE CASCADE,
  ADD CONSTRAINT `offices_subdivisions_ibfk_2` FOREIGN KEY (`id_office`) REFERENCES `offices` (`id`) ON DELETE NO ACTION ON UPDATE CASCADE;

--
-- Constraints for table `opensale_schedule`
--
ALTER TABLE `opensale_schedule`
  ADD CONSTRAINT `opensale_schedule_ibfk_1` FOREIGN KEY (`id_realestate`) REFERENCES `realestate` (`id`) ON DELETE SET NULL ON UPDATE CASCADE;

--
-- Constraints for table `photo_realestate`
--
ALTER TABLE `photo_realestate`
  ADD CONSTRAINT `photo_realestate_ibfk_1` FOREIGN KEY (`id_realestate`) REFERENCES `realestate` (`id`) ON DELETE NO ACTION ON UPDATE CASCADE;

--
-- Constraints for table `pivot_realestate_apartments_reference_elevators`
--
ALTER TABLE `pivot_realestate_apartments_reference_elevators`
  ADD CONSTRAINT `pivot_realestate_apartments_reference_elevators_ibfk_1` FOREIGN KEY (`id_realestate_apartment`) REFERENCES `realestate_apartments` (`id`) ON DELETE CASCADE ON UPDATE CASCADE,
  ADD CONSTRAINT `pivot_realestate_apartments_reference_elevators_ibfk_2` FOREIGN KEY (`id_reference_elevator`) REFERENCES `reference_elevators` (`id`) ON DELETE CASCADE ON UPDATE CASCADE;

--
-- Constraints for table `pivot_realestate_apartments_reference_legal_documents`
--
ALTER TABLE `pivot_realestate_apartments_reference_legal_documents`
  ADD CONSTRAINT `pivot_realestate_apartments_reference_legal_documents_ibfk_1` FOREIGN KEY (`id_realestate_apartment`) REFERENCES `realestate_apartments` (`id`) ON DELETE CASCADE ON UPDATE CASCADE,
  ADD CONSTRAINT `pivot_realestate_apartments_reference_legal_documents_ibfk_2` FOREIGN KEY (`id_reference_legal_document`) REFERENCES `reference_legal_documents` (`id`) ON DELETE CASCADE ON UPDATE CASCADE;

--
-- Constraints for table `pivot_realestate_apartments_reference_specific_facilities`
--
ALTER TABLE `pivot_realestate_apartments_reference_specific_facilities`
  ADD CONSTRAINT `pivot_realestate_apartments_reference_specific_facilities_ibfk_1` FOREIGN KEY (`id_realestate_apartment`) REFERENCES `realestate_apartments` (`id`) ON DELETE CASCADE ON UPDATE CASCADE,
  ADD CONSTRAINT `pivot_realestate_apartments_reference_specific_facilities_ibfk_2` FOREIGN KEY (`id_reference_specific_facility`) REFERENCES `reference_specific_facilities` (`id`) ON DELETE CASCADE ON UPDATE CASCADE;

--
-- Constraints for table `pivot_realestate_apartments_reference_windows`
--
ALTER TABLE `pivot_realestate_apartments_reference_windows`
  ADD CONSTRAINT `pivot_realestate_apartments_reference_windows_ibfk_1` FOREIGN KEY (`id_realestate_apartment`) REFERENCES `realestate_apartments` (`id`) ON DELETE CASCADE ON UPDATE CASCADE,
  ADD CONSTRAINT `pivot_realestate_apartments_reference_windows_ibfk_2` FOREIGN KEY (`id_reference_window`) REFERENCES `reference_windows` (`id`) ON DELETE CASCADE ON UPDATE CASCADE;

--
-- Constraints for table `pivot_realestate_commercial_reference_additional_expenses`
--
ALTER TABLE `pivot_realestate_commercial_reference_additional_expenses`
  ADD CONSTRAINT `pivot_realestate_commercial_reference_additional_expenses_ibfk_1` FOREIGN KEY (`id_realestate_commercial`) REFERENCES `realestate_commercial` (`id`) ON DELETE CASCADE ON UPDATE CASCADE,
  ADD CONSTRAINT `pivot_realestate_commercial_reference_additional_expenses_ibfk_2` FOREIGN KEY (`id_reference_additional_expense`) REFERENCES `reference_additional_expenses` (`id`) ON DELETE CASCADE ON UPDATE CASCADE;

--
-- Constraints for table `pivot_realestate_commercial_reference_comminications`
--
ALTER TABLE `pivot_realestate_commercial_reference_comminications`
  ADD CONSTRAINT `pivot_realestate_commercial_reference_comminications_ibfk_1` FOREIGN KEY (`id_realestate_commercial`) REFERENCES `realestate_commercial` (`id`) ON DELETE CASCADE ON UPDATE CASCADE,
  ADD CONSTRAINT `pivot_realestate_commercial_reference_comminications_ibfk_2` FOREIGN KEY (`id_pivot_communication`) REFERENCES `pivot_reference_communications_reference_subcommunications` (`id`) ON DELETE CASCADE ON UPDATE CASCADE;

--
-- Constraints for table `pivot_realestate_commercial_reference_legal_documents_commercial`
--
ALTER TABLE `pivot_realestate_commercial_reference_legal_documents_commercial`
  ADD CONSTRAINT `pivot_realestate_ibfk_1` FOREIGN KEY (`id_realestate_commercial`) REFERENCES `realestate_commercial` (`id`) ON DELETE CASCADE ON UPDATE CASCADE,
  ADD CONSTRAINT `pivot_realestate_ibfk_2` FOREIGN KEY (`id_reference_legal_document_commercial`) REFERENCES `reference_legal_documents_commercial` (`id`) ON DELETE CASCADE ON UPDATE CASCADE;

--
-- Constraints for table `pivot_realestate_commercial_reference_profiles`
--
ALTER TABLE `pivot_realestate_commercial_reference_profiles`
  ADD CONSTRAINT `pivot_realestate_commercial_reference_profiles_ibfk_1` FOREIGN KEY (`id_commercial`) REFERENCES `realestate_commercial` (`id`) ON DELETE CASCADE ON UPDATE CASCADE,
  ADD CONSTRAINT `pivot_realestate_commercial_reference_profiles_ibfk_2` FOREIGN KEY (`id_pivot_profile`) REFERENCES `pivot_reference_profiles_reference_profile_classifications` (`id`) ON DELETE CASCADE ON UPDATE CASCADE;

--
-- Constraints for table `pivot_realestate_commercial_reference_specific_facilities`
--
ALTER TABLE `pivot_realestate_commercial_reference_specific_facilities`
  ADD CONSTRAINT `pivot_realestate_commercial_reference_specific_facilities_ibfk_1` FOREIGN KEY (`id_realestate_commercial`) REFERENCES `realestate_commercial` (`id`) ON DELETE CASCADE ON UPDATE CASCADE,
  ADD CONSTRAINT `pivot_realestate_commercial_reference_specific_facilities_ibfk_2` FOREIGN KEY (`id_reference_specific_commercial_facility`) REFERENCES `reference_specific_commercial_facilities` (`id`) ON DELETE CASCADE ON UPDATE CASCADE;

--
-- Constraints for table `pivot_realestate_commercial_reference_windows`
--
ALTER TABLE `pivot_realestate_commercial_reference_windows`
  ADD CONSTRAINT `pivot_realestate_commercial_reference_windows_ibfk_1` FOREIGN KEY (`id_realestate_commercial`) REFERENCES `realestate_commercial` (`id`) ON DELETE CASCADE ON UPDATE CASCADE,
  ADD CONSTRAINT `pivot_realestate_commercial_reference_windows_ibfk_2` FOREIGN KEY (`id_reference_window`) REFERENCES `reference_windows` (`id`) ON DELETE CASCADE ON UPDATE CASCADE;

--
-- Constraints for table `pivot_realestate_contracts`
--
ALTER TABLE `pivot_realestate_contracts`
  ADD CONSTRAINT `pivot_realestate_contracts_ibfk_1` FOREIGN KEY (`id_realestate`) REFERENCES `realestate` (`id`) ON DELETE CASCADE ON UPDATE CASCADE,
  ADD CONSTRAINT `pivot_realestate_contracts_ibfk_2` FOREIGN KEY (`id_contract`) REFERENCES `contracts` (`id`) ON DELETE CASCADE ON UPDATE CASCADE;

--
-- Constraints for table `pivot_realestate_households_reference_additional`
--
ALTER TABLE `pivot_realestate_households_reference_additional`
  ADD CONSTRAINT `pivot_realestate_households_reference_additional_ibfk_1` FOREIGN KEY (`id_realestate_household`) REFERENCES `realestate_households` (`id`) ON DELETE CASCADE ON UPDATE CASCADE,
  ADD CONSTRAINT `pivot_realestate_households_reference_additional_ibfk_2` FOREIGN KEY (`id_reference_additional_buildings`) REFERENCES `reference_additional_buildings` (`id`) ON DELETE CASCADE ON UPDATE CASCADE;

--
-- Constraints for table `pivot_realestate_households_reference_communications`
--
ALTER TABLE `pivot_realestate_households_reference_communications`
  ADD CONSTRAINT `pivot_realestate_households_reference_communications_ibfk_1` FOREIGN KEY (`id_realestate_household`) REFERENCES `realestate_households` (`id`) ON DELETE CASCADE ON UPDATE CASCADE,
  ADD CONSTRAINT `pivot_realestate_households_reference_communications_ibfk_2` FOREIGN KEY (`id_pivot_communication`) REFERENCES `pivot_reference_communications_reference_subcommunications` (`id`) ON DELETE CASCADE ON UPDATE CASCADE;

--
-- Constraints for table `pivot_realestate_households_reference_communications_mutual`
--
ALTER TABLE `pivot_realestate_households_reference_communications_mutual`
  ADD CONSTRAINT `pivot_communications_mutual_ibfk_2` FOREIGN KEY (`id_reference_communication`) REFERENCES `reference_communications` (`id`) ON DELETE CASCADE ON UPDATE CASCADE,
  ADD CONSTRAINT `pivot_realestate_households_reference_communications_mutual_ibfk_1` FOREIGN KEY (`id_realestate_household`) REFERENCES `realestate_households` (`id`) ON DELETE CASCADE ON UPDATE CASCADE;

--
-- Constraints for table `pivot_realestate_households_reference_engineer_systems`
--
ALTER TABLE `pivot_realestate_households_reference_engineer_systems`
  ADD CONSTRAINT `pivot_realestate_households_reference_engineer_systems_ibfk_1` FOREIGN KEY (`id_realestate_household`) REFERENCES `realestate_households` (`id`) ON DELETE CASCADE ON UPDATE CASCADE,
  ADD CONSTRAINT `pivot_realestate_households_reference_engineer_systems_ibfk_2` FOREIGN KEY (`id_reference_engineer_system`) REFERENCES `reference_engineer_systems` (`id`) ON DELETE CASCADE ON UPDATE CASCADE;

--
-- Constraints for table `pivot_realestate_households_reference_legal_documents_house`
--
ALTER TABLE `pivot_realestate_households_reference_legal_documents_house`
  ADD CONSTRAINT `pivot_ibfk_1` FOREIGN KEY (`id_realestate_household`) REFERENCES `realestate_households` (`id`) ON DELETE CASCADE ON UPDATE CASCADE,
  ADD CONSTRAINT `pivot_ibfk_2` FOREIGN KEY (`id_reference_legal_document`) REFERENCES `reference_legal_documents` (`id`) ON DELETE CASCADE ON UPDATE CASCADE;

--
-- Constraints for table `pivot_realestate_households_reference_legal_documents_lands`
--
ALTER TABLE `pivot_realestate_households_reference_legal_documents_lands`
  ADD CONSTRAINT `pivot1_ibfk_1` FOREIGN KEY (`id_realestate_household`) REFERENCES `realestate_households` (`id`) ON DELETE CASCADE ON UPDATE CASCADE,
  ADD CONSTRAINT `pivot2_ibfk_2` FOREIGN KEY (`id_reference_legal_document`) REFERENCES `reference_legal_documents` (`id`) ON DELETE CASCADE ON UPDATE CASCADE;

--
-- Constraints for table `pivot_realestate_households_reference_specific_facilities`
--
ALTER TABLE `pivot_realestate_households_reference_specific_facilities`
  ADD CONSTRAINT `pivot_realestate_households_reference_specific_facilities_ibfk_1` FOREIGN KEY (`id_realestate_household`) REFERENCES `realestate_households` (`id`) ON DELETE CASCADE ON UPDATE CASCADE,
  ADD CONSTRAINT `pivot_realestate_households_reference_specific_facilities_ibfk_2` FOREIGN KEY (`id_reference_specific_facility`) REFERENCES `reference_specific_facilities` (`id`) ON DELETE CASCADE ON UPDATE CASCADE;

--
-- Constraints for table `pivot_realestate_households_reference_windows`
--
ALTER TABLE `pivot_realestate_households_reference_windows`
  ADD CONSTRAINT `pivot_realestate_households_reference_windows_ibfk_1` FOREIGN KEY (`id_realestate_household`) REFERENCES `realestate_households` (`id`) ON DELETE CASCADE ON UPDATE CASCADE,
  ADD CONSTRAINT `pivot_realestate_households_reference_windows_ibfk_2` FOREIGN KEY (`id_reference_window`) REFERENCES `reference_windows` (`id`) ON DELETE CASCADE ON UPDATE CASCADE;

--
-- Constraints for table `pivot_realestate_lands_reference_communications`
--
ALTER TABLE `pivot_realestate_lands_reference_communications`
  ADD CONSTRAINT `pivot_realestate_lands_reference_communications_ibfk_1` FOREIGN KEY (`id_realestate_land`) REFERENCES `realestate_lands` (`id`) ON DELETE CASCADE ON UPDATE CASCADE,
  ADD CONSTRAINT `pivot_realestate_lands_reference_communications_ibfk_2` FOREIGN KEY (`id_pivot_communication`) REFERENCES `pivot_reference_communications_reference_subcommunications` (`id`) ON DELETE CASCADE ON UPDATE CASCADE;

--
-- Constraints for table `pivot_realestate_lands_reference_communications_mutual`
--
ALTER TABLE `pivot_realestate_lands_reference_communications_mutual`
  ADD CONSTRAINT `pivot_realestate_lands_reference_communications_mutual_ibfk_1` FOREIGN KEY (`id_realestate_land`) REFERENCES `realestate_lands` (`id`) ON DELETE CASCADE ON UPDATE CASCADE,
  ADD CONSTRAINT `pivot_realestate_lands_reference_communications_mutual_ibfk_2` FOREIGN KEY (`id_reference_communication`) REFERENCES `reference_communications` (`id`) ON DELETE CASCADE ON UPDATE CASCADE;

--
-- Constraints for table `pivot_realestate_lands_reference_legal_documents`
--
ALTER TABLE `pivot_realestate_lands_reference_legal_documents`
  ADD CONSTRAINT `pivot_realestate_lands_reference_legal_documents_ibfk_1` FOREIGN KEY (`id_realestate_land`) REFERENCES `realestate_lands` (`id`) ON DELETE CASCADE ON UPDATE CASCADE,
  ADD CONSTRAINT `pivot_realestate_lands_reference_legal_documents_ibfk_2` FOREIGN KEY (`id_reference_legal_document`) REFERENCES `reference_legal_documents` (`id`) ON DELETE CASCADE ON UPDATE CASCADE;

--
-- Constraints for table `pivot_realestate_rent_reference_elevators`
--
ALTER TABLE `pivot_realestate_rent_reference_elevators`
  ADD CONSTRAINT `pivot_realestate_rent_reference_elevators_ibfk_1` FOREIGN KEY (`id_realestate_rent`) REFERENCES `realestate_rent` (`id`) ON DELETE CASCADE ON UPDATE CASCADE,
  ADD CONSTRAINT `pivot_realestate_rent_reference_elevators_ibfk_2` FOREIGN KEY (`id_reference_elevator`) REFERENCES `reference_elevators` (`id`) ON DELETE CASCADE ON UPDATE CASCADE;

--
-- Constraints for table `pivot_realestate_rent_reference_specific_appliances`
--
ALTER TABLE `pivot_realestate_rent_reference_specific_appliances`
  ADD CONSTRAINT `pivot_realestate_rent_reference_specific_appliances_ibfk_1` FOREIGN KEY (`id_realestate_rent`) REFERENCES `realestate_rent` (`id`) ON DELETE CASCADE ON UPDATE CASCADE,
  ADD CONSTRAINT `pivot_realestate_rent_reference_specific_appliances_ibfk_2` FOREIGN KEY (`id_reference_specific_appliance`) REFERENCES `reference_specific_appliances` (`id`) ON DELETE CASCADE ON UPDATE CASCADE;

--
-- Constraints for table `pivot_realestate_rent_reference_specific_facilities`
--
ALTER TABLE `pivot_realestate_rent_reference_specific_facilities`
  ADD CONSTRAINT `pivot_realestate_rent_reference_specific_facilities_ibfk_1` FOREIGN KEY (`id_realestate_rent`) REFERENCES `realestate_rent` (`id`) ON DELETE CASCADE ON UPDATE CASCADE,
  ADD CONSTRAINT `pivot_realestate_rent_reference_specific_facilities_ibfk_2` FOREIGN KEY (`id_reference_specific_facility`) REFERENCES `reference_specific_facilities` (`id`) ON DELETE CASCADE ON UPDATE CASCADE;

--
-- Constraints for table `pivot_realestate_rent_reference_specific_furniture`
--
ALTER TABLE `pivot_realestate_rent_reference_specific_furniture`
  ADD CONSTRAINT `pivot_realestate_rent_reference_specific_furniture_ibfk_1` FOREIGN KEY (`id_realestate_rent`) REFERENCES `realestate_rent` (`id`) ON DELETE CASCADE ON UPDATE CASCADE,
  ADD CONSTRAINT `pivot_realestate_rent_reference_specific_furniture_ibfk_2` FOREIGN KEY (`id_reference_specific_furniture`) REFERENCES `reference_specific_furniture` (`id`) ON DELETE CASCADE ON UPDATE CASCADE;

--
-- Constraints for table `pivot_realestate_rent_reference_windows`
--
ALTER TABLE `pivot_realestate_rent_reference_windows`
  ADD CONSTRAINT `pivot_realestate_rent_reference_windows_ibfk_1` FOREIGN KEY (`id_realestate_rent`) REFERENCES `realestate_rent` (`id`) ON DELETE CASCADE ON UPDATE CASCADE,
  ADD CONSTRAINT `pivot_realestate_rent_reference_windows_ibfk_2` FOREIGN KEY (`id_reference_window`) REFERENCES `reference_windows` (`id`) ON DELETE CASCADE ON UPDATE CASCADE;

--
-- Constraints for table `pivot_reference_commercial_lands_reference_commercial_sublands`
--
ALTER TABLE `pivot_reference_commercial_lands_reference_commercial_sublands`
  ADD CONSTRAINT `pivot_reference_commercial_lands_reference_commercial_sublands_ibfk_1` FOREIGN KEY (`id_reference_commercial_subland`) REFERENCES `reference_commercial_sublands` (`id`) ON DELETE CASCADE ON UPDATE CASCADE,
  ADD CONSTRAINT `pivot_reference_sublands_ibfk_1` FOREIGN KEY (`id_reference_commercial_land`) REFERENCES `reference_commercial_lands` (`id`) ON DELETE CASCADE ON UPDATE CASCADE;

--
-- Constraints for table `pivot_reference_communications_reference_subcommunications`
--
ALTER TABLE `pivot_reference_communications_reference_subcommunications`
  ADD CONSTRAINT `pivot_reference_subcommunications_ibfk_1` FOREIGN KEY (`id_reference_communication`) REFERENCES `reference_communications` (`id`) ON DELETE CASCADE ON UPDATE CASCADE,
  ADD CONSTRAINT `pivot_reference_subcommunications_ibfk_2` FOREIGN KEY (`id_reference_subcommunication`) REFERENCES `reference_subcommunications` (`id`) ON DELETE CASCADE ON UPDATE CASCADE;

--
-- Constraints for table `pivot_reference_profiles_category_reference_profiles_subcategory`
--
ALTER TABLE `pivot_reference_profiles_category_reference_profiles_subcategory`
  ADD CONSTRAINT `pivot_profiles_subcategory_ibfk_1` FOREIGN KEY (`id_reference_profile_category`) REFERENCES `reference_profile_categories` (`id`) ON DELETE CASCADE ON UPDATE CASCADE,
  ADD CONSTRAINT `pivot_profiles_subcategory_ibfk_2` FOREIGN KEY (`id_reference_profile_subcategory`) REFERENCES `reference_profile_subcategories` (`id`) ON DELETE CASCADE ON UPDATE CASCADE;

--
-- Constraints for table `pivot_reference_profiles_reference_profile_classifications`
--
ALTER TABLE `pivot_reference_profiles_reference_profile_classifications`
  ADD CONSTRAINT `pivot_classifications_ibfk_1` FOREIGN KEY (`id_reference_profile`) REFERENCES `reference_profiles` (`id`) ON DELETE CASCADE ON UPDATE CASCADE,
  ADD CONSTRAINT `pivot_classifications_ibfk_2` FOREIGN KEY (`id_reference_profile_classification`) REFERENCES `reference_profile_classifications` (`id`) ON DELETE CASCADE ON UPDATE CASCADE;

--
-- Constraints for table `pivot_unofficial_districts_unofficial_subdistricts`
--
ALTER TABLE `pivot_unofficial_districts_unofficial_subdistricts`
  ADD CONSTRAINT `pivot_unofficial_districts_unofficial_subdistricts_ibfk_1` FOREIGN KEY (`id_reference_unofficial_district`) REFERENCES `reference_unofficial_districts` (`id`) ON DELETE CASCADE ON UPDATE CASCADE,
  ADD CONSTRAINT `pivot_unofficial_districts_unofficial_subdistricts_ibfk_2` FOREIGN KEY (`id_reference_unofficial_subdistrict`) REFERENCES `reference_unofficial_subdistricts` (`id`) ON DELETE CASCADE ON UPDATE CASCADE;

--
-- Constraints for table `posts`
--
ALTER TABLE `posts`
  ADD CONSTRAINT `posts_ibfk_1` FOREIGN KEY (`id_post_type`) REFERENCES `posts_types` (`id`) ON DELETE NO ACTION ON UPDATE CASCADE;

--
-- Constraints for table `posts_categories`
--
ALTER TABLE `posts_categories`
  ADD CONSTRAINT `posts_categories_ibfk_1` FOREIGN KEY (`id_post`) REFERENCES `posts` (`id`) ON DELETE CASCADE ON UPDATE CASCADE,
  ADD CONSTRAINT `posts_categories_ibfk_2` FOREIGN KEY (`id_category`) REFERENCES `category` (`id`) ON DELETE CASCADE ON UPDATE CASCADE;

--
-- Constraints for table `promotion`
--
ALTER TABLE `promotion`
  ADD CONSTRAINT `promotion_ibfk_1` FOREIGN KEY (`id_employee`) REFERENCES `employes` (`id`) ON DELETE NO ACTION ON UPDATE CASCADE;

--
-- Constraints for table `prorings`
--
ALTER TABLE `prorings`
  ADD CONSTRAINT `prorings_ibfk_1` FOREIGN KEY (`id_realestate`) REFERENCES `realestate` (`id`) ON DELETE NO ACTION ON UPDATE CASCADE,
  ADD CONSTRAINT `prorings_ibfk_2` FOREIGN KEY (`id_result`) REFERENCES `reference_results_prorings` (`id`) ON DELETE NO ACTION ON UPDATE CASCADE;

--
-- Constraints for table `publication_site_info`
--
ALTER TABLE `publication_site_info`
  ADD CONSTRAINT `publication_site_info_ibfk_1` FOREIGN KEY (`id_realestate`) REFERENCES `realestate` (`id`) ON DELETE NO ACTION ON UPDATE CASCADE;

--
-- Constraints for table `realestate`
--
ALTER TABLE `realestate`
  ADD CONSTRAINT `employee_assigned` FOREIGN KEY (`id_employee_assigned`) REFERENCES `employes` (`id`) ON DELETE SET NULL ON UPDATE CASCADE,
  ADD CONSTRAINT `employee_create` FOREIGN KEY (`id_employee_create`) REFERENCES `employes` (`id`) ON DELETE SET NULL ON UPDATE CASCADE,
  ADD CONSTRAINT `realestate_ibfk_1` FOREIGN KEY (`id_address`) REFERENCES `addresses` (`id`) ON DELETE SET NULL ON UPDATE CASCADE,
  ADD CONSTRAINT `source` FOREIGN KEY (`id_source`) REFERENCES `sources` (`id`) ON DELETE SET NULL ON UPDATE CASCADE,
  ADD CONSTRAINT `status_realestate` FOREIGN KEY (`id_status_realestate`) REFERENCES `reference_realestate_status` (`id`) ON DELETE SET NULL ON UPDATE CASCADE;

--
-- Constraints for table `realestate_agreement_cooperation`
--
ALTER TABLE `realestate_agreement_cooperation`
  ADD CONSTRAINT `realestate_agreement_cooperation_ibfk_1` FOREIGN KEY (`id_realestate`) REFERENCES `realestate` (`id`) ON DELETE NO ACTION ON UPDATE CASCADE,
  ADD CONSTRAINT `realestate_agreement_cooperation_ibfk_2` FOREIGN KEY (`id_agreement`) REFERENCES `agreement_cooperation` (`id`) ON DELETE NO ACTION ON UPDATE CASCADE;

--
-- Constraints for table `realestate_apartments`
--
ALTER TABLE `realestate_apartments`
  ADD CONSTRAINT `realestate_apartments_ibfk_1` FOREIGN KEY (`id_reference_type_apartment`) REFERENCES `reference_type_apartments` (`id`) ON DELETE SET NULL ON UPDATE CASCADE,
  ADD CONSTRAINT `realestate_apartments_ibfk_11` FOREIGN KEY (`id_reference_heating`) REFERENCES `reference_heating` (`id`) ON DELETE SET NULL ON UPDATE CASCADE,
  ADD CONSTRAINT `realestate_apartments_ibfk_12` FOREIGN KEY (`id_reference_comfort`) REFERENCES `reference_comforts` (`id`) ON DELETE SET NULL ON UPDATE CASCADE,
  ADD CONSTRAINT `realestate_apartments_ibfk_13` FOREIGN KEY (`id_reference_location`) REFERENCES `reference_locations` (`id`) ON DELETE SET NULL ON UPDATE CASCADE,
  ADD CONSTRAINT `realestate_apartments_ibfk_14` FOREIGN KEY (`id_reference_adjacency`) REFERENCES `reference_adjacency` (`id`) ON DELETE SET NULL ON UPDATE CASCADE,
  ADD CONSTRAINT `realestate_apartments_ibfk_15` FOREIGN KEY (`id_reference_decoration`) REFERENCES `reference_decoration` (`id`) ON DELETE SET NULL ON UPDATE CASCADE,
  ADD CONSTRAINT `realestate_apartments_ibfk_16` FOREIGN KEY (`id_reference_hot_water`) REFERENCES `reference_hot_water` (`id`) ON DELETE SET NULL ON UPDATE CASCADE,
  ADD CONSTRAINT `realestate_apartments_ibfk_2` FOREIGN KEY (`id_reference_wall_material`) REFERENCES `reference_wall_material_apartments` (`id`) ON DELETE SET NULL ON UPDATE CASCADE,
  ADD CONSTRAINT `realestate_apartments_ibfk_3` FOREIGN KEY (`id_reference_fund`) REFERENCES `reference_funds` (`id`) ON DELETE SET NULL ON UPDATE CASCADE,
  ADD CONSTRAINT `realestate_apartments_ibfk_4` FOREIGN KEY (`id_reference_state`) REFERENCES `reference_state` (`id`) ON DELETE SET NULL ON UPDATE CASCADE,
  ADD CONSTRAINT `realestate_apartments_ibfk_5` FOREIGN KEY (`id_reference_floors`) REFERENCES `reference_floors` (`id`) ON DELETE SET NULL ON UPDATE CASCADE,
  ADD CONSTRAINT `realestate_apartments_ibfk_6` FOREIGN KEY (`id_reference_window_material`) REFERENCES `reference_windows_material` (`id`) ON DELETE SET NULL ON UPDATE CASCADE,
  ADD CONSTRAINT `realestate_apartments_ibfk_7` FOREIGN KEY (`id_reference_loggia`) REFERENCES `reference_loggia` (`id`) ON DELETE SET NULL ON UPDATE CASCADE,
  ADD CONSTRAINT `realestate_apartments_ibfk_8` FOREIGN KEY (`id_reference_balcony`) REFERENCES `reference_balcony` (`id`) ON DELETE SET NULL ON UPDATE CASCADE,
  ADD CONSTRAINT `realestate_apartments_ibfk_9` FOREIGN KEY (`id_reference_bathroom`) REFERENCES `reference_bathroom` (`id`) ON DELETE SET NULL ON UPDATE CASCADE;

--
-- Constraints for table `realestate_archieve`
--
ALTER TABLE `realestate_archieve`
  ADD CONSTRAINT `realestate_archieve_ibfk_1` FOREIGN KEY (`id_employee`) REFERENCES `employes` (`id`) ON DELETE NO ACTION ON UPDATE CASCADE,
  ADD CONSTRAINT `realestate_archieve_ibfk_2` FOREIGN KEY (`id_realestate`) REFERENCES `realestate` (`id`) ON DELETE NO ACTION ON UPDATE CASCADE;

--
-- Constraints for table `realestate_commercial`
--
ALTER TABLE `realestate_commercial`
  ADD CONSTRAINT `realestate_commercial_ibfk_1` FOREIGN KEY (`id_pivot_profile`) REFERENCES `pivot_reference_profiles_reference_profile_classifications` (`id`) ON DELETE SET NULL ON UPDATE CASCADE,
  ADD CONSTRAINT `realestate_commercial_ibfk_10` FOREIGN KEY (`id_reference_rightholder`) REFERENCES `reference_rightholders` (`id`) ON DELETE SET NULL ON UPDATE CASCADE,
  ADD CONSTRAINT `realestate_commercial_ibfk_11` FOREIGN KEY (`id_reference_railroad_branch`) REFERENCES `reference_railroad_branches` (`id`) ON DELETE SET NULL ON UPDATE CASCADE,
  ADD CONSTRAINT `realestate_commercial_ibfk_12` FOREIGN KEY (`id_reference_location`) REFERENCES `reference_commercial_location` (`id`) ON DELETE SET NULL ON UPDATE CASCADE,
  ADD CONSTRAINT `realestate_commercial_ibfk_2` FOREIGN KEY (`id_pivot_profile_category`) REFERENCES `pivot_reference_profiles_category_reference_profiles_subcategory` (`id`) ON DELETE SET NULL ON UPDATE CASCADE,
  ADD CONSTRAINT `realestate_commercial_ibfk_3` FOREIGN KEY (`id_reference_decoration`) REFERENCES `reference_decoration` (`id`) ON DELETE SET NULL ON UPDATE CASCADE,
  ADD CONSTRAINT `realestate_commercial_ibfk_4` FOREIGN KEY (`id_reference_floor`) REFERENCES `reference_commercial_floors` (`id`) ON DELETE SET NULL ON UPDATE CASCADE,
  ADD CONSTRAINT `realestate_commercial_ibfk_6` FOREIGN KEY (`id_pivot_commercial_land`) REFERENCES `pivot_reference_commercial_lands_reference_commercial_sublands` (`id`) ON DELETE SET NULL ON UPDATE CASCADE,
  ADD CONSTRAINT `realestate_commercial_ibfk_7` FOREIGN KEY (`id_hoist`) REFERENCES `reference_hoists` (`id`) ON DELETE SET NULL ON UPDATE CASCADE,
  ADD CONSTRAINT `realestate_commercial_ibfk_8` FOREIGN KEY (`id_reference_business_center_class`) REFERENCES `reference_business_centeres_classes` (`id`) ON DELETE SET NULL ON UPDATE CASCADE,
  ADD CONSTRAINT `realestate_commercial_ibfk_9` FOREIGN KEY (`id_reference_window_type`) REFERENCES `reference_windows_types` (`id`) ON DELETE SET NULL ON UPDATE CASCADE;

--
-- Constraints for table `realestate_contacts`
--
ALTER TABLE `realestate_contacts`
  ADD CONSTRAINT `realestate_contacts_ibfk_1` FOREIGN KEY (`id_contacts`) REFERENCES `contacts` (`id`) ON DELETE CASCADE ON UPDATE CASCADE,
  ADD CONSTRAINT `realestate_contacts_ibfk_2` FOREIGN KEY (`id_realestate`) REFERENCES `realestate` (`id`) ON DELETE CASCADE ON UPDATE CASCADE;

--
-- Constraints for table `realestate_duplication`
--
ALTER TABLE `realestate_duplication`
  ADD CONSTRAINT `realestate_duplication_ibfk_1` FOREIGN KEY (`id_realestate`) REFERENCES `realestate` (`id`) ON DELETE NO ACTION ON UPDATE CASCADE,
  ADD CONSTRAINT `realestate_duplication_ibfk_2` FOREIGN KEY (`id_parent`) REFERENCES `realestate` (`id`) ON DELETE NO ACTION ON UPDATE CASCADE;

--
-- Constraints for table `realestate_history`
--
ALTER TABLE `realestate_history`
  ADD CONSTRAINT `realestate_history_ibfk_1` FOREIGN KEY (`id_employee`) REFERENCES `employes` (`id`) ON DELETE NO ACTION ON UPDATE CASCADE,
  ADD CONSTRAINT `realestate_history_ibfk_2` FOREIGN KEY (`id_realestate`) REFERENCES `realestate` (`id`) ON DELETE NO ACTION ON UPDATE CASCADE;

--
-- Constraints for table `realestate_households`
--
ALTER TABLE `realestate_households`
  ADD CONSTRAINT `realestate_households_ibfk_1` FOREIGN KEY (`id_reference_type_household`) REFERENCES `reference_type_households` (`id`) ON DELETE SET NULL ON UPDATE CASCADE,
  ADD CONSTRAINT `realestate_households_ibfk_10` FOREIGN KEY (`id_reference_bathroom`) REFERENCES `reference_bathroom` (`id`) ON DELETE SET NULL ON UPDATE CASCADE,
  ADD CONSTRAINT `realestate_households_ibfk_11` FOREIGN KEY (`id_reference_heating`) REFERENCES `reference_heating` (`id`) ON DELETE SET NULL ON UPDATE CASCADE,
  ADD CONSTRAINT `realestate_households_ibfk_12` FOREIGN KEY (`id_reference_hot_water`) REFERENCES `reference_hot_water` (`id`) ON DELETE SET NULL ON UPDATE CASCADE,
  ADD CONSTRAINT `realestate_households_ibfk_13` FOREIGN KEY (`id_reference_floor`) REFERENCES `reference_floors` (`id`) ON DELETE SET NULL ON UPDATE CASCADE,
  ADD CONSTRAINT `realestate_households_ibfk_14` FOREIGN KEY (`id_reference_pavement_land`) REFERENCES `reference_pavement_land` (`id`) ON DELETE SET NULL ON UPDATE CASCADE,
  ADD CONSTRAINT `realestate_households_ibfk_16` FOREIGN KEY (`id_reference_land_relief`) REFERENCES `reference_land_reliefs` (`id`) ON DELETE SET NULL ON UPDATE CASCADE,
  ADD CONSTRAINT `realestate_households_ibfk_17` FOREIGN KEY (`id_reference_beautification`) REFERENCES `reference_beautification` (`id`) ON DELETE SET NULL ON UPDATE CASCADE,
  ADD CONSTRAINT `realestate_households_ibfk_18` FOREIGN KEY (`id_reference_survey`) REFERENCES `reference_survey` (`id`) ON DELETE SET NULL ON UPDATE CASCADE,
  ADD CONSTRAINT `realestate_households_ibfk_19` FOREIGN KEY (`id_reference_output_to_water`) REFERENCES `reference_outputs_to_water` (`id`) ON DELETE SET NULL ON UPDATE CASCADE,
  ADD CONSTRAINT `realestate_households_ibfk_2` FOREIGN KEY (`id_reference_wall_material`) REFERENCES `reference_wall_material_households` (`id`) ON DELETE SET NULL ON UPDATE CASCADE,
  ADD CONSTRAINT `realestate_households_ibfk_20` FOREIGN KEY (`id_reference_household_location`) REFERENCES `reference_household_location` (`id`) ON DELETE SET NULL ON UPDATE CASCADE,
  ADD CONSTRAINT `realestate_households_ibfk_21` FOREIGN KEY (`id_reference_entry`) REFERENCES `reference_entries` (`id`) ON DELETE SET NULL ON UPDATE CASCADE,
  ADD CONSTRAINT `realestate_households_ibfk_22` FOREIGN KEY (`id_reference_house_type`) REFERENCES `reference_house_type` (`id`) ON DELETE SET NULL ON UPDATE CASCADE,
  ADD CONSTRAINT `realestate_households_ibfk_23` FOREIGN KEY (`id_reference_repair`) REFERENCES `reference_repairs` (`id`) ON DELETE SET NULL ON UPDATE CASCADE,
  ADD CONSTRAINT `realestate_households_ibfk_24` FOREIGN KEY (`id_reference_placement_land`) REFERENCES `reference_locations` (`id`) ON DELETE SET NULL ON UPDATE CASCADE,
  ADD CONSTRAINT `realestate_households_ibfk_25` FOREIGN KEY (`id_reference_state`) REFERENCES `reference_state_households` (`id`) ON DELETE SET NULL ON UPDATE CASCADE,
  ADD CONSTRAINT `realestate_households_ibfk_26` FOREIGN KEY (`id_reference_location`) REFERENCES `reference_locations` (`id`) ON DELETE SET NULL ON UPDATE CASCADE,
  ADD CONSTRAINT `realestate_households_ibfk_4` FOREIGN KEY (`id_reference_type_right`) REFERENCES `reference_type_rights` (`id`) ON DELETE SET NULL ON UPDATE CASCADE,
  ADD CONSTRAINT `realestate_households_ibfk_5` FOREIGN KEY (`id_reference_type_right_land`) REFERENCES `reference_type_rights_land` (`id`) ON DELETE SET NULL ON UPDATE CASCADE,
  ADD CONSTRAINT `realestate_households_ibfk_6` FOREIGN KEY (`id_reference_yard`) REFERENCES `reference_yard_households` (`id`) ON DELETE SET NULL ON UPDATE CASCADE,
  ADD CONSTRAINT `realestate_households_ibfk_7` FOREIGN KEY (`id_reference_roof`) REFERENCES `reference_roofs` (`id`) ON DELETE SET NULL ON UPDATE CASCADE,
  ADD CONSTRAINT `realestate_households_ibfk_9` FOREIGN KEY (`id_reference_comfort`) REFERENCES `reference_comforts` (`id`) ON DELETE SET NULL ON UPDATE CASCADE;

--
-- Constraints for table `realestate_lands`
--
ALTER TABLE `realestate_lands`
  ADD CONSTRAINT `realestate_lands_ibfk_1` FOREIGN KEY (`id_reference_type_land`) REFERENCES `reference_type_lands` (`id`) ON DELETE SET NULL ON UPDATE CASCADE,
  ADD CONSTRAINT `realestate_lands_ibfk_10` FOREIGN KEY (`id_reference_location`) REFERENCES `reference_locations` (`id`) ON DELETE SET NULL ON UPDATE CASCADE,
  ADD CONSTRAINT `realestate_lands_ibfk_2` FOREIGN KEY (`id_reference_type_right_land`) REFERENCES `reference_type_rights_land` (`id`) ON DELETE SET NULL ON UPDATE CASCADE,
  ADD CONSTRAINT `realestate_lands_ibfk_3` FOREIGN KEY (`id_reference_pavement_land`) REFERENCES `reference_pavement_land` (`id`) ON DELETE SET NULL ON UPDATE CASCADE,
  ADD CONSTRAINT `realestate_lands_ibfk_4` FOREIGN KEY (`id_reference_land_location`) REFERENCES `reference_land_locations` (`id`) ON DELETE SET NULL ON UPDATE CASCADE,
  ADD CONSTRAINT `realestate_lands_ibfk_5` FOREIGN KEY (`id_reference_land_relief`) REFERENCES `reference_land_reliefs` (`id`) ON DELETE SET NULL ON UPDATE CASCADE,
  ADD CONSTRAINT `realestate_lands_ibfk_6` FOREIGN KEY (`id_reference_survey`) REFERENCES `reference_survey` (`id`) ON DELETE SET NULL ON UPDATE CASCADE,
  ADD CONSTRAINT `realestate_lands_ibfk_7` FOREIGN KEY (`id_reference_land_form`) REFERENCES `reference_lands_forms` (`id`) ON DELETE SET NULL ON UPDATE CASCADE,
  ADD CONSTRAINT `realestate_lands_ibfk_8` FOREIGN KEY (`id_reference_output_to_water`) REFERENCES `reference_outputs_to_water` (`id`) ON DELETE SET NULL ON UPDATE CASCADE,
  ADD CONSTRAINT `realestate_lands_ibfk_9` FOREIGN KEY (`id_reference_width_road_entry`) REFERENCES `reference_width_road_entries` (`id`) ON DELETE SET NULL ON UPDATE CASCADE;

--
-- Constraints for table `realestate_price_history`
--
ALTER TABLE `realestate_price_history`
  ADD CONSTRAINT `realestate_price_history_ibfk_1` FOREIGN KEY (`id_realestate`) REFERENCES `realestate` (`id`) ON DELETE SET NULL ON UPDATE CASCADE,
  ADD CONSTRAINT `realestate_price_history_ibfk_2` FOREIGN KEY (`id_employee`) REFERENCES `employes` (`id`) ON DELETE SET NULL ON UPDATE CASCADE;

--
-- Constraints for table `realestate_rent`
--
ALTER TABLE `realestate_rent`
  ADD CONSTRAINT `realestate_rent_ibfk_1` FOREIGN KEY (`id_reference_type_apartment`) REFERENCES `reference_type_apartments` (`id`) ON DELETE SET NULL ON UPDATE CASCADE,
  ADD CONSTRAINT `realestate_rent_ibfk_10` FOREIGN KEY (`id_reference_balcony`) REFERENCES `reference_balcony` (`id`) ON DELETE SET NULL ON UPDATE CASCADE,
  ADD CONSTRAINT `realestate_rent_ibfk_11` FOREIGN KEY (`id_reference_loggia`) REFERENCES `reference_loggia` (`id`) ON DELETE SET NULL ON UPDATE CASCADE,
  ADD CONSTRAINT `realestate_rent_ibfk_12` FOREIGN KEY (`id_reference_yard`) REFERENCES `reference_yard_rent` (`id`) ON DELETE SET NULL ON UPDATE CASCADE,
  ADD CONSTRAINT `realestate_rent_ibfk_13` FOREIGN KEY (`id_reference_parking`) REFERENCES `reference_parkings` (`id`) ON DELETE SET NULL ON UPDATE CASCADE,
  ADD CONSTRAINT `realestate_rent_ibfk_14` FOREIGN KEY (`id_reference_entry`) REFERENCES `reference_entries` (`id`) ON DELETE SET NULL ON UPDATE CASCADE,
  ADD CONSTRAINT `realestate_rent_ibfk_15` FOREIGN KEY (`id_deadline`) REFERENCES `reference_deadlines` (`id`) ON DELETE SET NULL ON UPDATE CASCADE,
  ADD CONSTRAINT `realestate_rent_ibfk_16` FOREIGN KEY (`id_reference_repair`) REFERENCES `reference_repairs` (`id`) ON DELETE SET NULL ON UPDATE CASCADE,
  ADD CONSTRAINT `realestate_rent_ibfk_2` FOREIGN KEY (`id_reference_fund`) REFERENCES `reference_funds` (`id`) ON DELETE SET NULL ON UPDATE CASCADE,
  ADD CONSTRAINT `realestate_rent_ibfk_3` FOREIGN KEY (`id_reference_layout`) REFERENCES `reference_layouts` (`id`) ON DELETE SET NULL ON UPDATE CASCADE,
  ADD CONSTRAINT `realestate_rent_ibfk_4` FOREIGN KEY (`id_reference_adjacement`) REFERENCES `reference_adjacency` (`id`) ON DELETE SET NULL ON UPDATE CASCADE,
  ADD CONSTRAINT `realestate_rent_ibfk_5` FOREIGN KEY (`id_reference_state`) REFERENCES `reference_state` (`id`) ON DELETE SET NULL ON UPDATE CASCADE,
  ADD CONSTRAINT `realestate_rent_ibfk_6` FOREIGN KEY (`id_reference_furniture`) REFERENCES `reference_furniture` (`id`) ON DELETE SET NULL ON UPDATE CASCADE,
  ADD CONSTRAINT `realestate_rent_ibfk_7` FOREIGN KEY (`id_reference_appliance`) REFERENCES `reference_appliances` (`id`) ON DELETE SET NULL ON UPDATE CASCADE,
  ADD CONSTRAINT `realestate_rent_ibfk_8` FOREIGN KEY (`id_reference_comfort`) REFERENCES `reference_comforts` (`id`) ON DELETE SET NULL ON UPDATE CASCADE,
  ADD CONSTRAINT `realestate_rent_ibfk_9` FOREIGN KEY (`id_reference_bathroom`) REFERENCES `reference_bathroom` (`id`) ON DELETE SET NULL ON UPDATE CASCADE;

--
-- Constraints for table `removal_application`
--
ALTER TABLE `removal_application`
  ADD CONSTRAINT `removal_application_ibfk_1` FOREIGN KEY (`id_application`) REFERENCES `application` (`id`) ON DELETE NO ACTION ON UPDATE CASCADE,
  ADD CONSTRAINT `removal_application_ibfk_2` FOREIGN KEY (`id_employee`) REFERENCES `employes` (`id`) ON DELETE NO ACTION ON UPDATE CASCADE;

--
-- Constraints for table `removal_realestate`
--
ALTER TABLE `removal_realestate`
  ADD CONSTRAINT `removal_realestate_ibfk_1` FOREIGN KEY (`id_realestate`) REFERENCES `realestate` (`id`) ON DELETE NO ACTION ON UPDATE CASCADE;

--
-- Constraints for table `roles_offices`
--
ALTER TABLE `roles_offices`
  ADD CONSTRAINT `roles_offices_ibfk_1` FOREIGN KEY (`id_office`) REFERENCES `offices` (`id`) ON DELETE CASCADE ON UPDATE CASCADE,
  ADD CONSTRAINT `roles_offices_ibfk_2` FOREIGN KEY (`id_role`) REFERENCES `roles` (`id`);

--
-- Constraints for table `roles_permissions`
--
ALTER TABLE `roles_permissions`
  ADD CONSTRAINT `roles_permissions_ibfk_1` FOREIGN KEY (`id_role`) REFERENCES `roles` (`id`) ON DELETE CASCADE ON UPDATE CASCADE,
  ADD CONSTRAINT `roles_permissions_ibfk_2` FOREIGN KEY (`id_permission`) REFERENCES `permissions` (`id`) ON DELETE CASCADE ON UPDATE CASCADE;

--
-- Constraints for table `site_secondary_services`
--
ALTER TABLE `site_secondary_services`
  ADD CONSTRAINT `site_secondary_services_ibfk_1` FOREIGN KEY (`parent_id`) REFERENCES `site_services` (`id`) ON DELETE CASCADE ON UPDATE CASCADE;

--
-- Constraints for table `sources`
--
ALTER TABLE `sources`
  ADD CONSTRAINT `sources_ibfk_1` FOREIGN KEY (`id_source_type`) REFERENCES `reference_type_sources` (`id`) ON DELETE NO ACTION ON UPDATE CASCADE;

--
-- Constraints for table `tutorship`
--
ALTER TABLE `tutorship`
  ADD CONSTRAINT `tutorship_ibfk_1` FOREIGN KEY (`id_employee`) REFERENCES `employes` (`id`) ON DELETE NO ACTION ON UPDATE CASCADE;

--
-- Constraints for table `type_administrative_district`
--
ALTER TABLE `type_administrative_district`
  ADD CONSTRAINT `type_administrative_district_ibfk_1` FOREIGN KEY (`id_city`) REFERENCES `type_cities` (`id`) ON DELETE NO ACTION ON UPDATE CASCADE;

--
-- Constraints for table `type_district`
--
ALTER TABLE `type_district`
  ADD CONSTRAINT `type_district_ibfk_1` FOREIGN KEY (`id_city`) REFERENCES `type_cities` (`id`) ON DELETE NO ACTION ON UPDATE CASCADE;

--
-- Constraints for table `users_roles`
--
ALTER TABLE `users_roles`
  ADD CONSTRAINT `users_roles_ibfk_1` FOREIGN KEY (`id_role`) REFERENCES `roles` (`id`) ON DELETE CASCADE ON UPDATE CASCADE,
  ADD CONSTRAINT `users_roles_ibfk_2` FOREIGN KEY (`id_user`) REFERENCES `users` (`id`) ON DELETE CASCADE ON UPDATE CASCADE;

--
-- Constraints for table `vacation`
--
ALTER TABLE `vacation`
  ADD CONSTRAINT `vacation_ibfk_1` FOREIGN KEY (`id_type`) REFERENCES `vacation_types` (`id`) ON DELETE NO ACTION ON UPDATE CASCADE,
  ADD CONSTRAINT `vacation_ibfk_2` FOREIGN KEY (`id_employee`) REFERENCES `employes` (`id`) ON DELETE NO ACTION ON UPDATE CASCADE;
